Extension officer/Survey Assistant name,Date and Time,GPS,_GPS_latitude,_GPS_longitude,_GPS_altitude,_GPS_precision,District,Sub County,Village,Farmer Code,Farmer Name,Gender,Date of Birth,Age,Category,Marital Status,Do you have a smartphone,Contact 1,Contact 2,Next of Kin contact,What is your highest level of education,Are you currently (at this moment) engaged in income generating activities or are you without employment and without income?,"If yes, what type of employment","If yes, what type of employment /Wage","If yes, what type of employment /Self employment","If yes, what type of employment /Self emploment",Which of the following is your main source of income?,What is your average monthly income?,Household,Income,What is the gender of the household head?,What is the highest level of education attained by the household head?,"What is the size of your household, including all family members and dependants?",How many children are in this household?,Do all the children access education,What is the primary source of income for your household?,What is your household’s average monthly income?,Food security,How many meals does your household have averagely on a typical day?,"In the past 30 days, did you ever worry that your household would not have enough food because of a lack of money or lack of resources. Worrying about food availability.","In the past 30 days, did you or any household member skip meals due to lack of money or lack of resources? Food availability & access-Lack of money","In the past 30 days, did you or any member of your household go a whole day and night without eating due to lack of food? Severe food insecurity (Lack of food)",What type of fuel does your household primarily use for cooking?,What type of fuel does your household primarily use for cooking?/Gas,What type of fuel does your household primarily use for cooking?/Charcoal,What type of fuel does your household primarily use for cooking?/Firewood,How much does your Household spend on fuel per month (shs).,Would you be willing to invest money into accessing cleaner sources of energy for the households cooking needs.,How do you describe your level of productivity compared to other farmers in your area?,How do you describe the level of competitiveness of your products compared to other farmers in your area,Which markets are you currently able to access to sell your produce?,Which markets are you currently able to access to sell your produce? /Only local markets,Which markets are you currently able to access to sell your produce? /Local and national markets,Which markets are you currently able to access to sell your produce? /Local/national and regional markets,Which markets are you currently able to access to sell your produce? /No stable market access,"In the past two farming seasons, which of the following crops have you sold","In the past two farming seasons, which of the following crops have you sold/Coffee","In the past two farming seasons, which of the following crops have you sold/Cocoa","In the past two farming seasons, which of the following crops have you sold/Vanilla","In the past two farming seasons, which of the following crops have you sold/Jackfruit","In the past two farming seasons, which of the following crops have you sold/Cassava","In the past two farming seasons, which of the following crops have you sold/Avocado","In the past two farming seasons, which of the following crops have you sold/Beans","In the past two farming seasons, which of the following crops have you sold/Maize",How much did you earn in total per season,Season 2,Which of the following crops do you grow,Which of the following crops do you grow/Coffee,Which of the following crops do you grow/Cocoa,Which of the following crops do you grow/Vanilla,Which of the following crops do you grow/Jackfruit,Which of the following crops do you grow/Oysternut,Which of the following crops do you grow/Avocado,Which of the following crops do you grow/Cassava,Others specify,Group/How long have you been farming coffee,Group/How many trees of coffee do you have,Group/How many productive trees of coffee do you have,Group/What form of coffee do you sell,Group/What form of coffee do you sell/Fresh,Group/What form of coffee do you sell/Kiboko,Group/What form of coffee do you sell/Hulled,"Group/What form of coffee do you sell/Not selling yet, still young",Group/What are the three biggest challenges you face in growing coffee,Group/What are the three biggest challenges you face in growing coffee/Pests and diseases,Group/What are the three biggest challenges you face in growing coffee/Lack of access to quality inputs,Group/What are the three biggest challenges you face in growing coffee/Lack of access to market,Group/What are the three biggest challenges you face in growing coffee/Price fluctuations,Group/What are the three biggest challenges you face in growing coffee/Post harvest losses,Group/What are the three biggest challenges you face in growing coffee/Lack of labor,Group/What are the three biggest challenges you face in growing coffee/Lack of or access to knowledge and extension services,Group/How long have you been farming cocoa,How many trees of cocoa do you have,How many productive trees of cocoa do you have,What form of cocoa do you sell,What form of cocoa do you sell/Pods,What form of cocoa do you sell/Fresh,What form of cocoa do you sell/Dry fermented,What form of cocoa do you sell/Dry unfermented,"What form of cocoa do you sell/Not selling yet, still young",Group/What are the three biggest challenges you face in growing cocoa.,Group/What are the three biggest challenges you face in growing cocoa./Pest and diseases,Group/What are the three biggest challenges you face in growing cocoa./Lack of access to quality puts,Group/What are the three biggest challenges you face in growing cocoa./Lack of access to market,Group/What are the three biggest challenges you face in growing cocoa./Price fluctuations,Group/What are the three biggest challenges you face in growing cocoa./Post harvest losses,Group/What are the three biggest challenges you face in growing cocoa./Lack of labor,Group/What are the three biggest challenges you face in growing cocoa./Lack of or access to knowledge and extension services,Group/VANILLA,Group/How long have you been farming vanilla,Group/How many trees of vanilla do you have,Group/How many productive trees of vanilla do you have,Group/What form of vanilla do you sell,Group/What form of vanilla do you sell/Fresh,Group/What form of vanilla do you sell/Blanched,"Group/What form of vanilla do you sell/Not selling  yet, still young",Group/What are the three biggest challenges you face in growing vanilla.,Group/What are the three biggest challenges you face in growing vanilla./Pests and diseases,Group/What are the three biggest challenges you face in growing vanilla./Lack of access to quality puts,Group/What are the three biggest challenges you face in growing vanilla./Lack of access to market,Group/What are the three biggest challenges you face in growing vanilla./Price fluctuations,Group/What are the three biggest challenges you face in growing vanilla./Post harvest losses,Group/What are the three biggest challenges you face in growing vanilla./Lack of labor,Group/What are the three biggest challenges you face in growing vanilla./Lack of access to knowledge and extension services,Group/JACKFRUIT,Group/How long have you been farming jackfruit,Group/How many trees of jackfruit do you have,Group/How many productive trees of jackfruit do you have,Group/What form of jackfruit do you sell,Group/What form of jackfruit do you sell/Raw,Group/What form of jackfruit do you sell/Ripe,"Group/What form of jackfruit do you sell/Only consumed at home, not sold",Group/What are the three biggest challenges you face in growing jackfruit.,Group/What are the three biggest challenges you face in growing jackfruit./Pests and diseases,Group/What are the three biggest challenges you face in growing jackfruit./Lack of access to quality puts,Group/What are the three biggest challenges you face in growing jackfruit./Lack of access to market,Group/What are the three biggest challenges you face in growing jackfruit./Price fluctuations,Group/What are the three biggest challenges you face in growing jackfruit./Post harvest losses,Group/What are the three biggest challenges you face in growing jackfruit./Lack of labor,Group/What are the three biggest challenges you face in growing jackfruit./Lack of access to knowledge and extension services,Group/OYSTERNUT,Group/How long have you been farming Oysternut,Group/How many trees of Oysternut do you have,Group/How many productive trees of Oysternut do you have,Group/What form of Oysternut do you sell,Group/What form of Oysternut do you sell/Fresh nuts,Group/What form of Oysternut do you sell/Dry nuts,"Group/What form of Oysternut do you sell/Only consumed at home, not sold",Group/What are the three biggest challenges you face in growing Oysternut.,Group/What are the three biggest challenges you face in growing Oysternut./Pests and diseases,Group/What are the three biggest challenges you face in growing Oysternut./Lack of access to quality puts,Group/What are the three biggest challenges you face in growing Oysternut./Lack of access to market,Group/What are the three biggest challenges you face in growing Oysternut./Price fluctuations,Group/What are the three biggest challenges you face in growing Oysternut./Post harvest losses,Group/What are the three biggest challenges you face in growing Oysternut./Lack of labor,Group/What are the three biggest challenges you face in growing Oysternut./Lack of access to knowledge and extension services,Group/AVOCADO,Group/How long have you been farming avocado,Group/How many trees of avocado do you have,Group/ How many productive trees of avocado do you have,Group/What form of avocado do you sell,Group/What form of avocado do you sell/Raw,Group/What form of avocado do you sell/Ripe,"Group/What form of avocado do you sell/Only consumed at home, not sold",Group/What are the three biggest challenges you face in growing avocado.,Group/What are the three biggest challenges you face in growing avocado./Pests and diseases,Group/What are the three biggest challenges you face in growing avocado./Lack of access to quality puts,Group/What are the three biggest challenges you face in growing avocado./Lack of access to market,Group/What are the three biggest challenges you face in growing avocado./Price fluctuations,Group/What are the three biggest challenges you face in growing avocado./Post harvest losses,Group/What are the three biggest challenges you face in growing avocado./Lack of labor,Group/What are the three biggest challenges you face in growing avocado./Lack of access to knowledge and extension services,Group/CASSAVA,Group/How long have you been farming cassava,Group/How many trees of cassava do you have,Group/How many productive trees of cassava do you have,Group/What form of cassava do you sell,Group/What form of cassava do you sell/Fresh,Group/What form of cassava do you sell/Dried chips,Group/What form of cassava do you sell/Flour,"Group/What form of cassava do you sell/Only consumed at home, not sold",Group/What are the three biggest challenges you face in growing cassava,Group/What are the three biggest challenges you face in growing cassava/Pests and diseases,Group/What are the three biggest challenges you face in growing cassava/Lack of access to quality puts,Group/What are the three biggest challenges you face in growing cassava/Lack of access to market,Group/What are the three biggest challenges you face in growing cassava/Low prices,Group/What are the three biggest challenges you face in growing cassava/Price fluctuations,Group/What are the three biggest challenges you face in growing cassava/Post harvest losses,Group/What are the three biggest challenges you face in growing cassava/Lack of labor,Group/What are the three biggest challenges you face in growing cassava/Lack of access to knowledge and extension services,Group/BAMBOO,Group/Do you know / have you ever heard about bamboo,Group/EKiBBO Farming Services is implementing a project Co-funded by European Union through Enabel and Stitchting Doen to work with farmers in bamboo production as a farm boundary crop to increase and diversify farmer household income through bamboo agro-,Group/CERTIFICATION,Group/Does your farm have any permanent employees,"Group/If yes, how many.",Group/Have you been or are you part of any of the following farmer certification programs RFA (Rain Forest Alliance),Group/Have you been or are you part of any of the following farmer certification programs RFA (Rain Forest Alliance)/RFA,Group/Have you been or are you part of any of the following farmer certification programs RFA (Rain Forest Alliance)/Organic,Group/Have you been or are you part of any of the following farmer certification programs RFA (Rain Forest Alliance)/Fair Trade,Group/Have you been or are you part of any of the following farmer certification programs RFA (Rain Forest Alliance)/Global GAP,Group/Have you been or are you part of any of the following farmer certification programs RFA (Rain Forest Alliance)/None of the above,"Group/How do you manage weeds, pests and diseases in your garden","Group/How do you manage weeds, pests and diseases in your garden/Spraying with inorganic chemicals","Group/How do you manage weeds, pests and diseases in your garden/Using organic","Group/How do you manage weeds, pests and diseases in your garden/Use of integrated methods","Group/If “spraying with inorganic chemicals”, when did you last spray?",What methods do you use to maintain soil fertility?,What methods do you use to maintain soil fertility?/Purchase and apply organic fertilizers,What methods do you use to maintain soil fertility?/Purchase and apply inorganic fertilizer,What methods do you use to maintain soil fertility?/Apply Manure,What methods do you use to maintain soil fertility?/Mulch,What methods do you use to maintain soil fertility?/Crop rotation and intercropping with legumes,Where do you source your seeds/seedlings?,Where do you source your seeds/seedlings?/Fellow local farmers,Where do you source your seeds/seedlings?/Local agro-inputs shops,Where do you source your seeds/seedlings?/Local nursery beds,Where do you source your seeds/seedlings?/Licensed nursery beds,Where do you source your seeds/seedlings?/Government research institutions,Where do you source your seeds/seedlings?/Produce off taking company,Where do you source your seeds/seedlings?/Personal nursery,How do you dry your produce,How do you dry your produce/Tarpaulin,How do you dry your produce/Bare ground,How do you dry your produce/Solar dryer,How do you dry your produce/Raised platforms,How do you store your produce.,"How do you manage your farm and household waste including pesticide bottles, plastics and fertilizer packaging material.","How do you manage your farm and household waste including pesticide bottles, plastics and fertilizer packaging material./Burning","How do you manage your farm and household waste including pesticide bottles, plastics and fertilizer packaging material./Dump in a pit","How do you manage your farm and household waste including pesticide bottles, plastics and fertilizer packaging material./Temporarily stored and occasionally collected by local council","Group/How do you manage your farm and household waste including pesticide bottles, plastics and fertilizer packaging material./Dump at a heap around the farm","How do you manage your farm and household waste including pesticide bottles, plastics and fertilizer packaging material./Dumped in the open","From 2020, have you opened up land for coffee or cocoa cultivation",What existed on that land before?,"In the past 5 years, have you cut any trees on your farm.","If yes, how many",In the past 5 years have you planted any trees on your garden.,"If yes, how many2","Do you keep any farm records on farm practices including crop production, postharvest handling, financial records (budget, produce sales receipts etc)",How do you maintain records of your farming activities,How do you maintain records of your farming activities/Write in a book,Group/How do you maintain records of your farming activities/Store in the computer,Group/How do you maintain records of your farming activities/Option 4,Farm GPS,_Farm GPS_latitude,_Farm GPS_longitude,_Farm GPS_altitude,_Farm GPS_precision,Farm polygon,Thank you for sparing time and accepting to participate in this survey. One of our extension officers shall be contacting you soon for our farmer group formation and next activities,background-audio,_uuid,_status,_submitted_by,meta/rootUuid
Bukenya Denis Stanley,2025-10-02 12:39:00,0.2711993 32.9997089 1201.7 4.1,0.2711993,32.9997089,1201.7,4.1,Buikwe,Buikwe,Kikoma A,EKUB0991,Ojambo Peter,Male,1981-12-14 00:00:00,44,Adult,Married,Yes,700262606,,,UCE,I am engaged in income generating activities and have an individual income,Self employment ,0,1,0,Farming,,,,Male,UCE,5,3,Yes,Farming,200000,,3,No,No,No,Firewood,0,0,1,20000,,,,,,,,,"Maize, Cassava, Coffee",1,0,0,0,1,0,0,1,400000,200000,"Coffee, Jackfruit, Avocado, Cassava",1,0,0,1,0,1,1,,> 4 years,160,160,"Kiboko, Fresh",1,1,0,0,Pests and diseases Price fluctuations Lack of access to quality inputs Lack of or access to knowledge and extension services,1,1,0,1,0,0,1,,,,,,,,,,,,,,,,,,,,,,,,,,,,,,,,,,,>4 Years,10,10,Raw Ripe,1,1,0,"Lack of access to market Price fluctuations, Post harvest losses, Lack of access to knowledge and extension services",0,0,1,1,1,0,1,,,,,,,,,,,,,,,,,,>4 Years,10,10,Raw Ripe,1,1,0,0,1,0,1,1,1,0,0,,>4 Years,1000,1000,Fresh Dried chips,1,1,0,0,Pests and diseases Lack of access to market Low prices Price fluctuations Post harvest losses,1,0,1,1,1,1,0,0,,,Yes,,No,,None of the above,0,0,0,0,1,Use of integrated methods,0,0,1,,"Apply Manure, Purchase and apply organic fertilizers, Crop rotation and intercropping with legumes",1,0,1,0,1,"Fellow local farmers, Local agro-inputs shops, Government research institutions",1,1,0,0,1,0,0,Tarpaulin,1,0,0,0,Bag and keep on the floor in a store,Burning,1,0,0,0,0,,,Yes,10-50,Yes,20,Yes,Write in a book,1,0,0,,,,,,0.2712703 32.9997609 1203.9 1.962;0.271441 33.000064 0 0;0.2716657 32.9998595 1205.5 1.6;0.2716216 32.9996764 1207 1.7;0.2714484 32.9996699 1203.6000000000001 1.583;0.271373 32.9997693 1201.9 1.6;0.2712703 32.9997609 1203.9 1.962,,,297f04d4-ace4-4ba1-a403-463fc4cb2d5e,submitted_via_web,denis_1,uuid:58a79a65-60a0-4c8b-83dc-be75c8661f6b
Bukenya Denis Stanley,2025-10-02 14:01:00,0.2702504 33.0003734 1195.8000000000002 4.42,0.2702504,33.0003734,1195.8,4.42,Buikwe,Buikwe,Kikoma A,EKUB0992,Wabi Steven,Male,1953-01-01 00:00:00,73,Adult,Married,Yes,752399394,,,UCE,I am engaged in income generating activities and have an individual income,Self employment ,0,1,0,,,,,Male,UCE,3,1,Yes,Farming,1500000,,3,No,No,No,Firewood,0,0,1,,,,,,,,,,"Coffee, Cocoa",1,1,0,0,0,0,0,0,4000000,3000000,Coffee Cocoa,1,1,0,0,0,0,0,,> 4 years,2500,2500,Hulled,0,0,1,0,Lack of access to quality inputs Price fluctuations Lack of labor,0,1,0,1,0,1,0,>4 Years,1500,1000,Dry fermented,0,0,1,0,0,"Pest and diseases, Price fluctuation,  Lack of labor",1,0,0,1,0,1,0,,,,,,,,,,,,,,,,,,,,,,,,,,,,,,,,,,,,,,,,,,,,,,,,,,,,,,,,,,,,,,,,,,,,,,,,,,,,,,,,,,,,,No,,No,,None of the above,0,0,0,0,1,Use of integrated methods,0,0,1,,"Apply Manure, Purchase and apply organic fertilizers",1,0,1,0,0,"Personal nursery, Government research institutions, Local agro-inputs shops",0,1,0,0,1,0,1,Tarpaulin,1,0,0,0,Bag and keep on raised pallet,Burning,1,0,0,0,0,,,Yes,51-100,Yes,100,Yes,Write in a book,1,0,0,,,,,,0.2711513 33.0003479 1196.7 1.466;0.2717405 33.0002522 1207.7 1.62;0.2718179 33.0005725 1207.5 1.5;0.2711758 33.0006272 1207.5 1.54;0.2711513 33.0003479 1196.7 1.466,,,8ed2a1b0-4a71-4dbb-b315-88d3dd7b0f3c,submitted_via_web,denis_1,uuid:66c9f02e-fdbe-445d-8fbc-f9b56487ce46
Bukenya Denis Stanley,2025-10-02 14:49:00,0.2720986 33.0006778 1213.1000000000001 2.14,0.2720986,33.0006778,1213.1,2.14,Buikwe,Buikwe,Kikoma A,EKUB0993,Mwenyi Wilson,Male,1990-08-18 00:00:00,35,Youth,Married,Yes,751685720,,,UCE,I am engaged in income generating activities and have an individual income,Self employment ,0,1,0,,,,,Male,UCE,12,10,No,Farming,700000,,3,No,No,No,Firewood,0,0,1,,,,,,,,,,Coffee,1,0,0,0,0,0,0,0,450000,350000,"Coffee, Cassava",1,0,0,0,0,0,1,,> 4 years,700,400,"Fresh, Kiboko",1,1,0,0,"Pests and diseases, Lack of access to quality inputs, Price fluctuations, Lack of or access to knowledge and extension services",1,1,0,1,0,0,1,,,,,,,,,,,,,,,,,,,,,,,,,,,,,,,,,,,,,,,,,,,,,,,,,,,,,,,,,,,,,,,,,,,,,,,,,,,,,,,,,,,>4 Years,120,120,Fresh,1,0,0,0,Pests and diseases Price fluctuations Lack of access to knowledge and extension services,1,0,0,0,1,0,0,1,,,Yes,,No,,None of the above,0,0,0,0,1,Use of integrated methods,0,0,1,,"Crop rotation and intercropping with legumes, Purchase and apply organic fertilizers",1,0,0,0,1,"Fellow local farmers, Local nursery beds, Local agro-inputs shops, Government research institutions",1,1,1,0,1,0,0,Tarpaulin,1,0,0,0,Bag and keep on the floor in a store,Burning,1,0,0,0,0,,,Yes,51-100,Yes,75,Yes,Write in a book,1,0,0,,,,,,0.2721017 33.000675 1212.9 1239.702;0.2719053 33.0010948 1208.7 1.733;0.2714962 33.0011289 1204.6000000000001 1.76;0.2715689 33.0006445 1204.3000000000002 1.616;0.2721017 33.000675 1212.9 1239.702,,,7077d7b3-8ddd-4380-8d87-a32673245799,submitted_via_web,denis_1,uuid:d242d1fb-3baf-490f-8268-fe494812598c
Bukenya Denis Stanley,2025-10-02 15:38:00,0.2728951 32.9993687 1194.5 4.49,0.2728951,32.9993687,1194.5,4.49,Buikwe,Buikwe,Kikoma A,EKUB0994,Batuma Patrick,Male,1974-09-12 00:00:00,51,Adult,Divorced,No,755124974,,,PLE,I am engaged in income generating activities and have an individual income,Self employment ,0,1,0,,,,,Male,PLE,5,3,Yes,Farming,450000,,3,No,No,No,Firewood,0,0,1,,,,,,,,,,"Coffee, Cassava, Maize",1,0,0,0,1,0,0,1,650000,500000,Coffee,1,0,0,0,0,0,0,,> 4 years,100,100,"Kiboko, Hulled",0,1,1,0,Price fluctuations Lack of or access to knowledge and extension services,0,0,0,1,0,0,1,,,,,,,,,,,,,,,,,,,,,,,,,,,,,,,,,,,,,,,,,,,,,,,,,,,,,,,,,,,,,,,,,,,,,,,,,,,,,,,,,,,,,,,,,,,,,,,,,,,,,,Yes,,No,,None of the above,0,0,0,0,1,Use of integrated methods,0,0,1,,"Purchase and apply organic fertilizers, Crop rotation and intercropping with legumes, Apply Manure ",1,0,1,0,1,"Fellow local farmers, Local agro-inputs shops, Local nursery beds",1,1,1,0,0,0,0,Tarpaulin,1,0,0,0,Bag and keep on the floor in a store,Burning Dump in a pit,1,1,0,0,0,,,Yes,10-50,Yes,45,No,,,,,,,,,,0.2731233 32.9995133 1190.4 9.7;0.27308 32.999395 0 0;0.2731108 32.9991213 1204 1.68;0.2729409 32.9991183 1199.2 1.8;0.2729298 32.9993167 1199.5 1.716;0.2731233 32.9995133 1190.4 9.7,,,05c4958e-87ee-4f84-b987-eaa041f8532e,submitted_via_web,denis_1,uuid:a7f2d9df-54bd-4fd7-bfa0-7b9b5ee9989a
Bukenya Denis Stanley,2025-10-02 16:11:00,0.2738933 32.9998865 1243.6000000000001 4.86,0.2738933,32.9998865,1243.6,4.86,Buikwe,Buikwe,Kikoma A,EKUB0995,Kato Derrick,Male,2000-07-19 00:00:00,26,Youth,Single,Yes,757264026,,,PLE,I am engaged in income generating activities and have an individual income,Self employment ,0,1,0,,,,,Male,PLE,2,0,,Farming,400000,,3,No,No,No,Firewood,0,0,1,,,,,,,,,,"Coffee, Cocoa Vanilla",1,1,1,0,0,0,0,0,1200000,800000,Coffee Cocoa Vanilla,1,1,1,0,0,0,0,,1- 4 years,500,500,"Kiboko, Hulled",0,1,1,0,Pests and diseases Lack of access to quality inputs Price fluctuations,1,1,0,1,0,0,0,1 - 4 Years,180,180,,,,,,,"Pest and diseases, Lack of access to quality puts",1,1,0,0,0,0,0,,1 - 4 years,180,180,Fresh,1,0,0,"Pests and diseases, Lack of access to quality puts",1,1,0,0,0,0,0,,,,,,,,,,,,,,,,,,,,,,,,,,,,,,,,,,,,,,,,,,,,,,,,,,,,,,,,,,,,,,,,,,,,,Yes,,No,,None of the above,0,0,0,0,1,Use of integrated methods,0,0,1,,"Apply Manure, Purchase and apply inorganic fertilizer",0,1,1,0,0,"Fellow local farmers, Local nursery beds, Local agro-inputs shops",1,1,1,0,0,0,0,Tarpaulin,1,0,0,0,Bag and keep on the floor in a store,Burning Dump in a pit,1,1,0,0,0,,,Yes,10-50,Yes,23,No,,,,,,,,,,0.2716167 33.0057683 1190.8000000000002 2.86; 0.271495 33.0058783 1188.8000000000002 1.683; 0.271342 33.005802 1188.5 1.7; 0.2714737 33.0056753 1191.6000000000001 1.98; 0.2716167 33.0057683 1190.8000000000002 2.86,,,cd2027b5-0c40-4fe2-b34b-4daba87f301d,submitted_via_web,denis_1,uuid:cd2027b5-0c40-4fe2-b34b-4daba87f301d
Were Kenneth Elly,2025-10-02 13:01:00,0.2715919 33.0036575 1159.8000000000002 4.72,0.2715919,33.0036575,1159.8,4.72,Buikwe,Buikwe,Kimoma A,EKUB0996,Luminsa Henry,Male,1987-07-24 00:00:00,38,Adult,Married,No,742141085,,,PLE,I am engaged in income generating activities and have an individual income,Self employment ,0,1,0,,,,,Male,PLE,7,5,No,Business,200000,,3,No,No,No,Firewood,0,0,1,,,,,,,,,,"Maize Coffee, Cocoa Vanilla",1,1,1,0,0,0,0,1,3600000,800000,Coffee Cocoa Vanilla,1,1,1,0,0,0,0,,> 4 years,1000,1000,"Hulled, Kiboko",0,1,1,0,Pests and diseases Price fluctuations Lack of or access to knowledge and extension services,1,0,0,1,0,0,1,<1 Year,60,0,,,,,,,"Pest and diseases, Lack of or access to knowledge and extension services, Lack of access to quality puts",1,1,0,0,0,0,1,,>4 years,150,150,Fresh,1,0,0,"Pests and diseases, Lack of access to knowledge and extension services,  Price fluctuations",1,0,0,1,0,0,1,,,,,,,,,,,,,,,,,,,,,,,,,,,,,,,,,,,,,,,,,,,,,,,,,,,,,,,,,,,,,,,,,,,,,Yes,,No,,None of the above,0,0,0,0,1,Spraying with inorganic chemicals Use of integrated methods,1,0,1,<6 months ,Mulch Apply Manure ,0,0,1,1,0,"Personal nursery, Local nursery beds, Licensed nursery beds, Fellow local farmers",1,0,1,1,0,0,1,Tarpaulin,1,0,0,0,Bag and keep on raised pallet,Burning,1,0,0,0,0,,,Yes,10-50,Yes,120,No,,,,,,,,,,0.271412 33.00367 0 0;0.271589 33.003863 0 0;0.271755 33.003772 0 0;0.271793 33.003643 0 0;0.2716943 33.0034912 1185.8000000000002 4.013;0.271642 33.003429 0 0;0.271538 33.003492 0 0;0.271637 33.003622 0 0;0.271562 33.003718 0 0;0.271455 33.003622 0 0;0.271412 33.00367 0 0,,,9f7b9ea2-8c59-484c-aa10-80c81319e284,submitted_via_web,kenneth1elly,uuid:44623de6-85f1-40c2-a8ba-0cf3c64a295a
Were Kenneth Elly,2025-10-02 13:55:00,0.2728309 32.9989992 1166.9 4.24,0.2728309,32.9989992,1166.9,4.24,Buikwe,Buikwe,Kimoma A,EKUB0997,Mayombwe Fred,Male,1970-08-08 00:00:00,55,Adult,Married,No,746630290,,,UCE,I am without employment and do not have an individual income,Self employment ,0,1,0,,,,,Male,UCE,9,7,Yes,Farming,150000,,2,No,No,No,Firewood,0,0,1,,,,,,,,,,"Coffee, Cassava, Beans, Maize",1,0,0,0,1,0,1,1,500000,500000,"Coffee, Cassava",1,0,0,0,0,0,1,,> 4 years,1200,1200,Hulled,0,0,1,0,Pests and diseases Lack of access to quality inputs Post harvest losses Price fluctuations,1,1,0,1,1,0,0,,,,,,,,,,,,,,,,,,,,,,,,,,,,,,,,,,,,,,,,,,,,,,,,,,,,,,,,,,,,,,,,,,,,,,,,,,,,,,,,,,,>4 Years,500,500,Dried chips,0,1,0,0,Low prices Post harvest losses Pests and diseases,1,0,0,1,0,1,0,0,,,Yes,,No,,None of the above,0,0,0,0,1,Spraying with inorganic chemicals Use of integrated methods,1,0,1,<6 months ,Purchase and apply inorganic fertilizer,0,1,0,0,0,"Licensed nursery beds, Government research institutions",0,0,0,1,1,0,0,Tarpaulin,1,0,0,0,Bag and keep on raised pallet,Burning,1,0,0,0,0,,,No,,Yes,40,No,,,,,,,,,,0.2731449 32.9990352 0 0;0.2731449 32.9990352 0 0;0.2731449 32.9990352 0 0;0.272458 32.998933 0 0;0.2727753 32.997795 0 0;0.273106 32.9977494 0 0;0.2731449 32.9990352 0 0,,,e4766797-e809-410d-9e63-ed13a5b2b149,submitted_via_web,kenneth1elly,uuid:95e8e2a6-7162-48cc-866a-588c415c23c5
Were Kenneth Elly,2025-10-02 15:52:00,0.2715267 32.9989867 1178.3000000000002 4.5,0.2715267,32.9989867,1178.3,4.5,Buikwe,Buikwe,Kimoma A,EKUB0998,Kasise Juma,Male,1969-11-07 00:00:00,56,Adult,Married,No,777815067,754874288,,PLE,I am engaged in income generating activities and have an individual income,Self employment ,0,1,0,,,,,Male,PLE,12,10,No,Farming,200000,,3,No,No,No,Firewood,0,0,1,,,,,,,,,,"Maize, Beans, Avocado, Cassava, Coffee",1,0,0,0,1,1,1,1,1000000,1000000,Coffee Cocoa Avocado Cassava,1,1,0,0,0,1,1,,> 4 years,250,80,Kiboko,0,1,0,0,"Pests and diseases, Lack of access to quality inputs, Price fluctuations, Lack of or access to knowledge and extension services",1,1,0,1,0,0,1,<1 Year,50,0,,,,,,,"Lack of access to quality puts, Lack of or access to knowledge and extension services",0,1,0,0,0,0,1,,,,,,,,,,,,,,,,,,,,,,,,,,,,,,,,,,,,,,,,,,,,,,,,,,>4 Years,10,2,Raw,1,0,0,"Pests and diseases, Lack of access to market, Price fluctuations",1,0,1,1,0,0,0,,,,,,,,,,,,,,,,,,,,,Yes,,No,,None of the above,0,0,0,0,1,Use of integrated methods Spraying with inorganic chemicals,1,0,1,<6 months ,"Apply Manure, Purchase and apply inorganic fertilizer",0,1,1,0,0,"Fellow local farmers,  Licensed nursery beds",1,0,0,1,0,0,0,Tarpaulin,1,0,0,0,Bag and keep on the floor in a store,Dump at a heap around the farm,0,0,0,1,0,,,Yes,<10,Yes,20,Yes,Write in a book,1,0,0,,,,,,0.2714874 32.9989434 1188.7 3.164;0.2713789 32.9996503 1182.6000000000001 3.119;0.2719815 32.9994962 1190.4 3.057;0.2719793 32.9994698 1189.6000000000001 3.283;0.2719976 32.9992114 1183.1000000000001 3.324;0.2715665 32.9987459 1185.3000000000002 3.568;0.2715236 32.9987817 1186.3000000000002 3.474;0.2715076 32.998951 1185.6000000000001 3.733;0.2714874 32.9989434 1188.7 3.164,,,1f2d8da2-5dda-4827-834a-9042817706a2,submitted_via_web,kenneth1elly,uuid:1f2d8da2-5dda-4827-834a-9042817706a2
Were Kenneth Elly,2025-10-02 16:28:00,0.271485 32.9989517 1192.2 3.5,0.271485,32.9989517,1192.2,3.5,Buikwe,Buikwe,Kimoma A,EKUB0999,Kasinda Eriya,Male,1979-01-23 00:00:00,47,Adult,Married,No,740385533,750864283,,PLE,I am engaged in income generating activities and have an individual income,Self employment ,0,1,0,,,,,Male,PLE,5,4,Yes,Business,100000,,2,No,No,No,Firewood,0,0,1,,,,,,,,,,"Maize, Coffee",1,0,0,0,0,0,0,1,1000000,500000,Coffee,1,0,0,0,0,0,0,,> 4 years,300,300,Hulled,0,0,1,0,"Pests and diseases, Lack of access to quality inputs, Price fluctuations, Lack of or access to knowledge and extension services",1,1,0,1,0,0,1,,,,,,,,,,,,,,,,,,,,,,,,,,,,,,,,,,,,,,,,,,,,,,,,,,,,,,,,,,,,,,,,,,,,,,,,,,,,,,,,,,,,,,,,,,,,,,,,,,,,,,Yes,,No,,None of the above,0,0,0,0,1,Spraying with inorganic chemicals Use of integrated methods,1,0,1,<6 months ,"Purchase and apply inorganic fertilizer, Apply Manure , Crop rotation and intercropping with legumes",0,1,1,0,1,"Local nursery beds, Government research institutions",0,0,1,0,1,0,0,Tarpaulin,1,0,0,0,Bag and keep on raised pallet,Burning,1,0,0,0,0,,,No,,Yes,3,No,,,,,,,,,,0.271262 32.998853 0 0;0.2713764 32.9987632 1185.8000000000002 3.235;0.270763 32.99859 0 0;0.2704624 32.9989567 1181.5 3.736;0.2708197 32.9991004 1184.4 3.634;0.2709298 32.9990038 1185.4 3.63;0.271143 32.999057 0 0;0.271262 32.998853 0 0,,,a924269c-fa31-499b-b233-46801fcae1ac,submitted_via_web,kenneth1elly,uuid:c571a033-d79f-4b58-8991-5029d625b191
Ngabirano Deus,2025-10-02 17:35:00,0.2785064 33.0034543 1214.0 4.233,0.2785064,33.0034543,1214,4.233,Buikwe,Buikwe,Kikoma B,EKUB1000,Kawuka Rashid,Male,1986-08-07 00:00:00,39,Adult,Married,No,755709156,785758119,,PLE,I am without employment and do not have an individual income,,,,,,,,,Male,PLE,10,8,Yes,Farming,100000,,2,No,No,No,Firewood,0,0,1,,,,,,,,,,Coffee,1,0,0,0,0,0,0,0,150000,200000,Coffee,1,0,0,0,0,0,0,,> 4 years,,,,,,,,,,,,,,,,,,,,,,,,,,,,,,,,,,,,,,,,,,,,,,,,,,,,,,,,,,,,,,,,,,,,,,,,,,,,,,,,,,,,,,,,,,,,,,,,,,,,,,,,,,,,,,,,,,,,,Yes,,No,,None of the above,0,0,0,0,1,Spraying with inorganic chemicals,1,0,0,<6 months ,Apply Manure  Mulch,0,0,1,1,0,"Fellow local farmers, Local agro-inputs shops",1,1,0,0,0,0,0,Tarpaulin,1,0,0,0,Keep on the floor,Burning,1,0,0,0,0,,,No,,Yes,7,No,,,,,,,,,,0.2783642 33.0036071 1211.6 1.854; 0.2783455 33.0037944 1201.5 1.71; 0.2784045 33.004011 1202.1 1.768; 0.2782915 33.004153 1198.2 1.601; 0.2781369 33.0042004 1205.0 1.376; 0.2778954 33.0036628 1205.4 6.3; 0.277979 33.0036797 1205.6 1.474; 0.2779967 33.0036883 1206.2 4.407; 0.2780083 33.0036717 1206.3 4.623; 0.2780083 33.0036717 1206.3 5.262; 0.27807 33.0036732 1209.7 1.45; 0.2783642 33.0036071 1211.6 1.854,,,9fef6b0c-201e-42ad-8fb9-b12e9acbba01,submitted_via_web,deus_1,uuid:9fef6b0c-201e-42ad-8fb9-b12e9acbba01
Ngabirano Deus,2025-10-02 15:31:00,0.2851191 33.0043033 1247.3 5.633,0.2851191,33.0043033,1247.3,5.633,Buikwe,Buikwe,Kikoma B,EKUB1001,Nakaddu Olivia,Female,1986-03-13 00:00:00,40,Adult,Married,No,706224783,,,PLE,I am without employment and do not have an individual income,,,,,,,,,Male,Junior,7,5,No,Farming,,,3,No,No,No,Firewood,0,0,1,,,,,,,,,,Coffee,1,0,0,0,0,0,0,0,70000,130000,Coffee,1,0,0,0,0,0,0,,> 4 years,,,,,,,,,,,,,,,,,,,,,,,,,,,,,,,,,,,,,,,,,,,,,,,,,,,,,,,,,,,,,,,,,,,,,,,,,,,,,,,,,,,,,,,,,,,,,,,,,,,,,,,,,,,,,,,,,,,,,Yes,,No,,None of the above,0,0,0,0,1,Spraying with inorganic chemicals,1,0,0,<6 months ,Apply Manure  Mulch,0,0,1,1,0,"Fellow local farmers, Local agro-inputs shops",1,1,0,0,0,0,0,Tarpaulin,1,0,0,0,Keep on the floor,Burning,1,0,0,0,0,,,Yes,<10,Yes,10,No,,,,,,,,,,0.2850013 33.004223 1220.8 1.616;0.2847835 33.0043674 1223.5 1.735;0.2845963 33.0042607 1221.6 1.686;0.2845761 33.0041484 1225 1.692;0.2847422 33.0041017 1223.9 3.747;0.2850013 33.004223 1220.8 1.616,,,05eeac3c-ab69-4d38-9ba8-0ada888771e9,submitted_via_web,deus_1,uuid:668bd026-9cdd-4b9b-ad2b-7f075f1c981c
Ngabirano Deus,2025-10-02 15:00:00,0.2849724 33.0049465 1219.4 4.346,0.2849724,33.0049465,1219.4,4.346,Buikwe,Buikwe,Kikoma B,EKUB1002,Mukanyandwi Mariam,Female,1980-08-08 00:00:00,45,Adult,Married,Yes,700470371,,,PLE,I am without employment and do not have an individual income,,,,,,,,,Male,PLE,8,5,Yes,Farming,200000,,3,No,No,No,Firewood,0,0,1,,,,,,,,,,,,,,,,,,,,,,,,,,,,,,,,,,,,,,,,,,,,,,,,,,,,,,,,,,,,,,,,,,,,,,,,,,,,,,,,,,,,,,,,,,,,,,,,,,,,,,,,,,,,,,,,,,,,,,,,,,,,,,,,,,,,,,,,,,,,,,,,,,,Yes,,No,,None of the above,0,0,0,0,1,Spraying with inorganic chemicals,1,0,0,<6 months ,Mulch,0,0,0,1,0,Fellow local farmers,1,0,0,0,0,0,0,,,,,,Keep on the floor,Burning Dump at a heap around the farm,1,0,0,1,0,,,No,,Yes,5,No,,,,,,,,,,0.2851393 33.0051822 1206 4.648;0.2852129 33.0050988 1200.3 5.452;0.2852217 33.005055 1198.2 1.583;0.2852566 33.004984 1196.8 1.705;0.2851393 33.0051822 1206 4.648,,,f81cc56b-c9b5-467a-bbe2-6927d7483d44,submitted_via_web,deus_1,uuid:5c8fde58-5094-4040-8939-81256cfa5399
Ngabirano Deus,2025-10-02 14:02:00,0.2764913 33.0101216 1218.1 4.35,0.2764913,33.0101216,1218.1,4.35,Buikwe,Buikwe,Kikoma B,EKUB1003,Ssemwanga Tadeo,Male,1974-11-30 00:00:00,51,Adult,Married,No,754686019,773163177,,PLE,I am without employment and do not have an individual income,,,,,,,,,Male,PLE,14,10,No,Farming,250000,,3,No,No,No,Firewood,0,0,1,,,,,,,,,,Coffee,1,0,0,0,0,0,0,0,300000,150000,,,,,,,,,,,,,,,,,,,,,,,,,,,,,,,,,,,,,,,,,,,,,,,,,,,,,,,,,,,,,,,,,,,,,,,,,,,,,,,,,,,,,,,,,,,,,,,,,,,,,,,,,,,,,,,,,,,,,,,,,,,,,,,Yes,,No,,None of the above,0,0,0,0,1,Spraying with inorganic chemicals,1,0,0,<6 months ,Apply Manure  Mulch,0,0,1,1,0,"Fellow local farmers, Government research institutions",1,0,0,0,1,0,0,Raised platforms,0,0,0,1,Keep on the floor,Dump at a heap around the farm Burning,1,0,0,1,0,,,No,,Yes,4,No,,,,,,,,,,0.2762785 33.0097497 1219.4 3.133;0.2762155 33.0098821 1224.1 1.484;0.2760867 33.0100481 1218.4 1.535;0.2759744 33.0101621 1219.6 1.506;0.2758745 33.0103306 1220.8 1.536;0.2757868 33.0104818 1217.4 1.347;0.2757302 33.010569 1215.6 1.329;0.2756344 33.0107215 1216 1.391;0.2756081 33.010834 1213 1.414;0.2762917 33.0108145 1216.3 4.115;0.2763723 33.0106529 1216.1 1.489;0.2764059 33.0105045 1217.4 1.334;0.2763476 33.0103932 1221.8 1.504;0.2762785 33.0097497 1219.4 3.133,,,604085c6-df49-4915-be51-4274db94cbd1,submitted_via_web,deus_1,uuid:d146a0b4-389d-404a-b82c-2c7e3e41b8e0
Namususwa Harriet,2025-10-02 13:47:00,0.28569 33.0032792 1196.0 5.0,0.28569,33.0032792,1196,5,Buikwe,Buikwe,Kikoma B,EKUB1004,Naginda Rebecca,Female,1991-09-21 00:00:00,34,Youth,Married,No,742737658,,,PLE,I am without employment and do not have an individual income,,,,,,,,,Male,UCE,6,4,No,Business,50000,,3,No,Yes,No,"Firewood, Charcoal",0,1,1,10000,,,,,,,,,,,,,,,,,,,,Coffee Avocado,1,0,0,0,0,1,0,,> 4 years,50,50,Fresh,1,0,0,0,Pests and diseases Lack of access to market Price fluctuations,1,0,1,1,0,0,0,,,,,,,,,,,,,,,,,,,,,,,,,,,,,,,,,,,,,,,,,,,,,,,,,,,,,,,,,,,,,,,,,,,<1 Year,3,0,,,,,,,,,,,,,,,,,,,,,,,,,,,,,,,,,Yes,,No,,None of the above,0,0,0,0,1,Use of integrated methods,0,0,1,,Apply Manure ,0,0,1,0,0,"Government research institutions, Local agro-inputs shops",0,1,0,0,1,0,0,Tarpaulin,1,0,0,0,Bag and keep on the floor in a store,Burning,1,0,0,0,0,,,No,,Yes,5,No,,,,,,,,,,0.2856543 33.00337 1196 2;0.285515 33.003214 0 0;0.285289 33.003375 0 0;0.285359 33.003563 0 0;0.2856543 33.00337 1196 2,,,b45afacc-b648-4a1a-8d83-918e583a5558,submitted_via_web,namususwa_1,uuid:1c6a28d3-28d6-4eca-b7e4-8e3d18ba912a
Namususwa Harriet,2025-10-02 14:26:00,0.2852403 33.0032781 1201.0 4.9,0.2852403,33.0032781,1201,4.9,Buikwe,Buikwe,Kikoma B buyinja,EKUB1005,Nabatanzi efulansi,Female,1954-12-16 00:00:00,71,Adult,Married,No,708008018,,,PLE,I am without employment and do not have an individual income,Self employment ,0,1,0,,,,,Male,PLE,8,4,Yes,Farming,50000,,2,Yes,Yes,No,Firewood,0,0,1,0,,,,,,,,,"Coffee, Maize",1,0,0,0,0,0,0,1,100000,,"Coffee, Jackfruit, Avocado",1,0,0,1,0,1,0,,> 4 years,50,45,"Fresh, Kiboko",1,1,0,0,Pests and diseases Lack of access to market Price fluctuations,1,0,1,1,0,0,0,,,,,,,,,,,,,,,,,,,,,,,,,,,,,,,,,,,>4 Years,1,1,,,,,Lack of access to market,0,0,1,0,0,0,0,,,,,,,,,,,,,,,,,,>4 Years,1,1,,,,,Price fluctuations,0,0,0,1,0,0,0,,,,,,,,,,,,,,,,,,,,,Yes,,No,,None of the above,0,0,0,0,1,Use of integrated methods,0,0,1,,Purchase and apply inorganic fertilizer,0,1,0,0,0,Local agro-inputs shops,0,1,0,0,0,0,0,Tarpaulin,1,0,0,0,Bag and keep on raised pallet,Burning,1,0,0,0,0,,,No,,No,,No,,,,,,,,,,0.2852723 33.0030864 1205 4.8;0.2852268 33.0029882 1205 2.416;0.2855567 33.0027935 1206 1.833;0.285709 33.0030971 1202 2;0.2854274 33.0032638 1204 2;0.2852723 33.0030864 1205 4.8,,,5bf492f1-cff2-4e9c-b2c3-0e4f298b7440,submitted_via_web,namususwa_1,uuid:cbc477e1-e321-40c2-8c22-39ab2c7698f9
Namususwa Harriet,2025-10-02 15:06:00,0.2847706 33.0031497 1208.0 5.0,0.2847706,33.0031497,1208,5,Buikwe,Buikwe,Kikoma B buyinja,EKUB1006,Nayiga prossy,Female,1977-12-15 00:00:00,48,Adult,Married,No,757006804,,,PLE,I am without employment and do not have an individual income,,,,,,,,,Male,UCE,5,3,Yes,Farming,100000,,2,Yes,No,No,Firewood,0,0,1,0,,,,,,,,,Coffee,1,0,0,0,0,0,0,0,500000,,"Coffee, Jackfruit, Avocado",1,0,0,1,0,1,0,,> 4 years,100,100,Fresh,1,0,0,0,Pests and diseases Lack of access to market Price fluctuations,1,0,1,1,0,0,0,,,,,,,,,,,,,,,,,,,,,,,,,,,,,,,,,,,>4 Years,2,2,,,,,Lack of access to market,0,0,1,0,0,0,0,,,,,,,,,,,,,,,,,,>4 Years,1,1,,,,,,,,,,,,,,,,,,,,,,,,,,,,,,,,,Yes,,No,,None of the above,0,0,0,0,1,Use of integrated methods,0,0,1,,Purchase and apply organic fertilizers,1,0,0,0,0,Local agro-inputs shops,0,1,0,0,0,0,0,Tarpaulin,1,0,0,0,Bag and keep on raised pallet,Burning,1,0,0,0,0,,,No,,Yes,8,No,,,,,,,,,,0.2845804 33.0031298 1206 1.916;0.2843689 33.0030615 1208 1.833;0.2843916 33.002931 1205 1.6;0.284598 33.0030717 1209 2.083;0.2845804 33.0031298 1206 1.916,,,f4a1f59f-38f1-4a32-9ecb-e8218ddc0fb8,submitted_via_web,namususwa_1,uuid:e5080c19-32d8-4c40-b6fe-34601842cc78
Namususwa Harriet,2025-10-02 15:49:00,0.2842677 33.0045207 1199.0 4.9,0.2842677,33.0045207,1199,4.9,Buikwe,Buikwe,Kikoma B buyinja,EKUB1007,Anyoro Olivia,Female,1980-12-10 00:00:00,45,Adult,Single,Yes,704806163,,,PLE,I am without employment and do not have an individual income,,,,,,,,,Female,PLE,10,8,Yes,Farming,100000,,3,No,No,No,Firewood,0,0,1,0,,,,,,,,,Coffee,1,0,0,0,0,0,0,0,500000,,Coffee Avocado Jackfruit,1,0,0,1,0,1,0,,> 4 years,50,30,"Kiboko, Hulled",0,1,1,0,Pests and diseases Price fluctuations Lack of access to quality inputs,1,1,0,1,0,0,0,,,,,,,,,,,,,,,,,,,,,,,,,,,,,,,,,,,>4 Years,5,5,,,,,Price fluctuations,0,0,0,1,0,0,0,,,,,,,,,,,,,,,,,,>4 Years,2,2,,,,,"Price fluctuations, Lack of access to market, Lack of labor",0,0,1,1,0,1,0,,,,,,,,,,,,,,,,,,,,,Yes,,No,,None of the above,0,0,0,0,1,Use of integrated methods,0,0,1,,Apply Manure ,0,0,1,0,0,"Local agro-inputs shops, Personal nursery",0,1,0,0,0,0,1,Tarpaulin,1,0,0,0,Bag and keep on the floor in a store,Burning,1,0,0,0,0,,,Yes,<10,Yes,4,No,,,,,,,,,,0.2842789 33.0044509 1198.0 1.666; 0.2843943 33.0042857 1198.0 1.916; 0.2847698 33.0047698 1195.0 2.0; 0.2845641 33.0049556 1199.0 2.166; 0.2843649 33.0047617 1202.0 2.0; 0.2843949 33.0046063 1201.0 2.0; 0.2842789 33.0044509 1198.0 1.666,,,0f3e0d98-74ef-49f0-a909-8882183786dc,submitted_via_web,namususwa_1,uuid:0f3e0d98-74ef-49f0-a909-8882183786dc
Namususwa Harriet,2025-10-02 16:24:00,0.2801923 33.0052903 1179.0 4.8,0.2801923,33.0052903,1179,4.8,Buikwe,Buikwe,Kikoma B buyinja,EKUB1008,Kibuuka Enock,Male,2000-08-04 00:00:00,25,Youth,Married,Yes,745557310,,,PLE,I am engaged in income generating activities and have an individual income,Self employment ,0,1,0,,,,,Male,PLE,3,1,Yes,Business,500000,,3,No,No,No,Firewood,0,0,1,0,,,,,,,,,"Coffee, Maize",1,0,0,0,0,0,0,1,2000000,,Coffee,1,0,0,0,0,0,0,,> 4 years,35,30,Fresh,1,0,0,0,Lack of or access to knowledge and extension services Pests and diseases Price fluctuations,1,0,0,1,0,0,1,,,,,,,,,,,,,,,,,,,,,,,,,,,,,,,,,,,,,,,,,,,,,,,,,,,,,,,,,,,,,,,,,,,,,,,,,,,,,,,,,,,,,,,,,,,,,,,,,,,,,,Yes,,No,,None of the above,0,0,0,0,1,Use of integrated methods,0,0,1,,Purchase and apply inorganic fertilizer,0,1,0,0,0,Fellow local farmers,1,0,0,0,0,0,0,Tarpaulin,1,0,0,0,Bag and keep on the floor in a store,Burning,1,0,0,0,0,,,Yes,<10,No,,No,,,,,,,,,,0.2801796 33.0052773 1190 3.3;0.2799844 33.0053842 1192 1.5;0.2799056 33.0050753 1185 2;0.2800679 33.0050251 1186 1.9;0.2801796 33.0052773 1190 3.3,,,dc8481f5-d680-4ede-a6e0-c5631f446fb2,submitted_via_web,namususwa_1,uuid:cbe00058-47e8-4c08-9136-e773a8f7b84c
Namususwa Harriet,2025-10-02 16:59:00,0.284151 33.0046732 1196.0 4.6,0.284151,33.0046732,1196,4.6,Buikwe,Buikwe,Kikoma B buyinja,EKUB1009,Akello cissy,Female,1985-05-02 00:00:00,41,Adult,Married,No,746603993,,,PLE,I am without employment and do not have an individual income,,,,,,,,,Male,PLE,8,6,Yes,Farming,100000,,3,No,No,No,Firewood,0,0,1,,,,,,,,,,Coffee,1,0,0,0,0,0,0,0,500000,,"Coffee, Jackfruit, Avocado",1,0,0,1,0,1,0,,> 4 years,100,80,Fresh,1,0,0,0,"Pests and diseases, Price fluctuations, Lack of access to market",1,0,1,1,0,0,0,,,,,,,,,,,,,,,,,,,,,,,,,,,,,,,,,,,>4 Years,2,2,,,,,Lack of access to market,0,0,1,0,0,0,0,,,,,,,,,,,,,,,,,,1 - 4 years,3,3,,,,,"Pests and diseases, Lack of access to market",1,0,1,0,0,0,0,,,,,,,,,,,,,,,,,,,,,Yes,,No,,None of the above,0,0,0,0,1,Use of integrated methods,0,0,1,,Apply Manure ,0,0,1,0,0,Personal nursery,0,0,0,0,0,0,1,Tarpaulin,1,0,0,0,Bag and keep on the floor in a store,Burning,1,0,0,0,0,,,No,,Yes,1,No,,,,,,,,,,0.2847079 33.0043541 1205 8.833;0.2850251 33.0044863 1200 2;0.284875 33.004679 1199 2;0.2846184 33.0044165 1201 2.1;0.2847079 33.0043541 1205 8.833,,,362db2d7-85c6-4c39-baea-dfaf3ceb7701,submitted_via_web,namususwa_1,uuid:e676a0b6-1174-4482-98bd-9e67dd515fa4
Rwancwende Abert,2025-10-02 14:06:00,0.2765316 33.0100037 1199.4 4.469,0.2765316,33.0100037,1199.4,4.469,Buikwe,Buikwe,Kikoma B,EKUB1010,Nakiranda Getrude,Female,1988-03-10 00:00:00,38,Adult,Married,No,708955919,,,PLE,I am engaged in income generating activities and have an individual income,Self employment ,0,1,0,,,,,Male,PLE,8,6,No,Farming,200000,,2,Yes,Yes,Yes,"Firewood, Charcoal",0,1,1,70000,,,,,,,,,"Coffee, Beans, Maize",1,0,0,0,0,0,1,1,500000,450000,Cassava Oysternut Coffee Vanilla Jackfruit Avocado,1,0,1,1,1,1,1,,1- 4 years,225,180,Fresh,1,0,0,0,Pests and diseases Price fluctuations Lack of or access to knowledge and extension services,1,0,0,1,0,0,1,,,,,,,,,,,,,,,,,,,>4 years,10,5,Fresh,1,0,0,"Price fluctuations, Lack of labor, Lack of access to market",0,0,1,1,0,1,0,,>4 Years,9,4,Ripe,0,1,0,"Price fluctuations, Lack of access to market, Lack of access to knowledge and extension services",0,0,1,1,0,0,1,,< 1 Year,1,0,,,,,,,,,,,,,,>4 Years,3,2,Raw,1,0,0,"Price fluctuations, Post harvest losses, Lack of access to market",0,0,1,1,1,0,0,,1 - 4 Years,410,209,Fresh,1,0,0,0,Low prices Price fluctuations Post harvest losses,0,0,0,1,1,1,0,0,,,Yes,,No,,None of the above,0,0,0,0,1,Use of integrated methods,0,0,1,,"Purchase and apply inorganic fertilizer, Mulch, Crop rotation and intercropping with legumes, Apply Manure ",0,1,1,1,1,"Local agro-inputs shops, Fellow local farmers",1,1,0,0,0,0,0,,,,,,Bag and keep on the floor in a store,Burning Dump at a heap around the farm,1,0,0,1,0,,,Yes,<10,Yes,3,No,,,,,,,,,,0.276111 33.00933 0 0;0.276106 33.009195 0 0;0.276138 33.009083 0 0;0.276277 33.009152 0 0;0.2764926 33.0094142 1210.8000000000002 1.616;0.2765244 33.0094258 1210 1.616;0.2768565 33.0092882 1211.5 1.65;0.2769879 33.0093495 1211.2 1.633;0.2771207 33.0093286 1210.3000000000002 1.716;0.2773312 33.0097938 1209.1000000000001 1.483;0.277414 33.010177 0 0;0.277162 33.010075 0 0;0.276969 33.009989 0 0;0.276803 33.009877 0 0;0.276637 33.009785 0 0;0.276427 33.009641 0 0;0.276272 33.009512 0 0;0.276175 33.009426 0 0;0.276111 33.00933 0 0,,,0d7f5933-964b-48c4-a54d-cbbbe196ed0a,submitted_via_web,abert_1,uuid:ddd273e7-c63e-4c31-b3d4-ea75ee931230
Rwancwende Abert,2025-10-02 14:57:00,0.285031 33.0047702 1191.9 4.8,0.285031,33.0047702,1191.9,4.8,Buikwe,Buikwe,Kikoma B,EKUB1011,Nabula Lovisa,Female,1966-03-14 00:00:00,60,Adult,Married,No,742727932,,,PLE,I am engaged in income generating activities and have an individual income,Self employment ,0,1,0,,,,,Male,No formal education,3,1,Yes,Farming,300000,,2,Yes,No,No,Firewood,0,0,1,0,,,,,,,,,"Coffee, Maize, Beans",1,0,0,0,0,0,1,1,650000,800000,"Coffee, Cassava Avocado",1,0,0,0,0,1,1,,> 4 years,450,312,Fresh,1,0,0,0,Pests and diseases Price fluctuations Lack of access to quality inputs,1,1,0,1,0,0,0,,,,,,,,,,,,,,,,,,,,,,,,,,,,,,,,,,,,,,,,,,,,,,,,,,,,,,,,,,,,,,,,,,,>4 Years,8,3,Raw,1,0,0,Post harvest losses Price fluctuations Lack of labor,0,0,0,1,1,1,0,,>4 Years,200,89,Fresh,1,0,0,0,Lack of labor Low prices Post harvest losses,0,0,0,1,0,1,1,0,,,Yes,,No,,None of the above,0,0,0,0,1,Using organic  Spraying with inorganic chemicals,1,1,0,> 1 Year,"Mulch, Apply Manure, Crop rotation and intercropping with legumes",0,0,1,1,1,"Fellow local farmers, Local nursery beds",1,0,1,0,0,0,0,,,,,,Bag and keep on the floor in a store,Dump at a heap around the farm Dump in a pit,0,1,0,1,0,,,Yes,10-50,No,,No,,,,,,,,,,0.2850039 33.0048956 1203 1.65;0.2855645 33.0052404 1187.1000000000001 1.733;0.2856867 33.0050083 1190.1000000000001 1.7;0.2853878 33.0048061 1194.2 1.683;0.2854995 33.0046729 1194 1.783;0.2854092 33.0046338 1195.8000000000002 1.916;0.2854031 33.0045952 1198 1.933;0.2853771 33.0045444 1196.5 1.833;0.2853379 33.0045765 1198.7 1.966;0.2853149 33.0045904 1198.5 1.9;0.2852599 33.0045908 1199.2 1.983;0.28517 33.0046618 1200.1000000000001 2.05;0.2851669 33.0046603 1200.2 1.983;0.2850039 33.0048956 1203.3000000000002 1.65;0.2850039 33.0048956 1203 1.65,,,a7f53288-62f1-4810-ac69-f4823a7ff027,submitted_via_web,abert_1,uuid:3284d789-0a6d-44a1-80a1-e334db2a156c
Rwancwende Abert,2025-10-02 15:22:00,0.285061 33.0041885 1199.5 4.35,0.285061,33.0041885,1199.5,4.35,Buikwe,Buikwe,Kikoma B,EKUB1012,Nantongo Annet,Female,1987-02-14 00:00:00,39,Adult,Married,No,700871059,,,PLE,I am engaged in income generating activities and have an individual income,Self employment ,0,1,0,,,,,Male,Junior,8,5,Yes,Farming,300000,,2,Yes,No,No,"Charcoal, Firewood",0,1,1,60000,,,,,,,,,"Coffee, Beans, Maize",1,0,0,0,0,0,1,1,1000000,750000,"Coffee, Jackfruit, Avocado, Cassava",1,0,0,1,0,1,1,,> 4 years,450,229,"Fresh, Kiboko",1,1,0,0,Pests and diseases Price fluctuations Lack of labor,1,0,0,1,0,1,0,,,,,,,,,,,,,,,,,,,,,,,,,,,,,,,,,,,>4 Years,6,1,Ripe,0,1,0,"Lack of access to market, Lack of access to quality puts, Price fluctuations",0,1,1,1,0,0,0,,,,,,,,,,,,,,,,,,>4 Years,5,3,,,,,"Pests and diseases, Lack of access to market,Lack of access to knowledge and extension services",1,0,1,0,0,0,1,,>4 Years,330,115,,,,,,Pests and diseases Lack of access to market Low prices,1,0,1,1,0,0,0,0,,,Yes,,No,,None of the above,0,0,0,0,1,Use of integrated methods,0,0,1,,"Apply Manure, Purchase and apply organic fertilizers, Crop rotation and intercropping with legumes",0,1,1,0,1,Fellow local farmers,1,0,0,0,0,0,0,Tarpaulin,1,0,0,0,Bag and keep on the floor in a store,Burning Dump in a pit Dump at a heap around the farm,1,1,0,1,0,,,No,,Yes,5,No,,,,,,,,,,0.2840917 33.005385 1202 1.533;0.28426 33.005595 1197.7 1.683;0.2841908 33.0057131 1201.7 1.616;0.2840033 33.0054516 1203.1000000000001 1.583;0.2840917 33.005385 1202 1.533,,,7d8244ee-1080-4219-93f0-4eecca918441,submitted_via_web,abert_1,uuid:051920cc-94d3-4788-b3db-366dd0e99472
Rwancwende Abert,2025-10-02 16:55:00,0.283255 32.99958 1214.3000000000002 4.75,0.283255,32.99958,1214.3,4.75,Buikwe,Buikwe,Kikoma B,EKUB1013,Nabisaalu Annet,Female,1984-06-05 00:00:00,42,Adult,Married,No,773193382,,,No formal education,I am engaged in income generating activities and have an individual income,Self employment ,0,1,0,,,,,Male,PLE,6,3,No,Business,500000,,3,No,No,No,Firewood,0,0,1,,,,,,,,,,"Beans, Coffee",1,0,0,0,0,0,1,0,350000,620000,Vanilla Coffee,1,0,1,0,0,0,0,,> 4 years,450,408,"Kiboko, Hulled",0,1,1,0,Price fluctuations Pests and diseases Lack of labor,1,0,0,1,0,1,0,,,,,,,,,,,,,,,,,,,>4 years,100,100,Fresh,1,0,0,"Lack of access to knowledge and extension services, Lack of access to market, Price fluctuations",0,0,1,1,0,0,1,,,,,,,,,,,,,,,,,,,,,,,,,,,,,,,,,,,,,,,,,,,,,,,,,,,,,,,,,,,,,,,,,,,,,Yes,,No,,None of the above,0,0,0,0,1,Use of integrated methods,0,0,1,,"Crop rotation and intercropping with legumes, Purchase and apply organic fertilizers",1,0,0,1,1,"Fellow local farmers, Local agro-inputs shops",1,1,0,0,0,0,0,Tarpaulin,1,0,0,0,Bag and keep on the floor in a store,Dump at a heap around the farm,0,0,0,1,0,,,No,,No,,No,,,,,,,,,,0.2832683 32.9996367 197.3 5.5;0.28319 32.9996633 1213.4 2.22;0.2833198 33.0002632 1206.8000000000002 1.916;0.2834044 33.0001932 1210.7 2.183;0.2834052 33.0000753 1208.4 2.083;0.2833961 32.9999889 1209.8000000000002 2.066;0.2833798 32.9999487 1211.3000000000002 1.966;0.2833596 32.9998688 1211.3000000000002 2.05;0.2833492 32.9997864 1211.1000000000001 2.166;0.2832683 32.9996367 1213.4 5.5;0.2832683 32.9996367 197.3 5.5,,,f1bea138-3ea6-46e1-b13e-3494b7a3cb9a,submitted_via_web,abert_1,uuid:16c568e8-b210-483a-8668-0371745b1088
Bukenya Denis Stanley,2025-10-03 10:17:00,0.2739138 32.9989672 1182.2 5.4,0.2739138,32.9989672,1182.2,5.4,Buikwe,Buikwe,Kikoma A,EKUB1014,Namirembe Gertrude,Female,1982-01-16 00:00:00,44,Adult,Married,Yes,708154052,,,PLE,I am engaged in income generating activities and have an individual income,Self employment ,0,1,0,,,,,Female,PLE,9,5,No,Farming,500000,,3,No,No,No,Firewood,0,0,1,,,,,,,,,,"Coffee, Jackfruit, Avocad,  Maize",1,0,0,1,0,1,0,1,750000,850000,"Coffee, Jackfruit, Avocado, Cassava",1,0,0,1,0,1,1,,> 4 years,600,600,"Hulled, Kiboko, Fresh",1,1,1,0,"Pests and diseases, Lack of access to quality inputs, Price fluctuations, Lack of or access to knowledge and extension services",1,1,0,1,0,0,1,,,,,,,,,,,,,,,,,,,,,,,,,,,,,,,,,,,>4 Years,6,6,Raw Ripe,1,1,0,"Lack of access to market, Price fluctuations, Lack of access to knowledge and extension services",0,0,1,1,0,0,1,,,,,,,,,,,,,,,,,,>4 Years,5,5,Raw Ripe,1,1,0,Price fluctuations Lack of access to market Lack of access to knowledge and extension services,0,0,1,1,0,0,1,,>4 Years,1500,1500,Fresh,1,0,0,0,Pests and diseases Lack of access to market Low prices Price fluctuations Lack of access to knowledge and extension services,1,0,1,1,1,0,0,1,,,Yes,,No,,None of the above,0,0,0,0,1,Use of integrated methods,0,0,1,,"Purchase and apply organic fertilizers, Crop rotation and intercropping with legumes, Apply Manure ",0,1,1,1,1,"Fellow local farmers, Local agro-inputs shops, Local nursery beds, Government research institutions",1,1,1,0,1,0,0,Tarpaulin,1,0,0,0,Bag and keep on the floor in a store,Burning Dump in a pit,1,1,0,0,0,,,Yes,51-100,Yes,100,Yes,Write in a book,1,0,0,,,,,,0.2740039 32.9986709 1174.5 7.9;0.2740354 32.9986294 1173 7.066;0.274042 32.9986444 1174.2 6.5;0.274156 32.9981471 1189.2 5.966;0.2737173 32.998181 1195.9 4.64;0.2739008 32.9990065 1213.6000000000001 2.483;0.2740039 32.9986709 1174.5 7.9,,,362ea262-0e23-4f8d-8ba5-b0bc36408bbd,submitted_via_web,denis_1,uuid:53583a54-de58-4a3b-8aca-171eb38d0b97
Bukenya Denis Stanley,2025-10-03 11:18:00,0.2780868 32.9985036 1239.9 4.85,0.2780868,32.9985036,1239.9,4.85,Buikwe,Buikwe,Kikoma A,EKUB1015,Wandega Steven,Male,1986-05-03 00:00:00,40,Adult,Single,No,753692835,782359219,,UCE,I am engaged in income generating activities and have an individual income,Self employment ,0,1,0,,,,,Male,UCE,2,1,Yes,Farming,200000,,3,No,No,No,Firewood,0,0,1,,,,,,,,,,"Coffee, Cassava",1,0,0,0,1,0,0,0,780000,600000,"Coffee, Cassava",1,0,0,0,0,0,1,,> 4 years,200,200,"Fresh, Kiboko",1,1,0,0,"Pests and diseases, Lack of access to quality inputs, Price fluctuations, Lack of or access to knowledge and extension services",1,1,0,1,0,0,1,,,,,,,,,,,,,,,,,,,,,,,,,,,,,,,,,,,,,,,,,,,,,,,,,,,,,,,,,,,,,,,,,,,,,,,,,,,,,,,,,,,>4 Years,1800,1800,Fresh,1,0,0,0,Pests and diseases Price fluctuations Low prices Lack of access to knowledge and extension services,1,0,0,1,1,0,0,1,,,Yes,,No,,None of the above,0,0,0,0,1,Use of integrated methods Spraying with inorganic chemicals,1,0,1,6-12 months,"Apply Manure, Purchase and apply inorganic fertilizer",1,1,1,0,1,"Fellow local farmers, Local agro-inputs shops, Local nursery beds, Government research institutions",1,1,1,0,1,0,0,Tarpaulin,1,0,0,0,Bag and keep on the floor in a store,Burning Dump in a pit,1,1,0,0,0,,,Yes,51-100,Yes,70,Yes,Write in a book,1,0,0,,,,,,0.2780182 32.9986366 1230.7 5.295; 0.2775106 32.9987269 1225.0 2.18; 0.2775362 32.9989015 1228.5 1.92; 0.2776774 32.9988905 1227.6000000000001 2.22; 0.2776877 32.9992291 1228.3000000000002 2.15; 0.2780612 32.9993578 1228.1000000000001 2.566; 0.2780182 32.9986366 1230.7 5.295,,,8c970432-7454-45b3-b08e-dbee5e25f78d,submitted_via_web,denis_1,uuid:8c970432-7454-45b3-b08e-dbee5e25f78d
Bukenya Denis Stanley,2025-10-03 11:52:00,0.2778029 32.9977456 1222.9 4.98,0.2778029,32.9977456,1222.9,4.98,Buikwe,Buikwe,Kikoma A,EKUB1016,Wabulo James,Male,2005-12-13 00:00:00,20,Youth,Single,No,709906051,,,PLE,I am engaged in income generating activities and have an individual income,Self employment ,0,1,0,,,,,Male,PLE,1,0,,Farming,270000,,3,No,No,No,Firewood,0,0,1,,,,,,,,,,"Coffee, Maize, Beans, Cassava",1,0,0,0,1,0,1,1,850000,600000,"Coffee, Cassava",1,0,0,0,0,0,1,,> 4 years,320,300,"Fresh, Kiboko",1,1,0,0,Pests and diseases Price fluctuations Lack of or access to knowledge and extension services Lack of access to quality inputs,1,1,0,1,0,0,1,,,,,,,,,,,,,,,,,,,,,,,,,,,,,,,,,,,,,,,,,,,,,,,,,,,,,,,,,,,,,,,,,,,,,,,,,,,,,,,,,,,>4 Years,1000,1000,Fresh,1,0,0,0,Pests and diseases Low prices Price fluctuations Lack of access to knowledge and extension services,1,0,0,1,1,0,0,1,,,Yes,,No,,None of the above,0,0,0,0,1,Use of integrated methods,0,0,1,,Mulch Apply Manure ,0,0,1,0,1,"Fellow local farmers, Local agro-inputs shops, Local nursery beds, Government research institutions",1,1,1,0,1,0,0,Tarpaulin,1,0,0,0,Bag and keep on the floor in a store,Burning Dump in a pit,1,1,0,0,0,,,Yes,10-50,Yes,25,Yes,Write in a book,1,0,0,,,,,,0.2779539 32.9973315 1220.9 1.86; 0.2776627 32.9970619 1216.3000000000002 1.766; 0.2772867 32.9975785 1210.3000000000002 1.7; 0.277654 32.9978862 1214.3000000000002 1.66; 0.2779539 32.9973315 1220.9 1.86,,,0c660a6f-49b9-484e-acb4-7176ea0e72f5,submitted_via_web,denis_1,uuid:0c660a6f-49b9-484e-acb4-7176ea0e72f5
Bukenya Denis Stanley,2025-10-03 13:17:00,0.2799435 32.9913512 1195.2 5.15,0.2799435,32.9913512,1195.2,5.15,Buikwe,Buikwe,Kikoma A,EKUB1017,Mpanga Stanley,Male,1951-02-07 00:00:00,75,Adult,Single,No,753960627,,,PLE,I am engaged in income generating activities and have an individual income,Self employment ,0,1,0,,,,,Male,PLE,1,0,,Farming,300000,,3,No,No,No,Firewood,0,0,1,,,,,,,,,,"Coffee, Vanilla",1,0,1,0,0,0,0,0,400000,350000,Coffee Vanilla,1,0,1,0,0,0,0,,> 4 years,900,650,Kiboko,0,1,0,0,"Pests and diseases, Lack of access to quality inputs, Price fluctuations, Lack of or access to knowledge and extension services",1,1,0,1,0,0,1,,,,,,,,,,,,,,,,,,,>4 years,200,200,Fresh,1,0,0,"Pests and diseases, Lack of access to marke,  Price fluctuations, Lack of access to knowledge and extension services",1,0,1,1,0,0,1,,,,,,,,,,,,,,,,,,,,,,,,,,,,,,,,,,,,,,,,,,,,,,,,,,,,,,,,,,,,,,,,,,,,,Yes,,No,,None of the above,0,0,0,0,1,Use of integrated methods Using organic ,0,1,1,,Purchase and apply inorganic fertilizer,0,1,1,1,1,"Fellow local farmers, Local agro-inputs shops, Government research institutions",1,1,0,0,1,0,0,Tarpaulin,1,0,0,0,Bag and keep on the floor in a store,Burning Dump in a pit,1,1,0,0,0,,,Yes,10-50,Yes,50,No,,,,,,,,,,0.2799167 32.9915002 1227.7 3.585; 0.2796751 32.9915147 1212.6000000000001 1.78; 0.2791797 32.991274 1206.5 1.84; 0.2792112 32.9911569 1200.9 1.916; 0.2797152 32.9913222 1206.8000000000002 1.766; 0.2799167 32.9915002 1227.7 3.585,,,c0ce81e9-a070-42ff-ad01-0da997fe316b,submitted_via_web,denis_1,uuid:c0ce81e9-a070-42ff-ad01-0da997fe316b
Bukenya Denis Stanley,2025-10-03 16:18:00,,,,,,Buikwe,Buikwe,Nakatyaba,EKUB1018,Nantongo Safina,Female,1980-06-16 00:00:00,46,Adult,Single,No,758412384,,,No formal education,I am engaged in income generating activities and have an individual income,Self employment ,0,1,0,,,,,Female,PLE,5,4,No,Farming,350000,,3,No,No,No,Firewood,0,0,1,,,,,,,,,,"Coffee, Beans",1,0,0,0,0,0,1,0,850000,700000,"Coffee, Cassava",1,0,0,0,0,0,1,,> 4 years,270,250,"Fresh, Kiboko",1,1,0,0,"Pests and diseases, Lack of access to quality inputs, Price fluctuations, Lack of or access to knowledge and extension services",1,1,0,1,0,0,1,,,,,,,,,,,,,,,,,,,,,,,,,,,,,,,,,,,,,,,,,,,,,,,,,,,,,,,,,,,,,,,,,,,,,,,,,,,,,,,,,,,>4 Years,850,850,Fresh,1,0,0,0,Pests and diseases Low prices Price fluctuations Lack of access to knowledge and extension services,1,0,0,1,1,0,0,1,,,Yes,,No,,None of the above,0,0,0,0,1,Use of integrated methods,0,0,1,,Apply Manure  Mulch,0,0,1,1,1,"Fellow local farmers, Local agro-inputs shops, Local nursery beds",1,1,1,0,0,0,0,Tarpaulin,1,0,0,0,Bag and keep on the floor in a store,Burning Dump in a pit,1,1,0,0,0,,,Yes,10-50,Yes,45,Yes,Write in a book,1,0,0,,,,,,0.2622083 32.9856033 1183.5 1.6; 0.2619861 32.984577 1185.2 1.76; 0.2621046 32.9845701 1189.9 1.62; 0.2622316 32.9845699 1191.9 1.66; 0.2623767 32.9845608 1190.7 1.8; 0.2625741 32.9845569 1191.9 1.82; 0.2625864 32.985175 1191.2 1.7; 0.2622083 32.9856033 1183.5 1.6,,,8c06b294-17a6-4d74-82c9-da7d6b712582,submitted_via_web,denis_1,uuid:8c06b294-17a6-4d74-82c9-da7d6b712582
Were Kenneth Elly,2025-10-02 14:42:00,0.2727687 32.999032 1164.9 4.94,0.2727687,32.999032,1164.9,4.94,Buikwe,Buikwe,Kimoma A,EKUB1019,Nambi Amina,Female,1978-07-28 00:00:00,47,Adult,Married,No,759634458,783360992,,PLE,I am engaged in income generating activities and have an individual income,Self employment ,0,1,0,,,,,Male,UCE,9,7,Yes,Farming,150000,,2,No,No,No,Firewood,0,0,1,,,,,,,,,,"Coffee, Cassava, Beans, Maize",1,0,0,0,1,0,1,1,1200000,800000,Cassava Coffee,1,0,0,0,0,0,1,,> 4 years,1200,1200,Hulled,0,0,1,0,"Pests and diseases, Lack of access to quality inputs, Lack of or access to knowledge and extension services",1,1,0,0,0,0,1,,,,,,,,,,,,,,,,,,,,,,,,,,,,,,,,,,,,,,,,,,,,,,,,,,,,,,,,,,,,,,,,,,,,,,,,,,,,,,,,,,,>4 Years,800,800,Dried chips Fresh,1,1,0,0,Low prices Post harvest losses Pests and diseases,1,0,0,1,0,1,0,0,,,Yes,,No,,None of the above,0,0,0,0,1,Spraying with inorganic chemicals Use of integrated methods,1,0,1,<6 months ,Mulch Apply Manure ,0,1,1,0,0,Government research institutions Licensed nursery beds Fellow local farmers,1,0,0,1,1,0,0,Tarpaulin,1,0,0,0,Bag and keep on raised pallet,Burning,1,0,0,0,0,,,No,,Yes,60,No,,,,,,,,,,0.2806608 32.9923349 1217.9 3.601;0.2816121 32.9928758 1227.1000000000001 3.672;0.2818138 32.9927208 1228.9 3.628;0.2813493 32.9921429 1220.2 3.59;0.2808585 32.9921458 1218.5999755859375 3.841;0.2806608 32.9923349 1217.9 3.601,,,da3508dc-be8f-4058-acbc-3dbdf6fc013a,submitted_via_web,kenneth1elly,uuid:da3508dc-be8f-4058-acbc-3dbdf6fc013a
Were Kenneth Elly,2025-10-02 15:23:00,0.2722567 32.99937 1187.8000000000002 4.7,0.2722567,32.99937,1187.8,4.7,Buikwe,Buikwe,Kimoma A,EKUB1020,Nsubuga Semion,Male,1974-10-22 00:00:00,51,Adult,Married,No,755391786,779327509,,PLE,I am engaged in income generating activities and have an individual income,Self employment ,0,1,0,,,,,Male,PLE,8,6,Yes,Business,150000,,1,No,No,No,Firewood,0,0,1,,,,,,,,,,"Coffee, Cassava, Maize",1,0,0,0,1,0,0,1,500000,600000,"Coffee, Cassava",1,0,0,0,0,0,1,,> 4 years,100,100,Hulled,0,0,1,0,Pests and diseases Lack of access to quality inputs Price fluctuations Post harvest losses,1,1,0,1,1,0,0,,,,,,,,,,,,,,,,,,,,,,,,,,,,,,,,,,,,,,,,,,,,,,,,,,,,,,,,,,,,,,,,,,,,,,,,,,,,,,,,,,,<1 Year,50,50,Fresh,1,0,0,0,Pests and diseases,1,0,0,0,0,0,0,0,,,Yes,,No,,None of the above,0,0,0,0,1,Use of integrated methods Spraying with inorganic chemicals,1,0,1,<6 months ,Apply Manure  Mulch,0,1,0,0,0,"Fellow local farmers, Local nursery beds",1,0,1,0,0,0,0,Tarpaulin,1,0,0,0,Bag and keep on raised pallet,Burning,1,0,0,0,0,,,No,,No,,No,,,,,,,,,,0.2806296 32.9923431 1218.5999755859375 1.8;0.2810012 32.991632 1218.5999755859375 3.685;0.2802411 32.9913393 1218.5999755859375 3.666;0.2802117 32.9915844 1218.5999755859375 3.566;0.2806296 32.9923431 1218.5999755859375 1.8,,,49903936-1842-44ae-807d-d479210e63ae,submitted_via_web,kenneth1elly,uuid:49903936-1842-44ae-807d-d479210e63ae
Were Kenneth Elly,2025-10-03 10:06:00,0.2734681 32.9998201 1219.2 4.25,0.2734681,32.9998201,1219.2,4.25,Buikwe,Buikwe,Kimoma A,EKUB1021,Kawule James,Male,1985-08-08 00:00:00,40,Adult,Married,No,,754251011,,UCE,I am engaged in income generating activities and have an individual income,Self employment ,0,1,0,,,,,Male,UCE,4,2,Yes,Farming,100000,,3,Yes,No,No,"Firewood, Charcoal",0,1,1,,,,,,,,,,"Coffee, Maize, Beans",1,0,0,0,0,0,1,1,1000000,800000,"Coffee, Cassava, Avocado, Jackfruit Vanilla Cocoa",1,1,1,1,0,1,1,,> 4 years,80,80,"Kiboko, Fresh",1,1,0,0,"Pests and diseases, Lack of or access to knowledge and extension services, Lack of access to quality inputs Post harvest losses",1,1,0,0,1,0,1,<1 Year,30,0,,,,,,,Pest and diseases,1,0,0,0,0,0,0,,>4 years,10,10,Blanched,0,1,0,"Pests and diseases, Price fluctuations, Lack of access to market",1,0,1,1,0,0,0,,>4 Years,4,4,Ripe,0,1,0,"Pests and diseases, Lack of access to market",1,0,1,0,0,0,0,,,,,,,,,,,,,,,,,,>4 Years,2,2,Raw,1,0,0,"Pests and diseases, Lack of access to market",1,0,1,0,0,0,0,,>4 Years,30,30,,,,,,Pests and diseases,1,0,0,0,0,0,0,0,,,Yes,,No,,None of the above,0,0,0,0,1,Spraying with inorganic chemicals,1,0,0,<6 months ,Mulch,0,1,1,0,1,"Fellow local farmers, Government research institutions",1,0,0,0,1,0,0,Tarpaulin,1,0,0,0,Bag and keep on raised pallet,Burning,1,0,0,0,0,,,Yes,<10,No,,No,,,,,,,,,,0.27373 32.9993841 1199.3000000000002 3.165;0.2739201 32.9992919 1200.0 3.107;0.2737972 32.9987991 1199.2 4.933;0.2735219 32.9988232 1196.0 4.848;0.2734725 32.998919 1192.1000000000001 5.652;0.27315 32.999077 1197.4 3.703;0.2731401 32.9994465 1198.9 3.245;0.2733697 32.9995613 1196.6000000000001 3.437;0.27373 32.9993841 1199.3000000000002 3.165,,,5a1c4d4d-a4a4-4390-83f4-315daa3704d2,submitted_via_web,kenneth1elly,uuid:5a1c4d4d-a4a4-4390-83f4-315daa3704d2
Were Kenneth Elly,2025-10-03 11:07:00,0.2761217 32.9989587 1209.5 4.8,0.2761217,32.9989587,1209.5,4.8,Buikwe,Buikwe,Kimoma A,EKUB1022,Muyanja Eriab,Male,1989-08-22 00:00:00,36,Adult,Married,No,755558983,773696190,,UACE,I am engaged in income generating activities and have an individual income,Self employment ,0,1,0,,,,,Male,UACE,7,5,Yes,Farming,150000,,1,No,No,No,Firewood,0,0,1,,,,,,,,,,"Coffee, Vanilla, Avocado",1,0,1,0,0,1,0,0,500000,500000,Coffee Vanilla Oysternut Avocado,1,0,1,0,1,1,0,,> 4 years,200,200,Hulled,0,0,1,0,Pests and diseases Price fluctuations Post harvest losses Lack of or access to knowledge and extension services Lack of access to quality inputs,1,1,0,1,1,0,1,,,,,,,,,,,,,,,,,,,>4 years,100,100,Fresh,1,0,0,Price fluctuations Lack of labor,0,0,0,1,0,1,0,,,,,,,,,,,,,,,,,,1 - 4 Years,3,3,,,,,,,,,,,,,,>4 Years,10,10,Raw,1,0,0,Lack of access to knowledge and extension services,0,0,0,0,0,0,1,,,,,,,,,,,,,,,,,,,,,Yes,,No,,None of the above,0,0,0,0,1,Spraying with inorganic chemicals Use of integrated methods,1,0,1,<6 months ,Apply Manure  Mulch,0,1,1,0,0,"Fellow local farmers, Local nursery beds Personal nursery",1,0,1,0,0,0,1,Tarpaulin,1,0,0,0,Bag and keep on raised pallet,Burning,1,0,0,0,0,,,Yes,10-50,Yes,80,No,,,,,,,,,,0.2760731 32.9987054 1199.3000000000002 5.104;0.2754924 32.9989897 1193.7 12.6;0.2756377 32.999118 1199.7 5.607;0.2759981 32.9989469 1199.8000000000002 3.444;0.2760731 32.9987054 1199.3000000000002 5.104,,,38f1d3c5-2ec1-44f6-8f1a-a6177d3355c7,submitted_via_web,kenneth1elly,uuid:38f1d3c5-2ec1-44f6-8f1a-a6177d3355c7
Were Kenneth Elly,2025-10-03 11:57:00,0.2773712 32.9982876 1198.7 4.05,0.2773712,32.9982876,1198.7,4.05,Buikwe,Buikwe,Kimoma A,EKUB1023,Boola Ronald,Male,1999-02-02 00:00:00,27,Youth,Married,Yes,704018438,758445307,,No formal education,I am engaged in income generating activities and have an individual income,Self employment ,0,1,0,,,,,Male,No formal education,3,1,No,Farming,100000,,3,No,No,No,Firewood,0,0,1,,,,,,,,,,"Coffee, Maize, Beans",1,0,0,0,0,0,1,1,500000,500000,"Coffee, Cassava",1,0,0,0,0,0,1,,> 4 years,100,100,Hulled,0,0,1,0,Pests and diseases Price fluctuations Post harvest losses Lack of or access to knowledge and extension services,1,0,0,1,1,0,1,,,,,,,,,,,,,,,,,,,,,,,,,,,,,,,,,,,,,,,,,,,,,,,,,,,,,,,,,,,,,,,,,,,,,,,,,,,,,,,,,,,<1 Year,20,20,Fresh,1,0,0,0,Low prices,0,0,0,1,0,0,0,0,,,Yes,,No,,None of the above,0,0,0,0,1,Spraying with inorganic chemicals Use of integrated methods,1,0,1,<6 months ,Apply Manure ,0,0,1,1,0,"Fellow local farmers, Personal nursery Local nursery beds",1,0,1,0,0,0,1,Tarpaulin,1,0,0,0,Bag and keep on raised pallet,Burning,1,0,0,0,0,,,Yes,10-50,Yes,5,No,,,,,,,,,,0.2774016 32.9982346 1201.5 3.953;0.2772536 32.9981529 1198.0 3.488;0.2771618 32.9981976 1196.0 3.562;0.2774016 32.9982346 1201.5 3.953,,,94da5884-6cfd-45c6-9e55-cc59098f5857,submitted_via_web,kenneth1elly,uuid:94da5884-6cfd-45c6-9e55-cc59098f5857
Were Kenneth Elly,2025-10-03 12:22:00,0.2789616 32.9954277 1191.6000000000001 4.9,0.2789616,32.9954277,1191.6,4.9,Buikwe,Buikwe,Kimoma A,EKUB1024,Sendagire Emmanuel,Male,1974-08-06 00:00:00,51,Adult,Married,No,701172297,,,No formal education,I am engaged in income generating activities and have an individual income,Self employment ,0,1,0,,,,,Male,No formal education,8,6,No,Farming,100000,,3,No,No,No,Firewood,0,0,1,,,,,,,,,,"Coffee, Maize",1,0,0,0,0,0,0,1,500000,400000,"Coffee, Cocoa, Cassava",1,1,0,0,0,0,1,,> 4 years,800,800,Kiboko,0,1,0,0,Pests and diseases Lack of access to market Price fluctuations Lack of or access to knowledge and extension services,1,0,1,1,0,0,1,<1 Year,10,0,,,,,,,Pest and diseases,1,0,0,0,0,0,0,,,,,,,,,,,,,,,,,,,,,,,,,,,,,,,,,,,,,,,,,,,,,,,,,,,,,,,,,,,,,,,,,,,,,,,,,,,,,,,,,,,,,Yes,,No,,None of the above,0,0,0,0,1,Use of integrated methods,0,0,1,,Purchase and apply inorganic fertilizer,0,0,1,1,0,"Fellow local farmers, Local nursery beds Personal nursery",1,0,1,0,0,0,1,Tarpaulin,1,0,0,0,Bag and keep on raised pallet,Burning,1,0,0,0,0,,,Yes,<10,Yes,20,No,,,,,,,,,,0.279054 32.9954733 1196.5 3.744;0.2793417 32.995674 1202.7 3.587;0.2798315 32.9954519 1208.1000000000001 3.538;0.2797744 32.9951275 1207.5 3.232;0.279022 32.9951121 1197.4 3.386;0.279054 32.9954733 1196.5 3.744,,,21e406fa-a8fc-4dbe-9f05-2185bad79ad4,submitted_via_web,kenneth1elly,uuid:21e406fa-a8fc-4dbe-9f05-2185bad79ad4
Were Kenneth Elly,2025-10-03 12:48:00,0.2793278 32.9935218 1181.6000000000001 4.6,0.2793278,32.9935218,1181.6,4.6,Buikwe,Buikwe,Kimoma A,EKUB1025,Kalema Lawrence kagwa,Male,1962-12-09 00:00:00,63,Adult,Married,Yes,705690067,753560618,,UCE,I am engaged in income generating activities and have an individual income,Self employment ,0,1,0,,,,,Male,UCE,16,14,No,Farming,150000,,3,No,No,No,Firewood,0,0,1,,,,,,,,,,"Coffee, Vanilla, Cassava, Avocado, Beans",1,0,1,0,1,1,1,0,1000000,700000,"Coffee, Vanilla, Jackfruit, Avocado, Cassava",1,0,1,1,0,1,1,,> 4 years,100,100,"Kiboko, Fresh",1,1,0,0,Pests and diseases Price fluctuations Post harvest losses Lack of or access to knowledge and extension services,1,0,0,1,1,0,1,,,,,,,,,,,,,,,,,,,>4 years,20,20,Fresh,1,0,0,"Price fluctuations, Lack of access to market",0,0,1,1,0,0,0,,>4 Years,8,5,Ripe,0,1,0,Lack of access to market,0,0,1,0,0,0,0,,,,,,,,,,,,,,,,,,>4 Years,4,2,Ripe,0,1,0,Lack of access to market,0,0,1,0,0,0,0,,1 - 4 Years,500,500,Fresh,1,0,0,0,Pests and diseases Low prices Price fluctuations,1,0,0,1,1,0,0,0,,,Yes,,No,,None of the above,0,0,0,0,1,Spraying with inorganic chemicals,1,0,0,<6 months ,Purchase and apply organic fertilizers,0,0,1,1,0,"Fellow local farmers, Local nursery beds Personal nursery",1,0,1,0,0,0,1,Tarpaulin,1,0,0,0,Bag and keep on raised pallet,Burning,1,0,0,0,0,,,Yes,10-50,Yes,30,No,,,,,,,,,,0.2792573 32.9934763 1205.3000000000002 4.308;0.2774193 32.9924826 1179.8000000000002 3.014;0.2776775 32.9923618 1181.4 3.725;0.279367 32.9933357 1207.3000000000002 3.421;0.2792573 32.9934763 1205.3000000000002 4.308,,,653d5bb7-4759-41ac-bd85-366590e8a2d9,submitted_via_web,kenneth1elly,uuid:653d5bb7-4759-41ac-bd85-366590e8a2d9
Were Kenneth Elly,2025-10-03 14:16:00,0.2755607 32.992718 1181.0 4.25,0.2755607,32.992718,1181,4.25,Buikwe,Buikwe,Kimoma A,EKUB1026,Waswa John,Male,1966-06-15 00:00:00,60,Adult,Married,No,707139079,,,No formal education,I am engaged in income generating activities and have an individual income,Self employment ,0,1,0,,,,,Male,No formal education,8,6,No,Farming,150000,,3,No,No,No,Firewood,0,0,1,,,,,,,,,,"Coffee, Vanilla",1,0,1,0,0,0,0,0,1000000,800000,Coffee Vanilla Cassava,1,0,1,0,0,0,1,,> 4 years,600,600,Hulled,0,0,1,0,"Pests and diseases, Lack of access to quality inputs, Price fluctuations, Lack of or access to knowledge and extension services",1,1,0,1,0,0,1,,,,,,,,,,,,,,,,,,,>4 years,200,200,Fresh,1,0,0,"Price fluctuations, Lack of labor",0,0,0,1,0,1,0,,,,,,,,,,,,,,,,,,,,,,,,,,,,,,,,,,,,,,,,,,,,,,,,,,,,,,,,,,,,,,,,,,,,,Yes,,No,,None of the above,0,0,0,0,1,Spraying with inorganic chemicals,1,0,0,<6 months ,Apply Manure ,0,0,1,1,0,"Fellow local farmers, Local nursery beds Personal nursery",1,0,1,0,0,0,1,Tarpaulin,1,0,0,0,Bag and keep on raised pallet,Burning,1,0,0,0,0,,,Yes,10-50,Yes,200,No,,,,,,,,,,0.2756709 32.992245 1169.4 4.688;0.2756718 32.9920992 1168.1000000000001 3.635;0.2755273 32.9919831 1166.0 4.091;0.2753708 32.992299 1173.1000000000001 3.136;0.2751483 32.992297 1173.5 3.576;0.2751395 32.9927014 1179.8000000000002 3.48;0.2753439 32.9927409 1177.9 3.171;0.2753005 32.9930564 1177.0 3.553;0.275617 32.993061 1180.6000000000001 3.622;0.2756709 32.992245 1169.4 4.688,,,77013094-9c3b-461a-acf4-0ae977a99785,submitted_via_web,kenneth1elly,uuid:67a39e22-3e89-4ab6-a7f1-2130346cce26
Ngabirano Deus,2025-10-03 12:21:00,0.275466 33.0004839 1223.9 4.821,0.275466,33.0004839,1223.9,4.821,Buikwe,Buikwe,Kikoma A,EKUB1027,Nampera Grace,Female,1965-12-14 00:00:00,60,Adult,Married,No,741974189,,,No formal education,I am without employment and do not have an individual income,,,,,,,,,Female,No formal education,7,6,Yes,Farming,30000,,3,No,No,No,Firewood,0,0,1,,,,,,,,,,"Coffee, Avocado",1,0,0,0,0,1,0,0,300000,200000,Coffee Avocado,1,0,0,0,0,1,0,,> 4 years,130,70,Fresh,1,0,0,0,Pests and diseases Lack of access to quality inputs Lack of access to market,1,1,1,0,0,0,0,,,,,,,,,,,,,,,,,,,,,,,,,,,,,,,,,,,,,,,,,,,,,,,,,,,,,,,,,,,,,,,,,,,>4 Years,4,2,Raw,1,0,0,Price fluctuations Lack of access to market,0,0,1,1,0,0,0,,,,,,,,,,,,,,,,,,,,,No,,No,,None of the above,0,0,0,0,1,Using organic ,0,1,0,,Purchase and apply inorganic fertilizer,0,0,1,1,0,"Fellow local farmers, Local agro-inputs shops",1,1,0,0,0,0,0,Tarpaulin,1,0,0,0,Keep on the floor,Dump at a heap around the farm Dump in a pit,0,1,0,1,0,,,No,,No,,No,,,,,,,,,,0.2754313 33.0003894 1222.9 3.522; 0.2754554 33.000229 1222.0 1.641; 0.2755531 33.0001399 1221.1 1.696; 0.2756154 33.0002699 1218.6 1.69; 0.2755345 33.0005094 1223.5 6.526; 0.2754313 33.0003894 1222.9 3.522,,,e8fec7f9-a0fa-46d2-a651-2c86396fc4e1,submitted_via_web,deus_1,uuid:e8fec7f9-a0fa-46d2-a651-2c86396fc4e1
Ngabirano Deus,2025-10-03 13:19:00,0.2742099 33.0016954 1220.0 4.708,0.2742099,33.0016954,1220,4.708,Buikwe,Buikwe,Kikoma,EKUB1028,Ssajjabi David,Male,1966-06-16 00:00:00,60,Adult,Married,No,784696254,,,PLE,I am without employment and do not have an individual income,,,,,,,,,Male,PLE,3,2,No,Farming,250000,,3,No,No,No,Firewood,0,0,1,,,,,,,,,,"Coffee, Avocado",1,0,0,0,0,1,0,0,400000,200000,Coffee Avocado,1,0,0,0,0,1,0,,> 4 years,2500,230,Kiboko,0,1,0,0,Pests and diseases Lack of access to market,1,0,1,0,0,0,0,,,,,,,,,,,,,,,,,,,,,,,,,,,,,,,,,,,,,,,,,,,,,,,,,,,,,,,,,,,,,,,,,,,>4 Years,5,5,Raw,1,0,0,Pests and diseases Price fluctuations,1,0,0,1,0,0,0,,,,,,,,,,,,,,,,,,,,,Yes,,No,,None of the above,0,0,0,0,1,Using organic ,0,1,0,,Apply Manure ,0,0,1,1,0,"Fellow local farmers, Personal nursery",1,0,0,0,0,0,1,Tarpaulin Raised platforms,1,0,0,1,Bag and keep on raised pallet,Dump in a pit Dump at a heap around the farm,0,1,0,1,0,,,No,,Yes,6,No,,,,,,,,,,0.274334 33.00174 1221.2 3.985; 0.2743369 33.0018209 1219.9 1.655; 0.2743235 33.0019207 1220.7 1.9; 0.2743431 33.0020023 1219.7 1.75; 0.2743684 33.0020773 1222.2 1.975; 0.2743473 33.0021824 1224.2 1.775; 0.2742869 33.00219 1217.0 6.402; 0.2742436 33.0021685 1217.1 5.85; 0.2742433 33.0021683 1217.1 5.926; 0.2740905 33.0021261 1215.5 6.36; 0.274334 33.00174 1221.2 3.985,,,825ac342-2794-468e-9ed3-6064f7bb071a,submitted_via_web,deus_1,uuid:825ac342-2794-468e-9ed3-6064f7bb071a
Ngabirano Deus,2025-10-03 15:18:00,0.2709566 33.0005681 1219.8 4.774,0.2709566,33.0005681,1219.8,4.774,Buikwe,Buikwe,Kikoma A,EKUB1029,Mugambe Budhala,Male,1977-08-10 00:00:00,48,Adult,Single,No,,,708264147,No formal education,I am without employment and do not have an individual income,,,,,,,,,Male,No formal education,,,,Farming,40000,,2,No,No,No,Firewood,0,0,1,,,,,,,,,,Coffee,1,0,0,0,0,0,0,0,300000,150000,Coffee,1,0,0,0,0,0,0,,> 4 years,200,180,Fresh,1,0,0,0,Pests and diseases Lack of access to quality inputs Lack of access to market,1,1,1,0,0,0,0,,,,,,,,,,,,,,,,,,,,,,,,,,,,,,,,,,,,,,,,,,,,,,,,,,,,,,,,,,,,,,,,,,,,,,,,,,,,,,,,,,,,,,,,,,,,,,,,,,,,,,No,,No,,None of the above,0,0,0,0,1,Using organic ,0,1,0,,"Purchase and apply inorganic fertilizer, Mulch, Crop rotation and intercropping with legumes, Apply Manure ",0,0,1,1,0,Fellow local farmers,1,0,0,0,0,0,0,Tarpaulin,1,0,0,0,Keep on the floor,Dump in a pit Dump at a heap around the farm,0,1,0,1,0,,,No,,No,,No,,,,,,,,,,0.27089 33.000555 1216.2 3.2; 0.2708002 33.0005239 1211.3 1.74; 0.2707602 33.0004707 1215.4 2.212; 0.2707317 33.0004633 1213.7 2.232; 0.2708447 33.0003625 1212.9 1.946; 0.270875 33.000365 1212.5 2.88; 0.270875 33.000365 1212.5 3.317; 0.270875 33.000365 1212.5 1.944; 0.2709646 33.0002934 1210.0 3.996; 0.271071 33.0003178 1210.3 1.723; 0.2709831 33.000466 1205.2 1.714; 0.27089 33.000555 1216.2 3.2,,,a055e4be-4792-4ac8-9692-05d4940cdda2,submitted_via_web,deus_1,uuid:a055e4be-4792-4ac8-9692-05d4940cdda2
Ngabirano Deus,2025-10-03 15:42:00,0.271045 33.001473 1215.1 4.389,0.271045,33.001473,1215.1,4.389,Buikwe,Buikwe,Kikoma A,EKUB1030,Nabuntu Teopista,Female,1961-12-24 00:00:00,64,Adult,Widowed,No,,,708264147,No formal education,I am without employment and do not have an individual income,,,,,,,,,Female,No formal education,5,4,No,Farming,100000,,2,No,No,No,Firewood,0,0,1,,,,,,,,,,Coffee,1,0,0,0,0,0,0,0,250000,140000,Coffee,1,0,0,0,0,0,0,,> 4 years,310,290,Kiboko,0,1,0,0,Pests and diseases Lack of access to market Price fluctuations,1,0,1,1,0,0,0,,,,,,,,,,,,,,,,,,,,,,,,,,,,,,,,,,,,,,,,,,,,,,,,,,,,,,,,,,,,,,,,,,,,,,,,,,,,,,,,,,,,,,,,,,,,,,,,,,,,,,No,,No,,None of the above,0,0,0,0,1,Using organic ,0,1,0,,"Mulch, Apply Manure, Crop rotation and intercropping with legumes",0,0,1,1,0,Fellow local farmers,1,0,0,0,0,0,0,Tarpaulin,1,0,0,0,Bag and keep on the floor in a store,Dump in a pit Dump at a heap around the farm,0,1,0,1,0,,,No,,No,,No,,,,,,,,,,0.2707504 33.0015875 1217.9 2.083; 0.2709451 33.0016477 1211.8 1.954; 0.2711103 33.0016336 1211.4 1.998; 0.2712343 33.0016018 1212.4 1.909; 0.2713086 33.0014835 1209.3 1.77; 0.2714165 33.0013611 1211.6 7.939; 0.2712818 33.0013441 1215.2 1.85; 0.2711901 33.0012829 1213.3 1.7; 0.2707504 33.0015875 1217.9 2.083,,,2cf41ed6-fbc9-4acf-8662-bc8c69baece5,submitted_via_web,deus_1,uuid:2cf41ed6-fbc9-4acf-8662-bc8c69baece5
Ngabirano Deus,2025-10-03 16:10:00,0.27049 33.0021983 1179.7 4.8,0.27049,33.0021983,1179.7,4.8,Buikwe,Buikwe,Kikoma B,EKUB1031,Terebula Hussein,Male,1962-10-27 00:00:00,63,Adult,Married,No,77444744,754414878,,PLE,I am without employment and do not have an individual income,,,,,,,,,Male,PLE,19,17,No,Farming,450000,,3,No,No,No,Firewood,0,0,1,,,,,,,,,,"Coffee, Vanilla",1,0,1,0,0,0,0,0,300000,200000,Coffee Vanilla,1,0,1,0,0,0,0,,> 4 years,350,300,Kiboko,0,1,0,0,Pests and diseases Lack of access to market Price fluctuations,1,0,1,1,0,0,0,,,,,,,,,,,,,,,,,,,>4 years,50,50,Fresh,1,0,0,"Pests and diseases, Price fluctuations",1,0,0,1,0,0,0,,,,,,,,,,,,,,,,,,,,,,,,,,,,,,,,,,,,,,,,,,,,,,,,,,,,,,,,,,,,,,,,,,,,,No,,No,,None of the above,0,0,0,0,1,Using organic ,0,1,0,,"Crop rotation and intercropping with legumes Apply Manure, Purchase and apply inorganic fertilizer",0,0,1,1,0,"Fellow local farmers, Local agro-inputs shops",1,1,0,0,0,0,0,Tarpaulin,1,0,0,0,Bag and keep on raised pallet,Dump at a heap around the farm Dump in a pit,0,1,0,1,0,,,No,,No,,No,,,,,,,,,,0.2702364 33.0021913 1211.7 1.883; 0.2700914 33.0022633 1208.9 1.7; 0.2700054 33.0022081 1204.3 1.929; 0.2699927 33.0021342 1203.3 1.648; 0.2702364 33.0021913 1211.7 1.883,,,9e265cee-b819-40c8-b3bb-9e027918b263,submitted_via_web,deus_1,uuid:9e265cee-b819-40c8-b3bb-9e027918b263
Musisi paul Namugera,2025-10-03 16:36:00,0.270986 33.0024474 1187.4 3.85,0.270986,33.0024474,1187.4,3.85,Buikwe,Buikwe,KIKOMA B,EKUB1032,Kimanyirire Milly,Female,1965-06-15 00:00:00,61,Adult,Widowed,No,788588892,754994662,,PLE,I am engaged in income generating activities and have an individual income,Self employment ,0,1,0,,,,,Female,PLE,11,10,Yes,Farming,150000,,2,No,No,No,"Charcoal, Firewood",0,1,1,5000,,,,,,,,,"Coffee, Jackfruit, Cassava, Avocado, Beans, Maize",1,0,0,1,1,1,1,1,500000,450000,"Coffee, Jackfruit, Avocado, Cassava",1,0,0,1,0,1,1,,> 4 years,500,300,"Kiboko, Hulled",0,1,1,0,Pests and diseases Lack of access to quality inputs Lack of access to market Price fluctuations Lack of or access to knowledge and extension services,1,1,1,1,0,0,1,,,,,,,,,,,,,,,,,,,,,,,,,,,,,,,,,,,>4 Years,7,7,Ripe,0,1,0,"Pests and diseases, Lack of access to market, Lack of access to knowledge and extension services",1,0,1,0,0,0,1,,,,,,,,,,,,,,,,,,>4 Years,3,3,Raw,1,0,0,Lack of access to market Post harvest losses,0,0,1,0,1,0,0,,>4 Years,200,120,Fresh Dried chips,1,1,0,0,Lack of access to market Low prices,0,0,1,1,0,0,0,0,,,Yes,,No,,None of the above,0,0,0,0,1,Use of integrated methods,0,0,1,,"Crop rotation and intercropping with legumes Mulch Apply Manure, Purchase and apply inorganic fertilizer",0,1,1,0,1,Local agro-inputs shops Local nursery beds Fellow local farmers,1,1,1,0,0,0,0,Tarpaulin,1,0,0,0,Bag and keep on the floor in a store,Burning,1,0,0,0,0,,,No,,Yes,50,No,,,,,,,,,,0.2707095 33.0024683 1193.0 1.45; 0.2706943 33.0022823 1194.4 1.6; 0.2715917 33.0019983 1197.4 3.7; 0.2720353 33.0017619 1199.2 3.05; 0.2721166 33.0018538 1200.3000000000002 1.783; 0.2716941 33.0020997 1199.4 1.633; 0.2714869 33.0024045 1201.5 1.6; 0.2708411 33.0027947 1196.5 1.683; 0.2707095 33.0024683 1193.0 1.45,,,a261e81a-ac5c-448d-a720-046eb9b61c09,submitted_via_web,katwesiime_1,uuid:a261e81a-ac5c-448d-a720-046eb9b61c09
Musisi paul Namugera,2025-10-03 16:04:00,0.2707037 33.001657 1181.2 4.925,0.2707037,33.001657,1181.2,4.925,Buikwe,Buikwe,Kikoma A ,EKUB1033,Kumukyaya Fridah,Female,1993-07-14 00:00:00,33,Youth,Married,No,755575462,,,PLE,I am engaged in income generating activities and have an individual income,Self employment ,0,1,0,,,,,Male,PLE,5,3,Yes,Farming,100000,,2,Yes,No,No,"Charcoal, Firewood",0,1,1,0,,,,,,,,,"Coffee, Cassava, Beans, Maize",1,0,0,0,1,0,1,1,250000,200000,"Coffee, Jackfruit, Avocado, Cassava",1,0,0,1,0,1,1,,> 4 years,100,80,"Fresh, Kiboko",1,1,0,0,"Pests and diseases, Price fluctuations, Lack of access to market Lack of access to quality inputs",1,1,1,1,0,0,0,,,,,,,,,,,,,,,,,,,,,,,,,,,,,,,,,,,>4 Years,2,2,Ripe,0,1,0,Lack of access to market,0,0,1,0,0,0,0,,,,,,,,,,,,,,,,,,>4 Years,2,2,Raw,1,0,0,Lack of access to market,0,0,1,0,0,0,0,,>4 Years,120,50,Fresh Dried chips,1,1,0,0,Low prices Lack of access to market,0,0,1,1,0,0,0,0,,,Yes,,No,,None of the above,0,0,0,0,1,Use of integrated methods,0,0,1,,Crop rotation and intercropping with legumes Mulch Purchase and apply organic fertilizers,0,0,0,0,1,"Fellow local farmers, Local agro-inputs shops, Local nursery beds",1,1,1,0,0,0,0,Tarpaulin Bare ground,1,1,0,0,Bag and keep on the floor in a store,Burning Dump at a heap around the farm,1,0,0,1,0,,,No,,Yes,10,No,,,,,,,,,,0.27085 33.0017733 1187.7 16.0; 0.270486 33.0016158 1185.9 1.7; 0.2705054 33.0015317 1187.4 1.833; 0.2706156 33.0014968 1187.1000000000001 1.866; 0.27085 33.0017733 1187.7 16.0,,,a6dc000e-02d8-4dff-b018-bb092f2b27df,submitted_via_web,katwesiime_1,uuid:a6dc000e-02d8-4dff-b018-bb092f2b27df
Musisi paul Namugera,2025-10-03 15:41:00,0.2707522 33.0014218 1187.5 4.666,0.2707522,33.0014218,1187.5,4.666,Buikwe,Buikwe,Kikoma A,EKUB1034,Ssalongo Sambwa,Male,1973-06-15 00:00:00,53,Adult,Married,No,789462783,,,PLE,I am engaged in income generating activities and have an individual income,Self employment ,0,1,0,,,,,Male,PLE,9,7,Yes,Farming,100000,,2,Yes,No,No,"Charcoal, Firewood",0,1,1,0,,,,,,,,,"Coffee, Vanilla, Jackfruit, Cassava, Beans, Maize, Cocoa",1,1,1,1,1,0,1,1,400000,350000,Coffee Jackfruit Cassava,1,0,0,1,0,0,1,,> 4 years,200,150,"Fresh, Kiboko",1,1,0,0,Price fluctuations Lack of access to quality inputs Pests and diseases Lack of or access to knowledge and extension services,1,1,0,1,0,0,1,,,,,,,,,,,,,,,,,,,,,,,,,,,,,,,,,,,>4 Years,3,2,Ripe,0,1,0,Lack of access to market,0,0,1,0,0,0,0,,,,,,,,,,,,,,,,,,,,,,,,,,,,,,,,,,>4 Years,100,50,Fresh Dried chips,1,1,0,0,Low prices,0,0,0,1,0,0,0,0,,,No,,No,,None of the above,0,0,0,0,1,Use of integrated methods,0,0,1,,Apply Manure  Mulch Crop rotation and intercropping with legumes Purchase and apply inorganic fertilizer,0,0,1,0,1,"Fellow local farmers, Local agro-inputs shops, Local nursery beds",1,1,1,0,0,0,0,Tarpaulin Bare ground,1,1,0,0,Bag and keep on the floor in a store,Burning Dump at a heap around the farm,1,0,0,1,0,,,No,,Yes,5,No,,,,,,,,,,0.2705981 33.0013724 1186.8000000000002 2.3; 0.2705799 33.0012618 1187.1000000000001 1.683; 0.2704574 33.0012826 1185.6000000000001 1.7; 0.2704103 33.0013266 1185.8000000000002 1.516; 0.2705494 33.0014057 1189.0 1.783; 0.2705547 33.0014607 1190.8000000000002 1.883; 0.2705949 33.0014845 1189.4 1.883; 0.2705981 33.0013724 1186.8000000000002 2.3,,,8a5e615c-e48c-4f27-a9a4-cc4df3dd4b40,submitted_via_web,katwesiime_1,uuid:8a5e615c-e48c-4f27-a9a4-cc4df3dd4b40
Musisi paul Namugera,2025-10-03 13:50:00,0.2743443 33.0016603 1209.7 4.06,0.2743443,33.0016603,1209.7,4.06,Buikwe,Buikwe,Kikoma A,EKUB1035,Nyigaga Ruth,Female,1984-06-15 00:00:00,42,Adult,Divorced,No,706276821,789462783,,PLE,I am engaged in income generating activities and have an individual income,Self employment ,0,1,0,,,,,Female,PLE,9,8,Yes,Farming,150000,,2,Yes,No,No,"Charcoal, Firewood",0,1,1,5000,,,,,,,,,"Coffee, Jackfruit, Cassava, Avocado, Beans, Maize",1,0,0,1,1,1,1,1,250000,300000,"Coffee, Jackfruit, Avocado, Cassava",1,0,0,1,0,1,1,,> 4 years,250,250,"Kiboko, Fresh",1,1,0,0,"Pests and diseases, Lack of access to quality inputs, Price fluctuations, Lack of or access to knowledge and extension services",1,1,0,1,0,0,1,,,,,,,,,,,,,,,,,,,,,,,,,,,,,,,,,,,1 - 4 Years,1,1,Ripe,0,1,0,"Lack of access to market, Lack of access to knowledge and extension services, Pests and diseases",1,0,1,0,0,0,1,,,,,,,,,,,,,,,,,,>4 Years,5,5,Raw,1,0,0,Lack of access to market Post harvest losses Price fluctuations,0,0,1,1,1,0,0,,>4 Years,200,50,Fresh Dried chips,1,1,0,0,Lack of access to market Low prices Price fluctuations,0,0,1,1,1,0,0,0,,,Yes,,No,,None of the above,0,0,0,0,1,Spraying with inorganic chemicals Use of integrated methods,1,0,1,<6 months ,"Crop rotation and intercropping with legumes Apply Manure, Purchase and apply inorganic fertilizer Purchase and apply organic fertilizers",0,0,1,0,1,"Fellow local farmers, Local agro-inputs shops, Local nursery beds",1,1,1,0,0,0,0,Tarpaulin,1,0,0,0,Bag and keep on the floor in a store,Burning Dump at a heap around the farm,1,0,0,1,0,,,No,,Yes,10,No,,,,,,,,,,0.2762103 33.00331 1260.6000000000001 6.15; 0.2764783 33.0033122 1231.9 2.3; 0.2765363 33.0027893 1205.1000000000001 1.55; 0.2763737 33.0028015 1203.5 1.6; 0.2763137 33.0027256 1223.6000000000001 1.683; 0.2761546 33.0027266 1224.3000000000002 1.616; 0.2762103 33.00331 1260.6000000000001 6.15,,,755ee8cc-96df-4701-9237-655134efecb2,submitted_via_web,katwesiime_1,uuid:755ee8cc-96df-4701-9237-655134efecb2
Musisi paul Namugera,2025-10-03 13:03:00,0.2742058 33.0010347 1226.0 4.083,0.2742058,33.0010347,1226,4.083,Buikwe,Buikwe,Kikoma A,EKUB1036,Kyazike Annet,Female,1988-01-01 00:00:00,38,Adult,Married,No,70117290,75340660,,PLE,I am engaged in income generating activities and have an individual income,Self employment ,0,1,0,,,,,Male,PLE,5,3,Yes,Farming,200000,,2,No,No,No,"Firewood, Charcoal",0,1,1,10000,,,,,,,,,"Coffee, Jackfruit, Cassava, Avocado, Beans, Maize",1,0,0,1,1,1,1,1,800000,600000,"Coffee, Jackfruit, Avocado, Cassava",1,0,0,1,0,1,1,,> 4 years,450,450,"Fresh, Kiboko, Hulled",1,1,1,0,"Pests and diseases, Lack of access to quality inputs, Price fluctuations, Lack of or access to knowledge and extension services",1,1,0,1,0,0,1,,,,,,,,,,,,,,,,,,,,,,,,,,,,,,,,,,,>4 Years,2,2,Ripe,0,1,0,"Lack of access to market, Pests and diseases, Lack of access to knowledge and extension services",1,0,1,0,0,0,1,,,,,,,,,,,,,,,,,,>4 Years,1,1,Raw,1,0,0,Lack of access to market Post harvest losses Lack of access to knowledge and extension services,0,0,1,0,1,0,1,,>4 Years,400,200,Fresh,1,0,0,0,Low prices Price fluctuations Lack of access to market,0,0,1,1,1,0,0,0,,,Yes,,No,,None of the above,0,0,0,0,1,Spraying with inorganic chemicals Use of integrated methods,1,0,1,<6 months ,Crop rotation and intercropping with legumes Apply Manure ,0,1,1,0,1,"Local agro-inputs shops, Fellow local farmers, Local nursery beds",1,1,1,0,0,0,0,Bare ground Tarpaulin,1,1,0,0,Bag and keep on the floor in a store,Burning Dump at a heap around the farm,1,0,0,1,0,,,No,,Yes,5,No,,,,,,,,,,0.2741948 33.001099 1218.5 2.766; 0.2744445 33.0010471 1209.5 1.55; 0.2741893 33.0005293 1203.9 1.616; 0.2739244 33.0006757 1207.3000000000002 1.583; 0.2740023 33.000914 1205.9 1.683; 0.274206 33.0008978 1210.4 1.833; 0.27428 33.0009182 1210.5 1.833; 0.2741948 33.001099 1218.5 2.766,,,282a657d-bbeb-487e-b71a-a079720caca0,submitted_via_web,katwesiime_1,uuid:282a657d-bbeb-487e-b71a-a079720caca0
Musisi paul Namugera,2025-10-03 11:54:00,0.2768674 33.000596 1209.5 4.866,0.2768674,33.000596,1209.5,4.866,Buikwe,Buikwe,Kikoma A,EKUB1037,Lubwama Christopher,Male,1966-06-15 00:00:00,60,Adult,Married,Yes,74301952,,,PLE,I am engaged in income generating activities and have an individual income,Self employment ,0,1,0,,,,,Male,PLE,7,5,Yes,Farming,200000,,2,Yes,Yes,No,Firewood,0,0,1,50000,,,,,,,,,"Coffee, Jackfruit, Cassava, Avocado, Beans, Maize",1,0,0,1,1,1,1,1,500000,400000,"Coffee, Jackfruit, Avocado, Cassava",1,0,0,1,0,1,1,,> 4 years,700,500,Kiboko,0,1,0,0,Pests and diseases Lack of or access to knowledge and extension services Price fluctuations Lack of access to quality inputs,1,1,0,1,0,0,1,,,,,,,,,,,,,,,,,,,,,,,,,,,,,,,,,,,>4 Years,15,10,Ripe,0,1,0,"Lack of access to market, Lack of access to knowledge and extension services, Pests and diseases",1,0,1,0,0,0,1,,,,,,,,,,,,,,,,,,>4 Years,10,10,Ripe,0,1,0,Lack of access to market Post harvest losses Price fluctuations,0,0,1,1,1,0,0,,>4 Years,500,0,Fresh,1,0,0,0,Lack of access to market Low prices Price fluctuations,0,0,1,1,1,0,0,0,,,Yes,,No,,None of the above,0,0,0,0,1,Spraying with inorganic chemicals Use of integrated methods,1,0,1,<6 months ,"Apply Manure, Purchase and apply inorganic fertilizer Crop rotation and intercropping with legumes Mulch",0,1,1,0,1,Local agro-inputs shops Local nursery beds Fellow local farmers,1,1,1,0,0,0,0,Tarpaulin,1,0,0,0,Bag and keep on the floor in a store,Burning Dump at a heap around the farm,1,0,0,1,0,,,No,,Yes,5,No,,,,,,,,,,0.2768219 33.0007086 1241.9 3.58; 0.2767584 32.999818 1215.6000000000001 1.633; 0.2764653 32.9999891 1211.8000000000002 1.95; 0.2766478 33.0006226 1214.8000000000002 1.76; 0.2768219 33.0007086 1241.9 3.58,,,aaca4943-b813-4aae-aadb-dfaf374576e1,submitted_via_web,katwesiime_1,uuid:aaca4943-b813-4aae-aadb-dfaf374576e1
Were Kenneth Elly,2025-10-03 15:02:00,0.2711333 32.9917867 1163.7 3.7,0.2711333,32.9917867,1163.7,3.7,Buikwe,Buikwe,Kimoma A,EKUB1038,Kaganda Henry,Male,1985-09-03 00:00:00,40,Adult,Married,Yes,740784713,704344783,,PLE,I am engaged in income generating activities and have an individual income,Self employment ,0,1,0,,,,,Male,PLE,8,6,Yes,Farming,100000,,2,No,No,No,Firewood,0,0,1,,,,,,,,,,"Coffee, Cocoa, Maize, Beans",1,1,0,0,0,0,1,1,600000,600000,Coffee Cocoa,1,1,0,0,0,0,0,,> 4 years,500,300,Kiboko,0,1,0,0,Pests and diseases Lack of access to market Lack of or access to knowledge and extension services,1,0,1,0,0,0,1,<1 Year,100,3,Fresh,0,1,0,0,0,Pest and diseases,1,0,0,0,0,0,0,,,,,,,,,,,,,,,,,,,,,,,,,,,,,,,,,,,,,,,,,,,,,,,,,,,,,,,,,,,,,,,,,,,,,,,,,,,,,,,,,,,,,Yes,,No,,None of the above,0,0,0,0,1,Spraying with inorganic chemicals,1,0,0,<6 months ,Crop rotation and intercropping with legumes Apply Manure  Mulch Purchase and apply inorganic fertilizer,0,1,0,0,0,"Fellow local farmers, Personal nursery",1,0,0,0,0,0,1,Tarpaulin,1,0,0,0,Bag and keep on raised pallet,Burning,1,0,0,0,0,,,Yes,10-50,Yes,50,No,,,,,,,,,,0.2710633 32.9917434 1174.4 2.8; 0.2709796 32.9915065 1155.1000000000001 3.087; 0.27077 32.9915483 1154.9 3.318; 0.2708798 32.9918717 1162.3000000000002 3.377; 0.2710633 32.9917434 1174.4 2.8,,,f74b66de-038a-4f5d-8eab-68414a31ad50,submitted_via_web,kenneth1elly,uuid:f74b66de-038a-4f5d-8eab-68414a31ad50
Were Kenneth Elly,2025-10-03 15:34:00,0.2677468 32.9924296 1152.6000000000001 4.0,0.2677468,32.9924296,1152.6,4,Buikwe,Buikwe,Kimoma A,EKUB1039,Namubiru Zaina,Female,1994-12-22 00:00:00,31,Youth,Married,No,754163135,,,No formal education,I am engaged in income generating activities and have an individual income,Self employment ,0,1,0,,,,,Female,No formal education,7,5,No,Farming,70000,,3,No,No,No,Firewood,0,0,1,,,,,,,,,,"Coffee, Maize, Beans",1,0,0,0,0,0,1,1,500000,200000,Coffee Cocoa Avocado Cassava,1,1,0,0,0,1,1,,> 4 years,150,150,Hulled,0,0,1,0,Pests and diseases Lack of access to market Lack of or access to knowledge and extension services,1,0,1,0,0,0,1,>4 Years,8,8,Fresh,0,1,0,0,0,Lack of or access to knowledge and extension services,0,0,0,0,0,0,1,,,,,,,,,,,,,,,,,,,,,,,,,,,,,,,,,,,,,,,,,,,,,,,,,,<1 Year,2,0,,,,,Pests and diseases Lack of access to knowledge and extension services,1,0,0,0,0,0,1,,>4 Years,200,100,Dried chips,0,1,0,0,Pests and diseases Lack of access to knowledge and extension services,1,0,0,0,0,0,0,1,,,Yes,,No,,None of the above,0,0,0,0,1,Spraying with inorganic chemicals,1,0,0,<6 months ,"Purchase and apply inorganic fertilizer, Mulch, Crop rotation and intercropping with legumes, Apply Manure ",0,0,1,1,0,"Fellow local farmers, Personal nursery Local nursery beds",1,0,1,0,0,0,1,Tarpaulin,1,0,0,0,Bag and keep on raised pallet,Burning,1,0,0,0,0,,,Yes,<10,Yes,19,No,,,,,,,,,,0.267877 32.9924224 1158.4 3.128; 0.2677602 32.9914642 1146.9 3.232; 0.267436 32.9915217 1151.0 3.699; 0.2675322 32.9918961 1153.3000000000002 3.678; 0.2676528 32.9918844 1152.3000000000002 3.531; 0.267723 32.9920835 1153.9 3.735; 0.267594 32.9921072 1154.8000000000002 3.85; 0.2676634 32.9925266 1158.0 3.825; 0.267877 32.9924224 1158.4 3.128,,,6f429b0a-bcaa-4e40-8e65-d876f7496a32,submitted_via_web,kenneth1elly,uuid:6f429b0a-bcaa-4e40-8e65-d876f7496a32
Bukenya Denis Stanley,2025-10-06 10:16:00,0.2896561 33.0183928 1218.6000000000001 4.9,0.2896561,33.0183928,1218.6,4.9,Buikwe,Buikwe,Makonge,EKUB1040,Nakalyoowa Minsa,Female,1990-12-20 00:00:00,35,Youth,Married,No,756417086,782417086,,PLE,I am engaged in income generating activities and have an individual income,Self employment ,0,1,0,,,,,Male,PLE,5,3,No,Farming,350000,,3,No,No,No,Firewood,0,0,1,,,,,,,,,,"Coffee, Maize",1,0,0,0,0,0,0,1,950000,800000,Coffee,1,0,0,0,0,0,0,,> 4 years,170,150,"Fresh, Kiboko",1,1,0,0,"Pests and diseases, Lack of access to quality inputs, Price fluctuations, Lack of or access to knowledge and extension services",1,1,0,1,0,0,1,,,,,,,,,,,,,,,,,,,,,,,,,,,,,,,,,,,,,,,,,,,,,,,,,,,,,,,,,,,,,,,,,,,,,,,,,,,,,,,,,,,,,,,,,,,,,,,,,,,,,,Yes,,No,,None of the above,0,0,0,0,1,Use of integrated methods,0,0,1,,Apply Manure  Mulch Crop rotation and intercropping with legumes,0,1,1,1,1,"Fellow local farmers, Local agro-inputs shops, Local nursery beds, Government research institutions",1,1,1,0,1,0,0,Tarpaulin,1,0,0,0,Bag and keep on the floor in a store,Burning Dump in a pit,1,1,0,0,0,,,Yes,10-50,Yes,45,Yes,Write in a book,1,0,0,,,,,,0.2896237 33.0184946 1217.7 1.666; 0.2895486 33.0184554 1216.5 1.883; 0.2894214 33.0186255 1217.9 1.783; 0.2898531 33.0185336 1217.8000000000002 1.82; 0.2896237 33.0184946 1217.7 1.666,,,63aae919-9d05-4732-a146-a4c4e6e0454d,submitted_via_web,denis_1,uuid:63aae919-9d05-4732-a146-a4c4e6e0454d
Bukenya Denis Stanley,2025-10-06 10:33:00,0.2899659 33.0184365 1218.6000000000001 5.0,0.2899659,33.0184365,1218.6,5,Buikwe,Buikwe,Makonge,EKUB1041,Kizza Fatuma,Female,1964-07-16 00:00:00,62,Adult,Single,No,750599286,,,UCE,I am engaged in income generating activities and have an individual income,Self employment ,0,1,0,,,,,Female,UCE,9,7,No,Farming,450000,,3,No,No,No,Firewood,0,0,1,,,,,,,,,,"Coffee, Cassava, Beans",1,0,0,0,1,0,1,0,1000000,800000,"Coffee, Cassava Jackfruit",1,0,0,1,0,0,1,,> 4 years,600,600,"Fresh, Kiboko",1,1,0,0,"Pests and diseases, Lack of access to quality inputs, Price fluctuations, Lack of or access to knowledge and extension services",1,1,0,1,0,0,1,,,,,,,,,,,,,,,,,,,,,,,,,,,,,,,,,,,>4 Years,3,3,Raw Ripe,1,1,0,"Price fluctuations, Lack of access to market, Lack of access to knowledge and extension services",0,0,1,1,0,0,1,,,,,,,,,,,,,,,,,,,,,,,,,,,,,,,,,,>4 Years,700,700,Fresh,1,0,0,0,Pests and diseases Low prices Price fluctuations Lack of access to knowledge and extension services,1,0,0,1,1,0,0,1,,,Yes,,No,,None of the above,0,0,0,0,1,Use of integrated methods,0,0,1,,Purchase and apply inorganic fertilizer Apply Manure ,0,1,1,0,1,"Fellow local farmers, Government research institutions, Local agro-inputs shops",1,1,0,0,1,0,0,Tarpaulin Bare ground,1,1,0,0,Bag and keep on the floor in a store,Burning Dump in a pit,1,1,0,0,0,,,Yes,10-50,Yes,30,Yes,Write in a book,1,0,0,,,,,,0.2902878 33.0184229 1217.9 2.216; 0.2906174 33.0185245 1209.6000000000001 1.916; 0.290614 33.0180669 1211.5 3.598; 0.2905463 33.0180788 1210.8000000000002 2.52; 0.290592 33.0173083 1211.9 1.7; 0.2904331 33.0172396 1213.3000000000002 1.75; 0.290205 33.0181917 1218.3000000000002 1.52; 0.2902878 33.0184229 1217.9 2.216,,,9e99785e-7408-4a4e-a999-b9523f78d256,submitted_via_web,denis_1,uuid:9e99785e-7408-4a4e-a999-b9523f78d256
,2025-10-06 12:15:00,0.2878739 33.0201751 1215.9 4.18,0.2878739,33.0201751,1215.9,4.18,Buikwe,Buikwe,Makonge,EKUB1042,Kafeero John,Male,1984-03-12 00:00:00,42,Adult,Married,Yes,755245740,786162390,,UCE,I am engaged in income generating activities and have an individual income,Self employment ,0,1,0,,,,,Male,UCE,4,2,Yes,Farming,550000,,3,No,No,No,Firewood,0,0,1,,,,,,,,,,"Coffee,Cocoa",1,1,0,0,0,0,0,0,1500000,1000000,Coffee Cocoa,1,1,0,0,0,0,0,,> 4 years,1200,1000,"Hulled, Fresh",1,0,1,0,Pests and diseases Price fluctuations Lack of access to quality inputs Lack of or access to knowledge and extension services,1,1,0,1,0,0,1,>4 Years,50,50,Fresh,0,1,0,0,0,"Price fluctuations, Lack of access to market Lack of or access to knowledge and extension services",0,0,1,1,0,0,1,,,,,,,,,,,,,,,,,,,,,,,,,,,,,,,,,,,,,,,,,,,,,,,,,,,,,,,,,,,,,,,,,,,,,,,,,,,,,,,,,,,,,Yes,,No,,None of the above,0,0,0,0,1,Use of integrated methods Spraying with inorganic chemicals,1,0,1,<6 months ,Purchase and apply inorganic fertilizer,0,1,1,1,1,"Fellow local farmers, Government research institutions",1,0,0,0,1,0,0,Tarpaulin,1,0,0,0,Bag and keep on the floor in a store,Burning Dump in a pit,1,1,0,0,0,,,Yes,10-50,Yes,45,Yes,Write in a book,1,0,0,,,,,,0.2879303 33.0201647 1218.1000000000001 4.1; 0.2885419 33.0210999 1204.7 1.6; 0.2883321 33.0212656 1203.1000000000001 1.58; 0.2879147 33.0208763 1209.1000000000001 1.66; 0.2876494 33.0203377 1212.9 1.72; 0.2879303 33.0201647 1218.1000000000001 4.1,,,9379d0de-6a22-4243-9dbd-49c5e502a09f,submitted_via_web,denis_1,uuid:9379d0de-6a22-4243-9dbd-49c5e502a09f
Bukenya Denis Stanley,2025-10-06 13:20:00,0.2838815 33.0201938 1212.3000000000002 4.46,0.2838815,33.0201938,1212.3,4.46,Buikwe,Buikwe,Makonge,EKUB1043,Noelina Namilimu,Female,1965-12-23 00:00:00,60,Adult,Single,No,757443913,,,PLE,I am engaged in income generating activities and have an individual income,Self employment ,0,1,0,,,,,Female,PLE,9,8,Yes,Farming,350000,,3,No,No,No,Firewood,0,0,1,,,,,,,,,,"Coffee, Cassava, Maize",1,0,0,0,1,0,0,1,1300000,1000000,"Coffee, Cassava Jackfruit",1,0,0,1,0,0,1,,> 4 years,800,800,"Fresh, Hulled, Kiboko",1,1,1,0,Pests and diseases Price fluctuations Lack of or access to knowledge and extension services Lack of access to quality inputs,1,1,0,1,0,0,1,,,,,,,,,,,,,,,,,,,,,,,,,,,,,,,,,,,>4 Years,3,3,Raw Ripe,1,1,0,"Price fluctuations, Post harvest losses, Lack of access to knowledge and extension services",0,0,0,1,1,0,1,,,,,,,,,,,,,,,,,,,,,,,,,,,,,,,,,,>4 Years,1200,1000,Fresh,1,0,0,0,Pests and diseases Price fluctuations Low prices Lack of access to market Lack of access to knowledge and extension services,1,0,1,1,1,0,0,1,,,Yes,,No,,None of the above,0,0,0,0,1,Use of integrated methods Spraying with inorganic chemicals,1,0,1,<6 months ,"Purchase and apply inorganic fertilizer, Apply Manure , Crop rotation and intercropping with legumes",0,0,1,1,1,"Fellow local farmers, Government research institutions",1,0,0,0,1,0,0,Tarpaulin,1,0,0,0,Bag and keep on the floor in a store,Burning Dump in a pit,1,1,0,0,0,,,Yes,10-50,Yes,40,Yes,Write in a book,1,0,0,,,,,,0.2837923 33.0203091 1191.1000000000001 2.14; 0.2832611 33.0207495 1190.7 1.4; 0.2829852 33.0202364 1188.6000000000001 1.733; 0.2834158 33.0200082 1196.1000000000001 1.466; 0.2837923 33.0203091 1191.1000000000001 2.14,,,cffdb641-2c32-470f-a450-3f8cb887efb5,submitted_via_web,denis_1,uuid:cffdb641-2c32-470f-a450-3f8cb887efb5
Bukenya Denis Stanley,2025-10-06 13:38:00,0.2872682 33.0130903 1232.9 4.68,0.2872682,33.0130903,1232.9,4.68,Buikwe,Buikwe,Makonge,EKUB1044,Nfungo George,Male,1999-08-23 00:00:00,26,Youth,Single,Yes,759979085,,,UACE,I am engaged in income generating activities and have an individual income,Self employment ,0,1,0,,,,,Male,UACE,1,0,,Farming,250000,,3,No,No,No,Firewood,0,0,1,,,,,,,,,,"Coffee, Vanilla",1,0,1,0,0,0,0,0,1300000,1200000,Coffee Vanilla,1,0,1,0,0,0,0,,> 4 years,1300,1000,"Fresh, Hulled, Kiboko",1,1,1,0,"Price fluctuations Pests and diseases, Lack of access to quality inputs, Lack of or access to knowledge and extension services",1,1,0,1,0,0,1,,,,,,,,,,,,,,,,,,,1 - 4 years,100,100,Fresh,1,0,0,"Lack of access to market, Price fluctuations, Lack of access to knowledge and extension services, Lack of access to quality puts",0,1,1,1,0,0,1,,,,,,,,,,,,,,,,,,,,,,,,,,,,,,,,,,,,,,,,,,,,,,,,,,,,,,,,,,,,,,,,,,,,,Yes,,No,,None of the above,0,0,0,0,1,Use of integrated methods Using organic ,0,1,1,,Purchase and apply inorganic fertilizer Apply Manure ,1,0,1,1,1,"Fellow local farmers, Government research institutions",1,0,0,0,1,0,0,Tarpaulin,1,0,0,0,Bag and keep on the floor in a store,Burning,1,0,0,0,0,,,Yes,10-50,Yes,30,Yes,Write in a book,1,0,0,,,,,,0.2872667 33.0130933 1233.4 43.722; 0.2872858 33.0121539 1230.8000000000002 1.62; 0.2882987 33.0116909 1227.7 1.5; 0.2883382 33.0127205 1231.4 1.6; 0.2872667 33.0130933 1233.4 43.722,,,0643d09f-2b91-42de-bb26-71089ec37394,submitted_via_web,denis_1,uuid:0643d09f-2b91-42de-bb26-71089ec37394
Bukenya Denis Stanley,2025-10-06 14:19:00,0.2863823 33.0152458 1226.6000000000001 4.637,0.2863823,33.0152458,1226.6,4.637,Buikwe,Buikwe,Makonge,EKUB1045,Nakibuule Agness,Female,1976-01-26 00:00:00,50,Adult,Single,No,755508461,,,PLE,I am engaged in income generating activities and have an individual income,Self employment ,0,1,0,,,,,Female,PLE,4,3,Yes,Farming,250000,,3,No,No,No,Firewood,0,0,1,,,,,,,,,,"Coffee, Beans, Maize",1,0,0,0,0,0,1,1,800000,600000,"Oysternut Coffee, Cassava",1,0,0,0,1,0,1,,> 4 years,600,400,"Fresh, Kiboko",1,1,0,0,Pests and diseases Price fluctuations Lack of access to quality inputs,1,1,0,1,0,0,0,,,,,,,,,,,,,,,,,,,,,,,,,,,,,,,,,,,,,,,,,,,,,,,,,,,>4 Years,7,7,Dry nuts,0,1,0,Price fluctuations Lack of access to market Lack of access to knowledge and extension services,0,0,1,1,0,0,1,,,,,,,,,,,,,,,,,,>4 Years,1000,1000,Fresh,1,0,0,0,Pests and diseases Price fluctuations Low prices Lack of access to knowledge and extension services,1,0,0,1,1,0,0,1,,,Yes,,No,,None of the above,0,0,0,0,1,Spraying with inorganic chemicals Use of integrated methods,1,0,1,<6 months ,Apply Manure  Mulch,0,0,1,1,1,"Fellow local farmers, Local agro-inputs shops, Government research institutions",1,1,0,0,1,0,0,Tarpaulin,1,0,0,0,Bag and keep on the floor in a store,Burning Dump in a pit,1,1,0,0,0,,,Yes,10-50,Yes,25,No,,,,,,,,,,0.2864368 33.0150333 1232.4 2.12; 0.2863523 33.014813 1233.4 2.083; 0.2855559 33.0151937 1229.9 1.883; 0.2854844 33.0153904 1229.7 1.82; 0.2854663 33.0155855 1227.2 1.7; 0.2856094 33.0155647 1224.3000000000002 1.616; 0.2857054 33.0157333 1224.5 1.7; 0.2863123 33.0152179 1229.4 1.9; 0.2862267 33.0151567 1229.6000000000001 1.62; 0.2864368 33.0150333 1232.4 2.12,,,bbb2bb92-dee0-488f-9bb8-9b59fbbfe9db,submitted_via_web,denis_1,uuid:bbb2bb92-dee0-488f-9bb8-9b59fbbfe9db
Were Kenneth Elly,2025-10-06 09:46:00,0.2877867 33.0177633 1234.2 4.5,0.2877867,33.0177633,1234.2,4.5,Buikwe,Buikwe,Makonge,EKUB1046,Ssozi David,Male,1990-06-15 00:00:00,36,Adult,Married,No,754369608,,,No formal education,I am engaged in income generating activities and have an individual income,Self employment ,0,1,0,,,,,Male,No formal education,12,10,Yes,Farming,100000,,3,No,No,No,Firewood,0,0,1,,,,,,,,,,"Coffee, Beans",1,0,0,0,0,0,1,0,1000000,800000,Coffee Cocoa,1,1,0,0,0,0,0,,> 4 years,100,100,"Kiboko, Hulled, Fresh",1,1,1,0,Pests and diseases Lack of access to quality inputs Post harvest losses Lack of or access to knowledge and extension services,1,1,0,0,1,0,1,1 - 4 Years,2,2,Pods,1,0,0,0,0,Lack of access to quality puts,0,1,0,0,0,0,0,,,,,,,,,,,,,,,,,,,,,,,,,,,,,,,,,,,,,,,,,,,,,,,,,,,,,,,,,,,,,,,,,,,,,,,,,,,,,,,,,,,,,Yes,,No,,None of the above,0,0,0,0,1,Spraying with inorganic chemicals,1,0,0,<6 months ,Apply Manure  Mulch,0,1,1,1,0,"Fellow local farmers, Personal nursery",1,0,0,0,0,0,1,Tarpaulin,1,0,0,0,Bag and keep on raised pallet,Burning,1,0,0,0,0,,,Yes,10-50,Yes,13,No,,,,,,,,,,0.2890249 33.0179327 1217.7 3.697; 0.2889697 33.0172625 1212.4 3.492; 0.2882741 33.0172928 1220.3000000000002 6.997; 0.28827 33.0177295 1216.0 3.026; 0.2890249 33.0179327 1217.7 3.697,,,69fbc33a-a0e6-41d2-bcf2-dc5ceee2c75c,submitted_via_web,kenneth1elly,uuid:69fbc33a-a0e6-41d2-bcf2-dc5ceee2c75c
Were Kenneth Elly,2025-10-06 10:35:00,0.2877223 33.0176857 1199.1000000000001 4.866,0.2877223,33.0176857,1199.1,4.866,Buikwe,Buikwe,Makonge,EKUB1047,Mirembe Ruth,Female,1964-08-12 00:00:00,61,Adult,Widowed,No,753805327,,,PLE,I am engaged in income generating activities and have an individual income,Self employment ,0,1,0,,,,,Female,PLE,7,6,Yes,Farming,100000,,3,No,No,No,Firewood,0,0,1,,,,,,,,,,"Coffee, Cassava, Avocado, Beans, Maize",1,0,0,0,1,1,1,1,500000,500000,"Coffee, Cassava",1,0,0,0,0,0,1,,> 4 years,100,100,Kiboko,0,1,0,0,Pests and diseases Lack of access to market Lack of or access to knowledge and extension services,1,0,1,0,0,0,1,,,,,,,,,,,,,,,,,,,,,,,,,,,,,,,,,,,,,,,,,,,,,,,,,,,,,,,,,,,,,,,,,,,,,,,,,,,,,,,,,,,>4 Years,150,100,Fresh,1,0,0,0,Low prices Lack of access to knowledge and extension services,0,0,0,1,0,0,0,1,,,Yes,,No,,None of the above,0,0,0,0,1,Spraying with inorganic chemicals,1,0,0,<6 months ,Mulch Apply Manure ,0,0,1,0,0,"Fellow local farmers, Personal nursery",1,0,0,0,0,0,1,Tarpaulin,1,0,0,0,Bag and keep on raised pallet,Burning,1,0,0,0,0,,,Yes,<10,Yes,16,No,,,,,,,,,,0.2876223 33.0168653 1216.3000000000002 3.71; 0.2882915 33.0168944 1217.5 3.202; 0.2882626 33.0173432 1216.5 3.168; 0.2877022 33.017391 1218.0 4.037; 0.2876223 33.0168653 1216.3000000000002 3.71,,,64ef6b87-4977-49d9-b1dd-aadcbb914a65,submitted_via_web,kenneth1elly,uuid:64ef6b87-4977-49d9-b1dd-aadcbb914a65
Were Kenneth Elly,2025-10-06 11:03:00,0.2871663 33.0181591 1208.4 4.68,0.2871663,33.0181591,1208.4,4.68,Buikwe,Buikwe,Makonge,EKUB1048,Ssemayanzi Jafari,Male,1990-09-15 00:00:00,35,Youth,Married,Yes,708015674,784449575,,PLE,I am engaged in income generating activities and have an individual income,Self employment ,0,1,0,,,,,Male,PLE,7,5,Yes,Farming,100000,,3,No,No,No,Firewood,0,0,1,,,,,,,,,,"Coffee, Cassava, Maize",1,0,0,0,1,0,0,1,1000000,800000,Coffee,1,0,0,0,0,0,0,,> 4 years,400,400,"Kiboko, Hulled",0,1,1,0,Pests and diseases Price fluctuations Lack of or access to knowledge and extension services Lack of access to quality inputs,1,1,0,1,0,0,1,,,,,,,,,,,,,,,,,,,,,,,,,,,,,,,,,,,,,,,,,,,,,,,,,,,,,,,,,,,,,,,,,,,,,,,,,,,,,,,,,,,,,,,,,,,,,,,,,,,,,,Yes,,No,,None of the above,0,0,0,0,1,Spraying with inorganic chemicals,1,0,0,<6 months ,Mulch Apply Manure ,0,0,1,1,0,"Fellow local farmers, Personal nursery Local nursery beds",1,0,1,0,0,0,1,Tarpaulin,1,0,0,0,Bag and keep on raised pallet,Burning,1,0,0,0,0,,,Yes,10-50,Yes,80,No,,,,,,,,,,0.2872321 33.0181866 1219.2 4.895; 0.2872725 33.0179588 1215.0 3.555; 0.2868413 33.0179246 1214.8000000000002 3.685; 0.2867294 33.0186633 1208.9 3.583; 0.2869268 33.0186571 1211.8000000000002 3.566; 0.2872321 33.0181866 1219.2 4.895,,,1af12673-e4e1-4f80-8acd-17acf6b7018a,submitted_via_web,kenneth1elly,uuid:1af12673-e4e1-4f80-8acd-17acf6b7018a
Were Kenneth Elly,2025-10-06 11:34:00,0.2872583 33.0194383 1207.7 3.3,0.2872583,33.0194383,1207.7,3.3,Buikwe,Buikwe,Makonge,EKUB1049,Nampima Florence,Female,1975-12-31 00:00:00,50,Adult,Married,No,708239202,,,PLE,I am engaged in income generating activities and have an individual income,Self employment ,0,1,0,,,,,Female,PLE,3,1,No,Farming,100000,,3,No,No,No,Firewood,0,0,1,,,,,,,,,,"Coffee, Cassava",1,0,0,0,1,0,0,0,500000,500000,"Coffee, Cassava",1,0,0,0,0,0,1,,> 4 years,700,700,Kiboko,0,1,0,0,Pests and diseases Lack of or access to knowledge and extension services Price fluctuations,1,0,0,1,0,0,1,,,,,,,,,,,,,,,,,,,,,,,,,,,,,,,,,,,,,,,,,,,,,,,,,,,,,,,,,,,,,,,,,,,,,,,,,,,,,,,,,,,>4 Years,500,500,Fresh,1,0,0,0,Pests and diseases Low prices Lack of access to knowledge and extension services,1,0,0,1,0,0,0,1,,,Yes,,No,,None of the above,0,0,0,0,1,Spraying with inorganic chemicals,1,0,0,<6 months ,Apply Manure  Mulch,0,0,1,1,0,"Fellow local farmers, Personal nursery Local nursery beds",1,0,1,0,0,0,1,Tarpaulin,1,0,0,0,Bag and keep on raised pallet,Burning,1,0,0,0,0,,,Yes,<10,Yes,8,No,,,,,,,,,,0.2876188 33.0211539 1193.9 3.28; 0.2873049 33.0212528 1186.5 3.637; 0.2875347 33.0219139 1180.8000000000002 3.115; 0.287615 33.0219145 1181.9 3.551; 0.2876142 33.0222825 1179.1000000000001 3.406; 0.2877843 33.022792 1176.2 3.472; 0.2884551 33.0226211 1169.2 3.503; 0.2876188 33.0211539 1193.9 3.28,,,56c126ea-6b4f-41cf-a1c1-66bb478b5419,submitted_via_web,kenneth1elly,uuid:56c126ea-6b4f-41cf-a1c1-66bb478b5419
Were Kenneth Elly,2025-10-06 12:14:00,0.2869867 33.0193167 1193.2 2.9,0.2869867,33.0193167,1193.2,2.9,Buikwe,Buikwe,Makonge,EKUB1050,Nabweteme Esther,Female,1986-04-09 00:00:00,40,Adult,Married,Yes,754686750,774653273,,PLE,I am engaged in income generating activities and have an individual income,Self employment ,0,1,0,,,,,Female,No formal education,8,6,Yes,Farming,100000,,3,No,No,No,Firewood,0,0,1,,,,,,,,,,"Coffee, Avocado",1,0,0,0,0,1,0,0,600000,600000,Coffee Avocado,1,0,0,0,0,1,0,,> 4 years,350,200,"Kiboko, Fresh",1,1,0,0,Pests and diseases Price fluctuations Lack of or access to knowledge and extension services Lack of access to quality inputs,1,1,0,1,0,0,1,,,,,,,,,,,,,,,,,,,,,,,,,,,,,,,,,,,,,,,,,,,,,,,,,,,,,,,,,,,,,,,,,,,>4 Years,3,3,Raw,1,0,0,Lack of access to knowledge and extension services,0,0,0,0,0,0,1,,,,,,,,,,,,,,,,,,,,,Yes,,No,,None of the above,0,0,0,0,1,Spraying with inorganic chemicals,1,0,0,<6 months ,Apply Manure  Mulch,0,1,1,0,0,"Fellow local farmers, Personal nursery Local nursery beds",1,0,1,0,0,0,1,Tarpaulin,1,0,0,0,Bag and keep on raised pallet,Burning,1,0,0,0,0,,,Yes,10-50,Yes,15,No,,,,,,,,,,0.2870189 33.0193982 1204.3000000000002 4.37;0.2871589 33.0196947 1200.7 3.811;0.2867641 33.0198325 1197.7 3.095;0.2866433 33.0203559 1197.6000000000001 3.491;0.2860146 33.0202528 1193.3000000000002 3.91;0.2863111 33.0194367 1201.6000000000001 3.398;0.2870189 33.0193982 1204.3000000000002 4.37,,,b9b40271-3d92-44e4-9dfe-a6e4569f9a92,submitted_via_web,kenneth1elly,uuid:b9b40271-3d92-44e4-9dfe-a6e4569f9a92
Were Kenneth Elly,2025-10-06 12:46:00,0.2863145 33.018993 1191.6000000000001 4.65,0.2863145,33.018993,1191.6,4.65,Buikwe,Buikwe,Makonge,EKUB1051,Mafabi Abdul,Male,1999-12-24 00:00:00,26,Youth,Married,No,706292962,779233922,,PLE,I am engaged in income generating activities and have an individual income,Self employment ,0,1,0,,,,,Male,PLE,6,4,No,Farming,150000,,3,No,No,No,Firewood,0,0,1,0,,,,,,,,,"Coffee, Vanilla, Cassava, Avocado, Beans, Maize",1,0,1,0,1,1,1,1,1500000,1000000,Coffee Vanilla,1,0,1,0,0,0,0,,> 4 years,270,250,Kiboko,0,1,0,0,Pests and diseases Price fluctuations Lack of or access to knowledge and extension services,1,0,0,1,0,0,1,,,,,,,,,,,,,,,,,,,>4 years,10,10,Fresh,1,0,0,Price fluctuations,0,0,0,1,0,0,0,,,,,,,,,,,,,,,,,,,,,,,,,,,,,,,,,,,,,,,,,,,,,,,,,,,,,,,,,,,,,,,,,,,,,Yes,,No,,None of the above,0,0,0,0,1,Spraying with inorganic chemicals,1,0,0,<6 months ,Apply Manure  Mulch,0,1,0,0,0,"Fellow local farmers, Local nursery beds Personal nursery",1,0,1,0,0,0,1,Tarpaulin,1,0,0,0,Bag and keep on raised pallet,Burning,1,0,0,0,0,,,Yes,10-50,Yes,20,No,,,,,,,,,,0.2864505 33.0190007 1199.1000000000001 3.614;0.2864617 33.0180831 1204.6000000000001 3.394;0.2856068 33.0182725 1200.7 3.672;0.285858 33.0188432 1206.3000000000002 3.426;0.2861037 33.0188473 1205.6000000000001 3.428;0.2861928 33.0187322 1206.4 3.3;0.2863195 33.0187438 1205.5 3.14;0.2864505 33.0190007 1199.1000000000001 3.614,,,216768fd-8c65-4c89-912e-ff9933a78c01,submitted_via_web,kenneth1elly,uuid:216768fd-8c65-4c89-912e-ff9933a78c01
Musisi paul Namugera,2025-10-06 17:09:00,0.2874024 33.0158336 1219.2 3.975,0.2874024,33.0158336,1219.2,3.975,Buikwe,Buikwe,Makonge,EKUB1052,Namuswe Hadijah,Female,1987-06-15 00:00:00,39,Adult,Divorced,No,750710053,,,PLE,I am engaged in income generating activities and have an individual income,Self employment ,0,1,0,,,,,Female,PLE,7,6,Yes,Farming,200000,,2,No,No,No,Firewood,0,0,1,0,,,,,,,,,"Coffee, Jackfruit, Cassava, Avocado, Beans, Maize",1,0,0,1,1,1,1,1,250000,300000,"Coffee, Jackfruit, Avocado, Cassava",1,0,0,1,0,1,1,,> 4 years,120,120,"Fresh, Kiboko",1,1,0,0,"Pests and diseases, Lack of access to quality inputs, Price fluctuations, Lack of or access to knowledge and extension services",1,1,0,1,0,0,1,,,,,,,,,,,,,,,,,,,,,,,,,,,,,,,,,,,>4 Years,2,2,Ripe,0,1,0,"Lack of access to market, Pests and diseases, Lack of access to knowledge and extension services Post harvest losses",1,0,1,0,1,0,1,,,,,,,,,,,,,,,,,,1 - 4 years,2,0,Raw,1,0,0,Lack of access to market Price fluctuations Post harvest losses,0,0,1,1,1,0,0,,>4 Years,200,100,Fresh Dried chips,1,1,0,0,Low prices Price fluctuations Lack of access to market,0,0,1,1,1,0,0,0,,,Yes,,No,,None of the above,0,0,0,0,1,Spraying with inorganic chemicals,1,0,0,<6 months ,Apply Manure  Mulch,0,1,0,0,1,"Fellow local farmers, Local agro-inputs shops, Local nursery beds",1,1,1,0,0,0,0,Tarpaulin,1,0,0,0,Bag and keep on the floor in a store,Burning Dump at a heap around the farm,1,0,0,1,0,,,No,,Yes,10,No,,,,,,,,,,0.2868844 33.0158934 1224.7 1.7; 0.2869822 33.0156241 1223.0 1.616; 0.2873743 33.0156619 1219.1000000000001 1.8; 0.2874121 33.0157468 1223.4 1.766; 0.2868844 33.0158934 1224.7 1.7,,,3431a0f9-274d-42eb-9609-f26431a33e99,submitted_via_web,katwesiime_1,uuid:3431a0f9-274d-42eb-9609-f26431a33e99
Musisi paul Namugera,2025-10-06 12:46:00,0.2880922 33.0185892 1225.8000000000002 3.9,0.2880922,33.0185892,1225.8,3.9,Buikwe,Buikwe,Makonge,EKUB1053,Luyala George,Male,1986-04-14 00:00:00,40,Adult,Married,No,755706830,763376306,,UCE,I am engaged in income generating activities and have an individual income,Self employment ,0,1,0,,,,,Male,UCE,6,4,Yes,Farming,700000,,2,Yes,No,No,"Charcoal, Firewood",0,1,1,0,,,,,,,,,"Coffee, Jackfruit, Cassava, Avocado, Beans, Maize",1,0,0,1,1,1,1,1,1500000,1500000,"Coffee, Jackfruit, Avocado, Cassava",1,0,0,1,0,1,1,,> 4 years,1200,400,"Kiboko, Hulled",0,1,1,0,Lack of access to quality inputs Pests and diseases Price fluctuations Lack of or access to knowledge and extension services,1,1,0,1,0,0,1,,,,,,,,,,,,,,,,,,,,,,,,,,,,,,,,,,,>4 Years,8,2,Ripe,0,1,0,"Lack of access to market, Post harvest losses, Lack of access to knowledge and extension services",0,0,1,0,1,0,1,,,,,,,,,,,,,,,,,,1 - 4 years,10,0,Raw,1,0,0,Lack of access to market Price fluctuations Post harvest losses,0,0,1,1,1,0,0,,>4 Years,400,100,Fresh,1,0,0,0,Low prices Price fluctuations Lack of access to market,0,0,1,1,1,0,0,0,,,Yes,,No,,None of the above,0,0,0,0,1,Spraying with inorganic chemicals,1,0,0,<6 months ,Mulch Apply Manure ,0,1,0,0,1,"Fellow local farmers, Local agro-inputs shops, Local nursery beds",1,1,1,0,0,0,0,Tarpaulin,1,0,0,0,Bag and keep on the floor in a store,Burning,1,0,0,0,0,,,No,,Yes,20,Yes,Write in a book,1,0,0,,,,,,0.2880502 33.0185834 1221.9 1.745; 0.28813 33.0191417 1221.3000000000002 32.764; 0.2884349 33.0192499 1216.0 1.5; 0.2883187 33.0189672 1221.1000000000001 1.45; 0.2882615 33.0189775 1220.4 1.533; 0.2882075 33.0187605 1220.1000000000001 1.583; 0.2881436 33.0187265 1219.3000000000002 1.55; 0.2881271 33.0186159 1223.0 1.583; 0.2880502 33.0185834 1221.9 1.745,,,026fbae6-df5f-498c-9347-1d5d6c4f2e1f,submitted_via_web,katwesiime_1,uuid:026fbae6-df5f-498c-9347-1d5d6c4f2e1f
Musisi paul Namugera,2025-10-06 13:30:00,0.2823767 33.01801 1182.8000000000002 2.871,0.2823767,33.01801,1182.8,2.871,Buikwe,Buikwe,Makonge,EKUB1054,Nakate Margret,Female,1967-08-16 00:00:00,58,Adult,Widowed,No,708025052,,,PLE,I am engaged in income generating activities and have an individual income,Self employment ,0,1,0,,,,,Female,PLE,5,1,Yes,Farming,300000,,2,Yes,No,No,Firewood,0,0,1,0,,,,,,,,,"Coffee, Jackfruit, Cassava, Avocado, Beans, Maize",1,0,0,1,1,1,1,1,250000,300000,Coffee Jackfruit Cassava,1,0,0,1,0,0,1,,> 4 years,500,500,"Fresh, Kiboko",1,1,0,0,"Pests and diseases, Lack of access to quality inputs, Price fluctuations, Lack of or access to knowledge and extension services Lack of labor",1,1,0,1,0,1,1,,,,,,,,,,,,,,,,,,,,,,,,,,,,,,,,,,,>4 Years,4,4,Ripe,0,1,0,"Lack of access to market, Post harvest losses, Lack of access to knowledge and extension services",0,0,1,0,1,0,1,,,,,,,,,,,,,,,,,,,,,,,,,,,,,,,,,,>4 Years,200,50,Fresh,1,0,0,0,Low prices Price fluctuations Lack of access to market,0,0,1,1,1,0,0,0,,,Yes,,No,,None of the above,0,0,0,0,1,Spraying with inorganic chemicals Use of integrated methods,1,0,1,<6 months ,Apply Manure  Crop rotation and intercropping with legumes Purchase and apply inorganic fertilizer,1,0,0,0,1,"Fellow local farmers, Local agro-inputs shops, Local nursery beds",1,1,1,0,0,0,0,Tarpaulin,1,0,0,0,Bag and keep on the floor in a store,Burning,1,0,0,0,0,,,No,,Yes,5,No,,,,,,,,,,0.282374 33.0183333 1198.6000000000001 6.55;0.2820368 33.0183993 1189.8000000000002 1.45;0.2818656 33.0180878 1188.7 21.622;0.282135 33.017966 101.5 2;0.2821936 33.0180596 1190.8000000000002 1.5;0.2822392 33.0181082 1191 18.391;0.282374 33.0183333 1198.6000000000001 6.55,,,2107c998-efcd-4085-9508-1a76eb29e369,submitted_via_web,katwesiime_1,uuid:dc4a79c5-6366-4ff4-876f-42dc122c0e0b
Musisi paul Namugera,2025-10-06 14:46:00,0.295617 33.0128321 1225.5 4.871,0.295617,33.0128321,1225.5,4.871,Buikwe,Buikwe,Makonge,EKUB1055,Nakakande Scovia,Female,1952-05-03 00:00:00,74,Adult,Widowed,No,776474971,750653606,,PLE,I am engaged in income generating activities and have an individual income,Self employment ,0,1,0,,,,,Female,PLE,6,4,Yes,Farming,200000,,2,Yes,No,No,Firewood,0,0,1,0,,,,,,,,,"Coffee, Jackfruit, Cassava, Avocado, Beans, Maize",1,0,0,1,1,1,1,1,800000,800000,"Coffee, Jackfruit, Avocado, Cassava",1,0,0,1,0,1,1,,> 4 years,1800,1800,Kiboko,0,1,0,0,Price fluctuations Lack of access to market Pests and diseases Lack of or access to knowledge and extension services,1,0,1,1,0,0,1,,,,,,,,,,,,,,,,,,,,,,,,,,,,,,,,,,,>4 Years,6,6,Ripe,0,1,0,"Post harvest losses, Lack of access to market, Lack of access to knowledge and extension services",0,0,1,0,1,0,1,,,,,,,,,,,,,,,,,,>4 Years,6,6,Raw,1,0,0,Lack of access to market Price fluctuations Post harvest losses Lack of access to knowledge and extension services,0,0,1,1,1,0,1,,>4 Years,500,200,Fresh Dried chips,1,1,0,0,Low prices Price fluctuations Lack of access to market,0,0,1,1,1,0,0,0,,,Yes,,No,,None of the above,0,0,0,0,1,Use of integrated methods,0,0,1,,Crop rotation and intercropping with legumes,0,1,1,0,1,"Fellow local farmers, Local agro-inputs shops, Local nursery beds",1,1,1,0,0,0,0,Tarpaulin,1,0,0,0,Bag and keep on the floor in a store,Burning,1,0,0,0,0,,,No,,Yes,20,No,,,,,,,,,,0.2952135 33.013142 1238.2 1.78; 0.2958582 33.0131898 1222.7 1.82; 0.2957751 33.0128443 1227.3000000000002 1.716; 0.295616 33.0128908 1227.9 1.75; 0.2955229 33.0128874 1228.2 2.05; 0.2956301 33.0127738 1226.5 1.783; 0.2955926 33.0126499 1223.5 1.7; 0.2952135 33.013142 1238.2 1.78,,,6e7d0c43-c073-44a4-b658-6b5c80c8e455,submitted_via_web,katwesiime_1,uuid:6e7d0c43-c073-44a4-b658-6b5c80c8e455
Musisi paul Namugera,2025-10-06 15:50:00,0.2894723 33.0119307 1210.6000000000001 4.866,0.2894723,33.0119307,1210.6,4.866,Buikwe,Buikwe,Makonge,EKUB1056,Musoke Arthur,Male,1988-06-23 00:00:00,38,Adult,Married,No,742028057,771618075,,Degree,I am engaged in income generating activities and have an individual income,Self employment ,0,1,0,,,,,Male,Degree,7,5,Yes,Farming,300000,,2,No,No,No,"Firewood, Charcoal",0,1,1,10000,,,,,,,,,"Coffee, Jackfruit, Cassava, Avocado, Beans, Maize",1,0,0,1,1,1,1,1,2000000,2000000,"Coffee, Jackfruit, Avocado, Cassava",1,0,0,1,0,1,1,,> 4 years,2000,1500,"Fresh, Kiboko, Hulled",1,1,1,0,Pests and diseases Price fluctuations Lack of access to quality inputs Lack of or access to knowledge and extension services Lack of labor,1,1,0,1,0,1,1,,,,,,,,,,,,,,,,,,,,,,,,,,,,,,,,,,,>4 Years,5,1,Ripe,0,1,0,"Price fluctuations, Lack of access to market, Post harvest losses",0,0,1,1,1,0,0,,,,,,,,,,,,,,,,,,1 - 4 years,5,0,Raw,1,0,0,Post harvest losses Price fluctuations Lack of access to market,0,0,1,1,1,0,0,,>4 Years,500,200,Fresh Dried chips,1,1,0,0,Low prices Price fluctuations Lack of access to market,0,0,1,1,1,0,0,0,,,Yes,,No,,None of the above,0,0,0,0,1,Use of integrated methods,0,0,1,,Crop rotation and intercropping with legumes Apply Manure ,0,0,1,0,1,"Fellow local farmers, Local agro-inputs shops, Local nursery beds",1,1,1,0,0,0,0,Tarpaulin,1,0,0,0,Bag and keep on the floor in a store,Burning,1,0,0,0,0,,,No,,Yes,20,No,,,,,,,,,,0.2895133 33.0119083 1214.0 9.8; 0.2902048 33.0117812 1217.8000000000002 2.2; 0.289892 33.0128108 1221.2 1.816; 0.2895133 33.0119083 1214.0 9.8,,,6f5e4b37-62cf-4f73-9761-dda40364ec24,submitted_via_web,katwesiime_1,uuid:6f5e4b37-62cf-4f73-9761-dda40364ec24
Sserunjogi Ladis,,0.2936749 33.0163951 1209.0 4.916,0.2936749,33.0163951,1209,4.916,Buikwe,Buikwe,Makonge,EKUB1057,Kayinza kevinah,Female,1977-08-13 00:00:00,48,Adult,Widowed,,746473818,,,No formal education,I am engaged in income generating activities and have an individual income,Self employment ,0,1,0,,,,,Female,No formal education,12,,,Farming,100000,,3,No,No,No,Firewood,0,0,1,10000,,,,,,,,,"Coffee, Cassava",1,0,0,0,1,0,0,0,200000,200000,,,,,,,,,,,,,,,,,,,,,,,,,,,,,,,,,,,,,,,,,,,,,,,,,,,,,,,,,,,,,,,,,,,,,,,,,,,,,,,,,,,,,,,,,,,,,,,,,,,,,,,,,,,,,,,,,,,,,,,,,,,,,,,,,,,,,,,,,,,,,,Apply Manure  Crop rotation and intercropping with legumes,,,,,,,,,,,,,,,,,,,,,,,,,,,,,,,,,,,,,,,,,,0.2936803 33.0161735 1201 7;0.2937193 33.0161091 1215 2;0.293653 33.0160204 1213 1.5;0.2935727 33.0159935 1211 1.916;0.2934251 33.0159689 1209 2;0.2932813 33.0159401 1210 1.7;0.2932333 33.0160168 1209 1.7;0.293207 33.0161353 1210 1.5;0.2931845 33.0162228 1209 1.75;0.2931891 33.0163425 1209 1.5;0.2931769 33.0163769 1210 1.916;0.293153 33.0165205 1210 1.583;0.2931636 33.0166667 1210 2;0.2931593 33.0167548 1210 2;0.2932447 33.0168086 1210 2;0.2933672 33.0167991 1210 1.833;0.2934608 33.0167751 1211 2;0.2935765 33.0167517 1211 2;0.2936925 33.016735 1211 2;0.2937096 33.0166952 1211 2.25;0.293658 33.016577 0 0;0.293738 33.016448 0 0;0.2936725 33.0164082 1211 2.416;0.2935455 33.0162722 1212 2.25;0.2936715 33.0162093 1212 2.4;0.2936803 33.0161735 1201 7,,,ced8295c-688e-4a29-a5de-eb61ec1dc10a,submitted_via_web,ladis00,uuid:de17cb52-e407-4d3a-b6f0-0d7696fc49e2
Sserunjogi Ladis,,0.2958881 33.0146505 1219.0 4.4,0.2958881,33.0146505,1219,4.4,Buikwe,Buikwe,Makonge,EKUB1058,Nsubuga kigonya moses,Male,1986-07-26 00:00:00,39,Adult,Married,,753729522,,,UCE,I am engaged in income generating activities and have an individual income,Self employment ,0,1,0,,,,,Male,UCE,4,,,Farming,100000,,3,No,No,No,Firewood,0,0,1,0,,,,,,,,,"Coffee, Maize, Avocado",1,0,0,0,0,1,0,1,400000,350000,,,,,,,,,,,,,,,,,,,,,,,,,,,,,,,,,,,,,,,,,,,,,,,,,,,,,,,,,,,,,,,,,,,,,,,,,,,,,,,,,,,,,,,,,,,,,,,,,,,,,,,,,,,,,,,,,,,,,,,,,,,,,,,,,,,,,,,,,,,,,,"Apply Manure, Purchase and apply inorganic fertilizer Crop rotation and intercropping with legumes",,,,,,,,,,,,,,,,,,,,,,,,,,,,,,,,,,,,,,,,,,0.2958614 33.0146843 1220.0 3.5;0.295958 33.0147388 1222.0 2.5;0.2960205 33.0148456 1223.0 2.666;0.2960174 33.0149439 1222.0 3.0;0.2960248 33.0150347 1219.0 2.0;0.2959046 33.015109 1217.0 2.0;0.2957716 33.0150064 1218.0 1.833;0.2957286 33.0148161 1220.0 1.5;0.2957824 33.0146858 1225.0 1.833;0.2958614 33.0146843 1220.0 3.5,,,41d94f13-44d9-4802-bf0b-1896a2d40bfa,submitted_via_web,ladis00,uuid:1adfb5a0-b065-420e-9676-d4d9c808a6e0
Sserunjogi Ladis,,0.2867189 33.0139726 1230.0 4.2,0.2867189,33.0139726,1230,4.2,Buikwe,Buikwe,Makonge,EKUB1059,Ssemakula Edward,Male,1991-06-06 00:00:00,35,Youth,Married,,757032040,,,UCE,I am engaged in income generating activities and have an individual income,Self employment ,0,1,0,,,,,Male,UCE,5,,,Farming,200000,,3,No,No,No,Charcoal,0,1,0,30000,,,,,,,,,"Coffee, Maize, Beans",1,0,0,0,0,0,1,1,1500000,1500000,,,,,,,,,,,,,,,,,,,,,,,,,,,,,,,,,,,,,,,,,,,,,,,,,,,,,,,,,,,,,,,,,,,,,,,,,,,,,,,,,,,,,,,,,,,,,,,,,,,,,,,,,,,,,,,,,,,,,,,,,,,,,,,,,,,,,,,,,,,,,,"Purchase and apply inorganic fertilizer, Apply Manure , Crop rotation and intercropping with legumes",,,,,,,,,,,,,,,,,,,,,,,,,,,,,,,,,,,,,,,,,,0.286738 33.013862 0 0;0.2868239 33.0138729 1231 1.833;0.2868256 33.013914 1231 1.5;0.2869078 33.0140313 1230 1.6;0.2867816 33.0141085 1229 1.583;0.286675 33.014201 1229 2;0.2866421 33.0141945 1227 1.9;0.28663 33.014072 0 0;0.286716 33.014023 0 0;0.286652 33.013889 0 0;0.286738 33.013862 0 0,,,f213f190-f03c-416f-87bd-a1fbafabc330,submitted_via_web,ladis00,uuid:82786ed3-2c6c-4f5d-be8a-e4f44421cb6e
Ngabirano Deus,2025-10-06 13:01:00,0.2892348 33.0184521 1267.6 4.3,0.2892348,33.0184521,1267.6,4.3,Buikwe,Buikwe,Makonge ,EKUB1060,Wagogo James,Male,1980-08-12 00:00:00,45,Adult,Married,No,704648028,,,No formal education,I am engaged in income generating activities and have an individual income,Self employment ,0,1,0,,,,,Male,No formal education,12,9,Yes,Farming,40000,,3,No,No,No,Firewood,0,0,1,,,,,,,,,,"Coffee, Maize",1,0,0,0,0,0,0,1,500000,800000,Coffee,1,0,0,0,0,0,0,,> 4 years,1000,900,Kiboko,0,1,0,0,Pests and diseases Lack of access to market Price fluctuations,1,0,1,1,0,0,0,,,,,,,,,,,,,,,,,,,,,,,,,,,,,,,,,,,,,,,,,,,,,,,,,,,,,,,,,,,,,,,,,,,,,,,,,,,,,,,,,,,,,,,,,,,,,,,,,,,,,,No,,No,,None of the above,0,0,0,0,1,Using organic ,0,1,0,,Purchase and apply inorganic fertilizer,0,0,1,1,0,Fellow local farmers,1,0,0,0,0,0,0,Tarpaulin,1,0,0,0,Bag and keep on raised pallet,Dump in a pit Dump at a heap around the farm,0,1,0,1,0,,,No,,Yes,4,No,,,,,,,,,,0.2892458 33.0182593 1230.7 2.715; 0.2893878 33.0182492 1231.7 2.924; 0.2894351 33.0182906 1230.7 4.749; 0.289458 33.0184314 1232.8 5.393; 0.2893591 33.0185318 1236.0 1.745; 0.289321 33.018678 1236.0 6.024; 0.2893346 33.0187579 1234.3 6.652; 0.2892085 33.0187709 1235.8 1.677; 0.2891517 33.018695 1236.1 3108.796; 0.2892347 33.0183519 1235.9 3.383; 0.2892458 33.0182593 1230.7 2.715,,,ef31b4dd-a91b-4c3e-9cd2-881a8f3c11a5,submitted_via_web,deus_1,uuid:ef31b4dd-a91b-4c3e-9cd2-881a8f3c11a5
Ngabirano Deus,2025-10-06 14:39:00,0.2951639 33.0150454 1243.9 4.3,0.2951639,33.0150454,1243.9,4.3,Buikwe,Buikwe,Makonge,EKUB1061,Nandundu Merida,Female,1953-10-05 00:00:00,72,Adult,Widowed,No,749773866,700555663,,No formal education,I am engaged in income generating activities and have an individual income,Self employment ,0,1,0,,,,,Female,No formal education,3,2,Yes,Farming,100000,,3,No,No,No,Firewood,0,0,1,,,,,,,,,,Coffee,1,0,0,0,0,0,0,0,500000,400000,Coffee,1,0,0,0,0,0,0,,> 4 years,150,120,Fresh,1,0,0,0,Pests and diseases Lack of access to quality inputs Price fluctuations,1,1,0,1,0,0,0,,,,,,,,,,,,,,,,,,,,,,,,,,,,,,,,,,,,,,,,,,,,,,,,,,,,,,,,,,,,,,,,,,,,,,,,,,,,,,,,,,,,,,,,,,,,,,,,,,,,,,No,,No,,None of the above,0,0,0,0,1,Using organic ,0,1,0,,Apply Manure  Mulch,0,0,1,1,0,Fellow local farmers,1,0,0,0,0,0,0,,,,,,Keep on the floor,Dump in a pit Dump at a heap around the farm,0,1,0,1,0,,,No,,No,,No,,,,,,,,,,0.295236 33.0149288 1239.1 2.822; 0.2952176 33.0147891 1237.9 1.644; 0.2951936 33.0146587 1237.2 1.656; 0.2951871 33.0145074 1239.1 1.65; 0.2951783 33.0143988 1238.4 1.698; 0.295236 33.0149288 1239.1 2.822,,,73ea78b7-816f-4950-bacc-f4dcd0e6bea8,submitted_via_web,deus_1,uuid:73ea78b7-816f-4950-bacc-f4dcd0e6bea8
Ngabirano Deus,2025-10-06 15:59:00,0.2856577 33.013872 1258.1 3.239,0.2856577,33.013872,1258.1,3.239,Buikwe,Buikwe,Makonge,EKUB1062,Nanyonga Suzan,Female,1975-08-18 00:00:00,50,Adult,Widowed,No,750657126,,,PLE,I am engaged in income generating activities and have an individual income,Self employment ,0,1,0,,,,,Female,PLE,7,6,Yes,Farming,100000,,3,No,No,No,Firewood,0,0,1,,,,,,,,,,Coffee,1,0,0,0,0,0,0,0,450000,650000,Coffee,1,0,0,0,0,0,0,,> 4 years,200,190,Fresh,1,0,0,0,Pests and diseases Lack of access to quality inputs Lack of access to market,1,1,1,0,0,0,0,,,,,,,,,,,,,,,,,,,,,,,,,,,,,,,,,,,,,,,,,,,,,,,,,,,,,,,,,,,,,,,,,,,,,,,,,,,,,,,,,,,,,,,,,,,,,,,,,,,,,,No,,No,,None of the above,0,0,0,0,1,Using organic ,0,1,0,,"Purchase and apply inorganic fertilizer, Apply Manure , Crop rotation and intercropping with legumes Mulch",0,0,1,1,0,"Fellow local farmers, Local agro-inputs shops",1,1,0,0,0,0,0,,,,,,Keep on the floor,Dump in a pit Dump at a heap around the farm,0,1,0,1,0,,,No,,No,,No,,,,,,,,,,0.2856126 33.0137294 1223.8 1.5; 0.2855792 33.0138375 1224.8 1.831; 0.2855569 33.0140094 1227.7 1.684; 0.2855235 33.014137 1234.7 1.693; 0.2856126 33.0137294 1223.8 1.5,,,5831213c-d7fa-40de-9919-2713681f27ce,submitted_via_web,deus_1,uuid:5831213c-d7fa-40de-9919-2713681f27ce
Ngabirano Deus,2025-10-06 16:56:00,0.2893346 33.0192452 1225.7 3.632,0.2893346,33.0192452,1225.7,3.632,Buikwe,Buikwe,Makonge,EKUB1063,Wanabisi Difasi,Male,1984-04-17 00:00:00,42,Adult,Married,No,754819892,,,No formal education,I am engaged in income generating activities and have an individual income,Self employment ,0,1,0,,,,,Male,No formal education,7,5,Yes,Farming,200000,,3,No,No,No,Firewood,0,0,1,,,,,,,,,,Coffee,1,0,0,0,0,0,0,0,600000,550000,Coffee,1,0,0,0,0,0,0,,> 4 years,300,300,Hulled,0,0,1,0,Pests and diseases Price fluctuations Post harvest losses,1,0,0,1,1,0,0,,,,,,,,,,,,,,,,,,,,,,,,,,,,,,,,,,,,,,,,,,,,,,,,,,,,,,,,,,,,,,,,,,,,,,,,,,,,,,,,,,,,,,,,,,,,,,,,,,,,,,No,,No,,None of the above,0,0,0,0,1,Spraying with inorganic chemicals,1,0,0,6-12 months,"Purchase and apply inorganic fertilizer, Apply Manure , Crop rotation and intercropping with legumes",0,0,1,1,0,"Fellow local farmers, Local agro-inputs shops",1,1,0,0,0,0,0,Tarpaulin,1,0,0,0,Bag and keep on raised pallet,Dump at a heap around the farm,0,0,0,1,0,,,No,,No,,No,,,,,,,,,,0.2893643 33.0192706 1234.7 3.762; 0.2894757 33.0193835 1232.5 1.636; 0.2895638 33.0195088 1227.6 1.577; 0.2894466 33.0196269 1225.3 1.561; 0.2893281 33.0196825 1227.6 5.277; 0.2893643 33.0192706 1234.7 3.762,,,b43d62f7-ca0d-4f00-a70d-bdb28f788fee,submitted_via_web,deus_1,uuid:b43d62f7-ca0d-4f00-a70d-bdb28f788fee
Ngabirano Deus,2025-10-06 17:13:00,0.2889305 33.019139 1241.5 4.561,0.2889305,33.019139,1241.5,4.561,Buikwe,Buikwe,Makonge,EKUB1064,Sebagirinka Abdu,Male,1958-07-09 00:00:00,68,Adult,Married,No,702268008,,,No formal education,I am engaged in income generating activities and have an individual income,Self employment ,0,1,0,,,,,Male,No formal education,5,3,No,Farming,70000,,2,No,No,No,Firewood,0,0,1,,,,,,,,,,Coffee,1,0,0,0,0,0,0,0,200000,150000,Coffee,1,0,0,0,0,0,0,,> 4 years,160,150,Fresh,1,0,0,0,Pests and diseases Lack of access to quality inputs Price fluctuations,1,1,0,1,0,0,0,,,,,,,,,,,,,,,,,,,,,,,,,,,,,,,,,,,,,,,,,,,,,,,,,,,,,,,,,,,,,,,,,,,,,,,,,,,,,,,,,,,,,,,,,,,,,,,,,,,,,,No,,No,,None of the above,0,0,0,0,1,Using organic ,0,1,0,,"Purchase and apply inorganic fertilizer Mulch, Apply Manure, Crop rotation and intercropping with legumes",0,0,1,1,0,Fellow local farmers,1,0,0,0,0,0,0,,,,,,,Dump at a heap around the farm,0,0,0,1,0,,,No,,No,,No,,,,,,,,,,0.2890069 33.0192037 1237.5 8.078; 0.289078 33.0193259 1236.4 1.741; 0.2889745 33.0193548 1235.6 6.802; 0.2890069 33.0192037 1237.5 8.078,,,09b0eca1-0570-4866-b029-84be30a79f91,submitted_via_web,deus_1,uuid:09b0eca1-0570-4866-b029-84be30a79f91
Bukenya Denis Stanley,2025-10-07 15:45:00,0.2892071 33.0125651 1233.3000000000002 4.14,0.2892071,33.0125651,1233.3,4.14,Buikwe,Buikwe,Makonge,EKUB1065,Ssegalye Ssegawa,Male,1978-07-20 00:00:00,48,Adult,Married,Yes,756011153,774404877,,UCE,I am engaged in income generating activities and have an individual income,Self employment ,0,1,0,,,,,Male,UCE,10,8,Yes,Farming,600000,,3,No,No,No,Firewood,0,0,1,,,,,,,,,,"Coffee, Cocoa",1,1,0,0,0,0,0,0,2500000,2000000,Coffee Cocoa,1,1,0,0,0,0,0,,> 4 years,2500,2500,"Kiboko, Hulled",0,1,1,0,Pests and diseases Price fluctuations Lack of or access to knowledge and extension services Lack of access to quality inputs,1,1,0,1,0,0,1,>4 Years,500,500,Dry fermented,0,0,1,0,0,"Lack of or access to knowledge and extension services, Price fluctuations, Lack of access to quality puts",0,1,0,1,0,0,1,,,,,,,,,,,,,,,,,,,,,,,,,,,,,,,,,,,,,,,,,,,,,,,,,,,,,,,,,,,,,,,,,,,,,,,,,,,,,,,,,,,,,Yes,,No,,None of the above,0,0,0,0,1,Use of integrated methods,0,0,1,,"Mulch, Apply Manure, Crop rotation and intercropping with legumes",0,0,1,1,1,"Fellow local farmers, Local agro-inputs shops, Government research institutions",1,1,0,0,1,0,0,Tarpaulin,1,0,0,0,Bag and keep on the floor in a store,Dump in a pit Burning,1,1,0,0,0,,,Yes,10-50,Yes,40,Yes,Write in a book,1,0,0,,,,,,0.2890907 33.0127765 1233.4 1.883;0.2884937 33.0128858 1231.6000000000001 1.75;0.2885306 33.0116642 1229 1.7;0.2894787 33.0112833 1222.8000000000002 1.66;0.2896208 33.012765 1229.9 1.95;0.289243 33.012757 0 0;0.289291 33.012435 0 0;0.2891448 33.0124377 1234.5 1.883;0.2890907 33.0127765 1233.4 1.883,,,1498ad2a-411d-4ead-8970-453007d333b3,submitted_via_web,denis_1,uuid:77708a97-dd8c-475d-be5f-39d4dd851b43
Bukenya Denis Stanley,2025-10-07 16:24:00,0.2922727 33.0156597 1190.7 4.96,0.2922727,33.0156597,1190.7,4.96,Buikwe,Buikwe,Makonge,EKUB1066,Nabbosa Joyce,Female,1994-01-15 00:00:00,32,Youth,Married,No,741980512,744404877,,UCE,I am engaged in income generating activities and have an individual income,Self employment ,0,1,0,,,,,Male,UCE,10,8,No,Farming,150000,,3,No,No,No,Firewood,0,0,1,,,,,,,,,,"Cocoa, Maize, Cassava",0,1,0,0,1,0,0,1,680000,400000,Cocoa Cassava,0,1,0,0,0,0,1,,,,,,,,,,,,,,,,,,1 - 4 Years,450,0,Fresh,0,1,0,0,0,"Pest and diseases, Lack of access to quality puts, Lack of or access to knowledge and extension services",1,1,0,0,0,0,1,,,,,,,,,,,,,,,,,,,,,,,,,,,,,,,,,,,,,,,,,,,,,,,,,,,,,,,,,,,,,,,,,,>4 Years,750,700,Fresh,1,0,0,0,Pests and diseases Lack of access to market Low prices Price fluctuations Lack of access to knowledge and extension services,1,0,1,1,1,0,0,1,,,Yes,,No,,None of the above,0,0,0,0,1,Use of integrated methods,0,0,1,,"Purchase and apply organic fertilizers Mulch, Apply Manure, Crop rotation and intercropping with legumes",0,0,1,1,1,"Fellow local farmers, Government research institutions",1,0,0,0,1,0,0,Tarpaulin,1,0,0,0,Bag and keep on the floor in a store,Burning Dump in a pit,1,1,0,0,0,,,Yes,10-50,Yes,15,Yes,Write in a book,1,0,0,,,,,,0.2922783 33.0156633 1190.8000000000002 4.4; 0.2922312 33.0160444 1191.9 1.6; 0.2916488 33.0157084 1201.8000000000002 1.7; 0.2917931 33.0153735 1208.4 1.66; 0.2922783 33.0156633 1190.8000000000002 4.4,,,883f92f6-92e9-4e26-990a-8dd59206153d,submitted_via_web,denis_1,uuid:883f92f6-92e9-4e26-990a-8dd59206153d
Bukenya Denis Stanley,2025-10-07 17:31:00,0.288373 33.0139527 1230.4 4.283,0.288373,33.0139527,1230.4,4.283,Buikwe,Buikwe,Makonge,EKUB1067,Wasswa Muwonge,Male,1960-07-07 00:00:00,66,Adult,Married,No,757297130,,,PLE,I am engaged in income generating activities and have an individual income,Self employment ,0,1,0,,,,,Male,PLE,10,8,Yes,Farming,150000,,3,No,No,No,Firewood,0,0,1,,,,,,,,,,"Coffee, Cocoa, Avocado",1,1,0,0,0,1,0,0,450000,300000,Coffee Cocoa Avocado,1,1,0,0,0,1,0,,> 4 years,150,150,"Fresh, Kiboko",1,1,0,0,Pests and diseases Price fluctuations Lack of or access to knowledge and extension services,1,0,0,1,0,0,1,>4 Years,50,20,Dry fermented,0,0,1,0,0,"Pest and diseases, Price fluctuation,  Lack of or access to knowledge and extension services",1,0,0,1,0,0,1,,,,,,,,,,,,,,,,,,,,,,,,,,,,,,,,,,,,,,,,,,,,,,,,,,>4 Years,7,7,Raw Ripe,1,1,0,Post harvest losses Lack of access to market Lack of access to knowledge and extension services,0,0,1,0,1,0,1,,,,,,,,,,,,,,,,,,,,,Yes,,No,,None of the above,0,0,0,0,1,Use of integrated methods Using organic ,0,1,1,,Crop rotation and intercropping with legumes Mulch Apply Manure ,0,0,1,1,1,"Fellow local farmers, Government research institutions",1,0,0,0,1,0,0,Tarpaulin,1,0,0,0,Bag and keep on the floor in a store,Burning Dump in a pit,1,1,0,0,0,,,Yes,10-50,Yes,15,No,,,,,,,,,,0.28835 33.0139111 1234.9 1.683; 0.2886319 33.0136863 1233.1000000000001 1.7; 0.2888156 33.0140269 1231.0 1.74; 0.2883921 33.0143019 1232.7 1.75; 0.2882122 33.0140434 1230.3000000000002 1.8; 0.2882343 33.0139744 1231.8000000000002 1.74; 0.2883213 33.0140327 1233.0 1.88; 0.2884097 33.0140167 1234.1000000000001 2.6; 0.28835 33.0139111 1234.9 1.683,,,89d95b5f-2955-4ec6-ab80-255a2b108064,submitted_via_web,denis_1,uuid:89d95b5f-2955-4ec6-ab80-255a2b108064
Bukenya Denis Stanley,2025-10-07 18:09:00,0.2935193 33.0148784 1207.2 4.02,0.2935193,33.0148784,1207.2,4.02,Buikwe,Buikwe,Makonge,EKUB1068,Namusooko Lydia,Female,1990-07-19 00:00:00,36,Adult,Married,Yes,759936218,,,UCE,I am engaged in income generating activities and have an individual income,Self employment ,0,1,0,,,,,Female,UCE,5,3,No,Farming,250000,,3,No,No,No,Firewood,0,0,1,,,,,,,,,,"Coffee, Maize",1,0,0,0,0,0,0,1,800000,650000,Coffee,1,0,0,0,0,0,0,,> 4 years,300,300,"Fresh, Kiboko",1,1,0,0,Pests and diseases Price fluctuations Lack of or access to knowledge and extension services Lack of access to quality inputs,1,1,0,1,0,0,1,,,,,,,,,,,,,,,,,,,,,,,,,,,,,,,,,,,,,,,,,,,,,,,,,,,,,,,,,,,,,,,,,,,,,,,,,,,,,,,,,,,,,,,,,,,,,,,,,,,,,,Yes,,No,,None of the above,0,0,0,0,1,Use of integrated methods,0,0,1,,Apply Manure  Mulch Purchase and apply inorganic fertilizer,0,0,1,1,1,"Fellow local farmers, Local agro-inputs shops, Government research institutions",1,1,0,0,1,0,0,Tarpaulin,1,0,0,0,Bag and keep on the floor in a store,Burning,1,0,0,0,0,,,Yes,10-50,Yes,15,Yes,Write in a book,1,0,0,,,,,,0.2940322 33.014748 1209.7 1.54; 0.294038 33.0150236 1210.5 1.6; 0.2936227 33.0148977 1210.4 1.68; 0.2940322 33.014748 1209.7 1.54,,,97d35e26-e332-4557-a454-2a683b76c6b7,submitted_via_web,denis_1,uuid:97d35e26-e332-4557-a454-2a683b76c6b7
Bukenya Denis Stanley,2025-10-07 10:06:00,0.2897649 33.0164125 1217.1000000000001 4.95,0.2897649,33.0164125,1217.1,4.95,Buikwe,Buikwe,Makonge,EKUB1069,Nakilyoowa Elvania,Female,1976-10-20 00:00:00,49,Adult,Married,No,744219007,,,PLE,I am engaged in income generating activities and have an individual income,Self employment ,0,1,0,,,,,Male,PLE,9,7,Yes,Farming,180000,,3,No,No,No,Firewood,0,0,1,,,,,,,,,,"Coffee, Cassava",1,0,0,0,1,0,0,0,670000,400000,"Coffee, Cassava",1,0,0,0,0,0,1,,> 4 years,350,300,"Fresh, Kiboko",1,1,0,0,Pests and diseases Price fluctuations Lack of or access to knowledge and extension services,1,0,0,1,0,0,1,,,,,,,,,,,,,,,,,,,,,,,,,,,,,,,,,,,,,,,,,,,,,,,,,,,,,,,,,,,,,,,,,,,,,,,,,,,,,,,,,,,>4 Years,600,600,Fresh,1,0,0,0,Pests and diseases Low prices Price fluctuations Lack of access to knowledge and extension services,1,0,0,1,1,0,0,1,,,Yes,,No,,None of the above,0,0,0,0,1,Using organic  Use of integrated methods,0,1,1,,Apply Manure ,1,0,1,1,1,"Fellow local farmers, Government research institutions",1,0,0,0,1,0,0,Tarpaulin,1,0,0,0,Bag and keep on the floor in a store,Burning Dump in a pit,1,1,0,0,0,,,Yes,10-50,Yes,30,Yes,Write in a book,1,0,0,,,,,,0.2899875 33.016722 1218.7 1.766; 0.2909649 33.0168022 1207.6000000000001 1.92; 0.2910431 33.0165227 1206.4 1.75; 0.2901439 33.0162344 1216.1000000000001 1.7; 0.2899875 33.016722 1218.7 1.766,,,6e5f69c6-5933-4049-a9c8-247bd6e7b70e,submitted_via_web,denis_1,uuid:6e5f69c6-5933-4049-a9c8-247bd6e7b70e
Were Kenneth Elly,2025-10-07 13:51:00,0.2833683 33.01602 1166.6000000000001 1.7,0.2833683,33.01602,1166.6,1.7,Buikwe,Buikwe,Makonge,EKUB1070,Ssekisaka Sebastian,Male,1970-11-13 00:00:00,55,Adult,Married,No,750778436,753328021,,No formal education,I am engaged in income generating activities and have an individual income,Self employment ,0,1,0,,,,,Male,No formal education,10,6,Yes,Farming,100000,,3,No,No,No,Firewood,0,0,1,0,,,,,,,,,"Coffee, Vanilla, Jackfruit, Cassava, Avocado, Beans, Maize",1,0,1,1,1,1,1,1,1500000,1400000,Coffee Vanilla,1,0,1,0,0,0,0,,> 4 years,1300,1300,Kiboko,0,1,0,0,"Pests and diseases, Lack of access to quality inputs, Price fluctuations, Lack of or access to knowledge and extension services",1,1,0,1,0,0,1,,,,,,,,,,,,,,,,,,,>4 years,450,400,Fresh Blanched,1,1,0,"Price fluctuations, Lack of access to knowledge and extension services",0,0,0,1,0,0,1,,,,,,,,,,,,,,,,,,,,,,,,,,,,,,,,,,,,,,,,,,,,,,,,,,,,,,,,,,,,,,,,,,,,,Yes,,No,,None of the above,0,0,0,0,1,Spraying with inorganic chemicals Use of integrated methods,1,0,1,<6 months ,Apply Manure  Mulch,0,1,1,1,0,"Fellow local farmers, Local nursery beds Personal nursery",1,0,1,0,0,0,1,Tarpaulin,1,0,0,0,Bag and keep on raised pallet,Burning,1,0,0,0,0,,,Yes,10-50,Yes,400,No,,,,,,,,,,0.281964 33.0164044 1168.4 3.35;0.281964 33.0153258 1171.1000000000001 3.491;0.2834321 33.015428 1183.7 3.505;0.28335 33.0158652 1187.0 3.431;0.2831579 33.0158299 1187.4 3.37;0.2830733 33.0159985 1188.2 1.5;0.281964 33.0164044 1168.4 3.35,,,57f23109-4fd8-4bb6-8dc4-5aa679994b62,submitted_via_web,kenneth1elly,uuid:57f23109-4fd8-4bb6-8dc4-5aa679994b62
Were Kenneth Elly,2025-10-07 14:27:00,0.2833834 33.0160432 1212.0 4.25,0.2833834,33.0160432,1212,4.25,Buikwe,Buikwe,Makonge,EKUB1071,Musisi John,Male,1958-08-13 00:00:00,67,Adult,Married,No,703351708,754680381,,PLE,I am engaged in income generating activities and have an individual income,Self employment ,0,1,0,,,,,Male,PLE,10,8,Yes,Farming,100000,,3,No,No,No,Firewood,0,0,1,0,,,,,,,,,"Coffee,Maize",1,0,0,0,0,0,0,1,500000,500000,Coffee,1,0,0,0,0,0,0,,> 4 years,540,500,Kiboko,0,1,0,0,Pests and diseases Lack of access to market Price fluctuations Lack of or access to knowledge and extension services,1,0,1,1,0,0,1,,,,,,,,,,,,,,,,,,,,,,,,,,,,,,,,,,,,,,,,,,,,,,,,,,,,,,,,,,,,,,,,,,,,,,,,,,,,,,,,,,,,,,,,,,,,,,,,,,,,,,Yes,,No,,None of the above,0,0,0,0,1,Spraying with inorganic chemicals Use of integrated methods,1,0,1,<6 months ,Apply Manure  Mulch,0,1,1,1,0,"Personal nursery Fellow local farmers, Local nursery beds",1,0,1,0,0,0,1,Tarpaulin,1,0,0,0,Bag and keep on raised pallet,Burning,1,0,0,0,0,,,Yes,10-50,Yes,30,No,,,,,,,,,,0.2837241 33.014538 1195.4 3.602;0.2831831 33.0144718 1191.6000000000001 3.0;0.2831529 33.0146332 1189.4 4.904;0.2835951 33.0147968 1192.0 10.426;0.2837241 33.014538 1195.4 3.602,,,661786df-f7ac-42e2-8c93-6124bdde4da5,submitted_via_web,kenneth1elly,uuid:661786df-f7ac-42e2-8c93-6124bdde4da5
Were Kenneth Elly,2025-10-07 14:52:00,0.2833717 33.0159883 1188.8000000000002 4.82,0.2833717,33.0159883,1188.8,4.82,Buikwe,Buikwe,Makonge,EKUB1072,Nalwoga Prosy,Female,1982-06-15 00:00:00,44,Adult,Married,Yes,706605245,753328021,,No formal education,I am engaged in income generating activities and have an individual income,Self employment ,0,1,0,,,,,Female,No formal education,10,8,Yes,Farming,100000,,3,No,No,No,Firewood,0,0,1,0,,,,,,,,,"Coffee, Vanilla, Cassava, Avocado, Beans, Maize",1,0,1,0,1,1,1,1,1200000,1000000,Coffee Vanilla,1,0,1,0,0,0,0,,> 4 years,200,150,Kiboko,0,1,0,0,"Pests and diseases, Lack of access to quality inputs, Price fluctuations, Lack of or access to knowledge and extension services",1,1,0,1,0,0,1,,,,,,,,,,,,,,,,,,,>4 years,80,10,Fresh Blanched,1,1,0,"Lack of access to knowledge and extension services, Price fluctuations",0,0,0,1,0,0,1,,,,,,,,,,,,,,,,,,,,,,,,,,,,,,,,,,,,,,,,,,,,,,,,,,,,,,,,,,,,,,,,,,,,,Yes,,No,,None of the above,0,0,0,0,1,Spraying with inorganic chemicals,1,0,0,<6 months ,Purchase and apply inorganic fertilizer Apply Manure ,0,1,1,1,0,"Fellow local farmers, Local nursery beds Personal nursery",1,0,1,0,0,0,1,Tarpaulin,1,0,0,0,Bag and keep on raised pallet,Burning,1,0,0,0,0,,,Yes,<10,Yes,34,No,,,,,,,,,,0.283569 33.0170522 1196.7 3.289;0.2837251 33.0169844 1194.0 3.406;0.2838017 33.0164935 1191.8000000000002 3.657;0.2836235 33.016462 1192.9 2.25;0.283569 33.0170522 1196.7 3.289,,,7618229b-8fad-4b21-9327-109773643ca7,submitted_via_web,kenneth1elly,uuid:7618229b-8fad-4b21-9327-109773643ca7
Were Kenneth Elly,2025-10-07 15:19:00,0.2833348 33.0166472 1190.9 4.633,0.2833348,33.0166472,1190.9,4.633,Buikwe,Buikwe,Makonge,EKUB1073,Senyondo isma,Male,1990-09-19 00:00:00,35,Youth,Married,No,708542209,,,No formal education,I am engaged in income generating activities and have an individual income,Self employment ,0,1,0,,,,,Male,No formal education,4,3,Yes,Farming,100000,,2,No,No,No,Firewood,0,0,1,0,,,,,,,,,"Coffee, Vanilla, Avocado, Beans, Maize",1,0,1,0,0,1,1,1,1000000,1000000,Coffee Vanilla Cassava,1,0,1,0,0,0,1,,> 4 years,1200,1000,Kiboko,0,1,0,0,"Pests and diseases, Lack of access to quality inputs, Price fluctuations, Lack of or access to knowledge and extension services",1,1,0,1,0,0,1,,,,,,,,,,,,,,,,,,,>4 years,4,4,Fresh,1,0,0,"Lack of access to knowledge and extension services, Price fluctuations",0,0,0,1,0,0,1,,,,,,,,,,,,,,,,,,,,,,,,,,,,,,,,,,,,,,,,,,,,,,,,,,>4 Years,300,300,Fresh,1,0,0,0,Pests and diseases Low prices Lack of access to knowledge and extension services,1,0,0,1,0,0,0,1,,,Yes,,No,,None of the above,0,0,0,0,1,Spraying with inorganic chemicals,1,0,0,<6 months ,Purchase and apply inorganic fertilizer,0,1,0,0,0,"Fellow local farmers, Personal nursery Local nursery beds",1,0,1,0,0,0,1,Tarpaulin,1,0,0,0,Bag and keep on raised pallet,Burning,1,0,0,0,0,,,Yes,10-50,Yes,50,No,,,,,,,,,,0.2831758 33.0167051 1192.0 6.563;0.2824916 33.0168329 1183.5 3.452;0.2826303 33.0173984 1186.8000000000002 3.563;0.2833322 33.0172204 1186.4 8.83;0.2831758 33.0167051 1192.0 6.563,,,e6a3dc3a-b80d-4135-be1b-c6ec590d0180,submitted_via_web,kenneth1elly,uuid:e6a3dc3a-b80d-4135-be1b-c6ec590d0180
Were Kenneth Elly,2025-10-07 16:37:00,0.2864915 33.013872 1216.1000000000001 4.899,0.2864915,33.013872,1216.1,4.899,Buikwe,Buikwe,Makonge,EKUB1074,Ssemogerere Charles,Male,1962-07-17 00:00:00,64,Adult,Married,No,744859785,,,No formal education,I am engaged in income generating activities and have an individual income,Self employment ,0,1,0,,,,,Male,No formal education,6,4,No,Farming,100000,,3,No,No,No,Firewood,0,0,1,0,,,,,,,,,"Cassava, Beans, Maize",0,0,0,0,1,0,1,1,1000000,800000,Cassava Coffee,1,0,0,0,0,0,1,,> 4 years,100,80,,,,,,,,,,,,,,,,,,,,,,,,,,,,,,,,,,,,,,,,,,,,,,,,,,,,,,,,,,,,,,,,,,,,,,,,,,,,,,,,,,,,,,,,,,,,,,,,>4 Years,300,300,Fresh,1,0,0,0,Pests and diseases Low prices Lack of access to knowledge and extension services,1,0,0,1,0,0,0,1,,,Yes,,No,,None of the above,0,0,0,0,1,Spraying with inorganic chemicals Use of integrated methods,1,0,1,<6 months ,Crop rotation and intercropping with legumes Purchase and apply inorganic fertilizer,0,1,1,0,0,Fellow local farmers,1,0,0,0,0,0,0,Tarpaulin,1,0,0,0,Bag and keep on raised pallet,Burning,1,0,0,0,0,,,Yes,10-50,Yes,50,No,,,,,,,,,,0.2897524 33.015197 1206.7 3.526;0.2906897 33.0157243 1195.7 3.172;0.2905887 33.0159227 1191.7 4.018;0.2912521 33.0162994 1187.7 3.173;0.2915492 33.0157158 1191.3000000000002 12.587;0.2899321 33.0147376 1204.5 3.391;0.2897524 33.015197 1206.7 3.526,,,b2654559-a3d3-4721-bb52-d45dab02bbb1,submitted_via_web,kenneth1elly,uuid:b2654559-a3d3-4721-bb52-d45dab02bbb1
Were Kenneth Elly,2025-10-07 17:28:00,0.2898783 33.01312 1178.4 4.1,0.2898783,33.01312,1178.4,4.1,Buikwe,Buikwe,Makonge,EKUB1075,Kawala Sarah,Female,1978-02-25 00:00:00,48,Adult,Married,No,709688442,,,No formal education,I am engaged in income generating activities and have an individual income,Self employment ,0,1,0,,,,,Female,No formal education,10,8,Yes,Farming,150000,,3,No,No,No,Firewood,0,0,1,0,,,,,,,,,"Coffee, Vanilla, Cassava, Avocado, Maiz,  Beans",1,0,1,0,1,1,1,1,1400000,1500000,Coffee Vanilla,1,0,1,0,0,0,0,,> 4 years,1400,1250,Kiboko,0,1,0,0,"Pests and diseases, Lack of access to quality inputs, Price fluctuations, Lack of or access to knowledge and extension services",1,1,0,1,0,0,1,,,,,,,,,,,,,,,,,,,>4 years,50,50,Fresh,1,0,0,"Lack of access to knowledge and extension services, Price fluctuations",0,0,0,1,0,0,1,,,,,,,,,,,,,,,,,,,,,,,,,,,,,,,,,,,,,,,,,,,,,,,,,,,,,,,,,,,,,,,,,,,,,Yes,,No,,None of the above,0,0,0,0,1,Spraying with inorganic chemicals,1,0,0,<6 months ,Purchase and apply inorganic fertilizer Crop rotation and intercropping with legumes,0,1,1,0,0,"Fellow local farmers, Personal nursery Local nursery beds",1,0,1,0,0,0,1,Tarpaulin,1,0,0,0,Bag and keep on raised pallet,Burning,1,0,0,0,0,,,Yes,<10,Yes,36,No,,,,,,,,,,0.2900683 33.0133821 1210.8000000000002 3.552;0.2905469 33.0141541 1202.2 3.516;0.2909006 33.013822 1201.9 12.066;0.2908935 33.0137007 1198.9 12.062;0.2909258 33.0134723 1201.8000000000002 10.86;0.2907465 33.0131551 1204.2 10.616;0.2900683 33.0133821 1210.8000000000002 3.552,,,d53e4961-e120-4964-be4b-242d944cc3c3,submitted_via_web,kenneth1elly,uuid:d53e4961-e120-4964-be4b-242d944cc3c3
Bukenya Denis Stanley,2025-10-07 18:33:00,0.2914517 33.0141417 1215.2 3.3,0.2914517,33.0141417,1215.2,3.3,Buikwe,Buikwe,Makonge,EKUB1076,Kalusha Richard,Male,1980-08-11 00:00:00,45,Adult,Married,Yes,751452549,,,No formal education,I am engaged in income generating activities and have an individual income,Self employment ,0,1,0,,,,,Male,No formal education,8,6,Yes,Farming,100000,,3,No,No,No,Firewood,0,0,1,,,,,,,,,,"Coffee, Vanilla",1,0,1,0,0,0,0,0,1000000,1000000,Coffee Vanilla,1,0,1,0,0,0,0,,> 4 years,1500,1300,Kiboko,0,1,0,0,"Pests and diseases, Lack of access to quality inputs, Price fluctuations, Lack of or access to knowledge and extension services",1,1,0,1,0,0,1,,,,,,,,,,,,,,,,,,,>4 years,200,200,Fresh,1,0,0,"Lack of access to knowledge and extension services, Lack of access to market, Lack of access to quality puts, Price fluctuations",0,1,1,1,0,0,1,,,,,,,,,,,,,,,,,,,,,,,,,,,,,,,,,,,,,,,,,,,,,,,,,,,,,,,,,,,,,,,,,,,,,Yes,,No,,None of the above,0,0,0,0,1,Spraying with inorganic chemicals,1,0,0,<6 months ,Purchase and apply organic fertilizers Crop rotation and intercropping with legumes,0,1,1,0,0,"Fellow local farmers, Personal nursery Local nursery beds",1,0,1,0,0,0,1,Tarpaulin,1,0,0,0,Bag and keep on raised pallet,Burning,1,0,0,0,0,,,Yes,10-50,Yes,60,No,,,,,,,,,,0.2916816 33.0141579 1202.4 3.356;0.2919153 33.0144199 1195.1000000000001 3.16;0.2916374 33.0145722 1197.5 3.636;0.2911892 33.0143902 1200.6000000000001 3.449;0.2916816 33.0141579 1202.4 3.356,,,8d23eb75-5b72-4616-95f6-e756c1afe526,submitted_via_web,kenneth1elly,uuid:8d23eb75-5b72-4616-95f6-e756c1afe526
Musisi paul Namugera,2025-10-07 16:55:00,0.3229635 33.0156974 1219.9 3.55,0.3229635,33.0156974,1219.9,3.55,Buikwe,Buikwe,Salye,EKUB1077,Nambi Fatumah,Female,1965-04-11 00:00:00,61,Adult,Widowed,No,709255599,,,PLE,I am engaged in income generating activities and have an individual income,Self employment ,0,1,0,,,,,Female,PLE,4,3,Yes,Farming,250000,,2,Yes,No,No,Firewood,0,0,1,0,,,,,,,,,"Coffee, Jackfruit, Cassava, Avocado, Beans, Maize",1,0,0,1,1,1,1,1,450000,500000,"Coffee, Jackfruit, Avocado, Cassava",1,0,0,1,0,1,1,,> 4 years,200,200,"Kiboko, Fresh",1,1,0,0,Pests and diseases Lack of access to quality inputs Price fluctuations,1,1,0,1,0,0,0,,,,,,,,,,,,,,,,,,,,,,,,,,,,,,,,,,,>4 Years,3,2,Ripe,0,1,0,"Price fluctuations, Lack of access to market, Post harvest losses",0,0,1,1,1,0,0,,,,,,,,,,,,,,,,,,>4 Years,2,1,Raw,1,0,0,"Price fluctuations, Post harvest losses, Lack of access to market",0,0,1,1,1,0,0,,>4 Years,120,80,Fresh Dried chips,1,1,0,0,Lack of access to market Low prices Price fluctuations,0,0,1,1,1,0,0,0,,,Yes,,No,,None of the above,0,0,0,0,1,Use of integrated methods,0,0,1,,"Purchase and apply inorganic fertilizer, Apply Manure , Crop rotation and intercropping with legumes",0,1,0,0,1,"Fellow local farmers, Local agro-inputs shops, Local nursery beds",1,1,1,0,0,0,0,Tarpaulin,1,0,0,0,Bag and keep on the floor in a store,Burning Dump in a pit,1,1,0,0,0,,,No,,Yes,10,No,,,,,,,,,,0.3229815 33.0154986 1222.8000000000002 5.12; 0.3232694 33.0157742 1231.0 1.666; 0.3230861 33.0159276 1234.5 1.716; 0.3230589 33.0158721 1232.8000000000002 1.6; 0.3230885 33.0158043 1232.1000000000001 1.516; 0.3229626 33.0156059 1232.5 1.75; 0.3229815 33.0154986 1222.8000000000002 5.12,,,15b9a787-4417-4911-a3d5-cb1df5b5dd4e,submitted_via_web,katwesiime_1,uuid:15b9a787-4417-4911-a3d5-cb1df5b5dd4e
Musisi paul Namugera,2025-10-07 12:58:00,0.3282181 33.0101133 1208.2 4.284,0.3282181,33.0101133,1208.2,4.284,Buikwe,Buikwe,Salye,EKUB1078,Nakafu Teddy,Female,2002-09-25 00:00:00,23,Youth,Married,No,703368698,,,PLE,I am engaged in income generating activities and have an individual income,Self employment ,0,1,0,,,,,Male,PLE,8,5,Yes,Farming,200000,,2,Yes,No,No,Firewood,0,0,1,0,,,,,,,,,"Coffee, Jackfruit, Cassava, Avocado, Beans, Maize",1,0,0,1,1,1,1,1,1000000,1000000,"Coffee, Jackfruit, Avocado, Cassava",1,0,0,1,0,1,1,,> 4 years,1200,1200,"Kiboko, Hulled",0,1,1,0,Pests and diseases Lack of access to quality inputs Price fluctuations,1,1,0,1,0,0,0,,,,,,,,,,,,,,,,,,,,,,,,,,,,,,,,,,,>4 Years,6,6,Ripe,0,1,0,Lack of access to market Post harvest losses Price fluctuations,0,0,1,1,1,0,0,,,,,,,,,,,,,,,,,,>4 Years,3,3,Raw,1,0,0,Lack of access to market Price fluctuations Post harvest losses,0,0,1,1,1,0,0,,>4 Years,150,100,Dried chips Fresh,1,1,0,0,Low prices Lack of access to market Price fluctuations,0,0,1,1,1,0,0,0,,,Yes,,No,,None of the above,0,0,0,0,1,Spraying with inorganic chemicals,1,0,0,<6 months ,Crop rotation and intercropping with legumes Apply Manure ,0,0,1,0,0,"Fellow local farmers, Local agro-inputs shops, Local nursery beds",1,1,1,0,0,0,0,Tarpaulin,1,0,0,0,Bag and keep on the floor in a store,Dump in a pit,0,1,0,0,0,,,No,,Yes,15,No,,,,,,,,,,0.3283502 33.0102479 1217.6000000000001 1.533; 0.3280737 33.0104552 1224.9 1.666; 0.3279477 33.0102978 1223.2 1.466; 0.3280116 33.0101113 1222.7 1.6; 0.3279438 33.0100422 1223.4 1.666; 0.3279748 33.0099779 1223.3000000000002 1.616; 0.3281127 33.0100492 1223.2 1.666; 0.3280564 33.0101147 1224.1000000000001 1.666; 0.3281139 33.0101929 1225.2 1.866; 0.3281926 33.0101758 1225.9 2.314; 0.3283502 33.0102479 1217.6000000000001 1.533,,,4084d5ad-ca38-4e95-b1b3-940a547bba16,submitted_via_web,katwesiime_1,uuid:4084d5ad-ca38-4e95-b1b3-940a547bba16
Musisi paul Namugera,2025-10-07 16:15:00,0.324711 33.0146857 1219.4 4.733,0.324711,33.0146857,1219.4,4.733,Buikwe,Buikwe,Salye,EKUB1079,Kiwanuka Fred,Male,1969-11-15 00:00:00,56,Adult,Married,No,706149439,,,PLE,I am engaged in income generating activities and have an individual income,Self employment ,0,1,0,,,,,Male,PLE,6,4,Yes,Farming,250000,,2,Yes,No,No,Firewood,0,0,1,0,,,,,,,,,"Coffee, Jackfruit, Cassava, Avocado, Beans, Maize",1,0,0,1,1,1,1,1,450000,450000,"Coffee, Jackfruit, Avocado, Cassava",1,0,0,1,0,1,1,,> 4 years,150,150,Kiboko,0,1,0,0,Pests and diseases Price fluctuations Lack of access to quality inputs,1,1,0,1,0,0,0,,,,,,,,,,,,,,,,,,,,,,,,,,,,,,,,,,,>4 Years,3,2,Ripe,0,1,0,Lack of access to market Price fluctuations Post harvest losses,0,0,1,1,1,0,0,,,,,,,,,,,,,,,,,,1 - 4 years,2,1,Raw,1,0,0,Post harvest losses Price fluctuations Lack of access to market,0,0,1,1,1,0,0,,>4 Years,120,50,Fresh Dried chips,1,1,0,0,Low prices Price fluctuations Lack of access to market,0,0,1,1,1,0,0,0,,,Yes,,No,,None of the above,0,0,0,0,1,Use of integrated methods,0,0,1,,,0,0,1,0,1,"Fellow local farmers, Local agro-inputs shops, Local nursery beds",1,1,1,0,0,0,0,Tarpaulin,1,0,0,0,Bag and keep on the floor in a store,Dump in a pit Burning,1,1,0,0,0,,,No,,Yes,12,No,,,,,,,,,,0.3241733 33.0149987 1235.2 1.64; 0.3245181 33.0146829 1232.5 1.75; 0.3246124 33.0148277 1232.9 1.7; 0.3242314 33.0150838 1232.7 1.7; 0.3241733 33.0149987 1235.2 1.64,,,74bdb8b3-069e-42fb-a9da-6efade36bef2,submitted_via_web,katwesiime_1,uuid:74bdb8b3-069e-42fb-a9da-6efade36bef2
Musisi paul Namugera,2025-10-07 15:39:00,0.3241341 33.0142391 1246.1000000000001 3.616,0.3241341,33.0142391,1246.1,3.616,Buikwe,Buikwe,Salye,EKUB1080,Wegosasa Deziranta,Female,1954-06-14 00:00:00,72,Adult,Widowed,No,708724236,,,No formal education,I am engaged in income generating activities and have an individual income,Self employment ,0,1,0,,,,,Female,No formal education,1,0,,Farming,150000,,2,Yes,No,No,Firewood,0,0,1,0,,,,,,,,,"Coffee, Jackfruit, Cassava, Avocado, Beans, Maize",1,0,0,1,1,1,1,1,300000,300000,Coffee Avocado Cassava,1,0,0,0,0,1,1,,> 4 years,200,200,"Fresh, Kiboko",1,1,0,0,Pests and diseases Lack of or access to knowledge and extension services Price fluctuations,1,0,0,1,0,0,1,,,,,,,,,,,,,,,,,,,,,,,,,,,,,,,,,,,,,,,,,,,,,,,,,,,,,,,,,,,,,,,,,,,1 - 4 years,2,0,Raw,1,0,0,Post harvest losses Price fluctuations Lack of access to market,0,0,1,1,1,0,0,,>4 Years,100,50,Fresh Dried chips,1,1,0,0,Low prices Lack of access to market Price fluctuations,0,0,1,1,1,0,0,0,,,No,,No,,None of the above,0,0,0,0,1,Use of integrated methods,0,0,1,,,0,0,0,0,1,"Fellow local farmers, Local agro-inputs shops",1,1,0,0,0,0,0,Tarpaulin,1,0,0,0,Bag and keep on the floor in a store,Dump in a pit Burning,1,1,0,0,0,,,No,,Yes,5,No,,,,,,,,,,0.32434 33.01388 1243.3000000000002 1.828; 0.3247363 33.0139262 1237.5 7.76; 0.3247835 33.0139013 1237.1000000000001 1.733; 0.324416 33.0137952 1235.7 1.616; 0.32434 33.01388 1243.3000000000002 1.828,,,3413fd3e-1e0b-4b91-8e41-f25d57e0003b,submitted_via_web,katwesiime_1,uuid:3413fd3e-1e0b-4b91-8e41-f25d57e0003b
Musisi paul Namugera,2025-10-07 14:50:00,0.3249986 33.0089213 1226.6000000000001 3.466,0.3249986,33.0089213,1226.6,3.466,Buikwe,Buikwe,Salye,EKUB1081, Kituyi Farahiyyah,Female,1981-06-15 00:00:00,45,Adult,Married,No,782307216,,,PLE,I am engaged in income generating activities and have an individual income,Self employment ,0,1,0,,,,,Male,PLE,13,11,Yes,Farming,150000,,2,Yes,No,No,Firewood,0,0,1,0,,,,,,,,,"Coffee, Jackfruit, Cassava, Avocado, Beans, Maize",1,0,0,1,1,1,1,1,450000,400000,Coffee Jackfruit Cassava Avocado,1,0,0,1,0,1,1,,> 4 years,150,150,"Kiboko, Fresh",1,1,0,0,Pests and diseases Price fluctuations Lack of or access to knowledge and extension services,1,0,0,1,0,0,1,,,,,,,,,,,,,,,,,,,,,,,,,,,,,,,,,,,>4 Years,2,2,Ripe,0,1,0,Lack of access to market Pests and diseases Price fluctuations,1,0,1,1,0,0,0,,,,,,,,,,,,,,,,,,>4 Years,3,1,Raw,1,0,0,Price fluctuations Lack of access to market Post harvest losses,0,0,1,1,1,0,0,,>4 Years,120,80,Fresh Dried chips,1,1,0,0,Low prices Price fluctuations Lack of access to market,0,0,1,1,1,0,0,0,,,Yes,,No,,None of the above,0,0,0,0,1,Spraying with inorganic chemicals,1,0,0,<6 months ,,0,0,1,0,1,"Fellow local farmers, Local agro-inputs shops, Local nursery beds",1,1,1,0,0,0,0,Tarpaulin,1,0,0,0,Bag and keep on the floor in a store,Burning Dump in a pit,1,1,0,0,0,,,No,,Yes,7,No,,,,,,,,,,0.3250739 33.0088202 1226.1000000000001 2.016; 0.3250712 33.0089652 1224.7 1.75; 0.3248631 33.0090878 1219.7 1.716; 0.3248049 33.0090126 1217.5 1.9; 0.3250739 33.0088202 1226.1000000000001 2.016,,,aa8037f5-515f-4593-95fe-d7af46621c27,submitted_via_web,katwesiime_1,uuid:aa8037f5-515f-4593-95fe-d7af46621c27
Musisi paul Namugera,2025-10-07 14:16:00,0.3234632 33.0095927 1218.9 4.255,0.3234632,33.0095927,1218.9,4.255,Buikwe,Buikwe,Salye,EKUB1082,Kalyowa Ibrahim,Male,1977-06-15 00:00:00,49,Adult,Married,No,705967715,,,PLE,I am engaged in income generating activities and have an individual income,Self employment ,0,1,0,,,,,Male,PLE,7,4,Yes,Farming,250000,,2,Yes,No,No,Firewood,0,0,1,0,,,,,,,,,"Coffee, Cassava, Maize, Avocado, Beans, Jackfruit",1,0,0,1,1,1,1,1,600000,600000,"Coffee, Jackfruit, Avocado, Cassava",1,0,0,1,0,1,1,,> 4 years,1500,1500,Kiboko,0,1,0,0,Pests and diseases Price fluctuations Lack of access to quality inputs Lack of access to market,1,1,1,1,0,0,0,,,,,,,,,,,,,,,,,,,,,,,,,,,,,,,,,,,>4 Years,4,3,Ripe,0,1,0,"Price fluctuations, Lack of access to market, Post harvest losses",0,0,1,1,1,0,0,,,,,,,,,,,,,,,,,,>4 Years,2,1,Raw,1,0,0,Post harvest losses Price fluctuations Lack of access to market,0,0,1,1,1,0,0,,>4 Years,150,80,Fresh Dried chips,1,1,0,0,Low prices Lack of access to market Price fluctuations,0,0,1,1,1,0,0,0,,,Yes,,No,,None of the above,0,0,0,0,1,Spraying with inorganic chemicals,1,0,0,<6 months ,Apply Manure  Mulch,0,1,1,0,0,"Fellow local farmers, Local agro-inputs shops, Local nursery beds",1,1,1,0,0,0,0,Tarpaulin,1,0,0,0,Bag and keep on the floor in a store,Dump in a pit,0,1,0,0,0,,,No,,Yes,6,No,,,,,,,,,,0.323006 33.00991 1209.8000000000002 1.483; 0.3229256 33.0099037 1210.0 1.583; 0.3228482 33.0097191 1208.3000000000002 1.516; 0.3232657 33.0090359 1207.2 1.583; 0.3234012 33.0092552 1211.3000000000002 1.683; 0.323006 33.00991 1209.8000000000002 1.483,,,e4402310-e54b-4b35-a822-3e0138d2e75c,submitted_via_web,katwesiime_1,uuid:e4402310-e54b-4b35-a822-3e0138d2e75c
Musisi paul Namugera,2025-10-07 13:25:00,0.3273325 33.0095999 1251.5 4.9,0.3273325,33.0095999,1251.5,4.9,Buikwe,Buikwe,Salye,EKUB1083,Federica Nyadoyi,Female,1965-06-15 00:00:00,61,Adult,Married,No,702917097,,,PLE,I am engaged in income generating activities and have an individual income,Self employment ,0,1,0,,,,,Male,PLE,5,3,No,Farming,200000,,2,Yes,No,No,Firewood,0,0,1,0,,,,,,,,,"Coffee, Cassava, Avocado, Beans, Maize",1,0,0,0,1,1,1,1,450000,450000,"Coffee, Jackfruit, Avocado, Cassava",1,0,0,1,0,1,1,,> 4 years,200,200,Hulled,0,0,1,0,Pests and diseases Lack of access to market Price fluctuations,1,0,1,1,0,0,0,,,,,,,,,,,,,,,,,,,,,,,,,,,,,,,,,,,>4 Years,3,2,Raw,1,0,0,Lack of access to market Price fluctuations Lack of access to knowledge and extension services,0,0,1,1,0,0,1,,,,,,,,,,,,,,,,,,>4 Years,2,1,Raw,1,0,0,Lack of access to market Price fluctuations Post harvest losses,0,0,1,1,1,0,0,,>4 Years,100,50,Fresh Dried chips,1,1,0,0,Low prices Price fluctuations Lack of access to market,0,0,1,1,1,0,0,0,,,Yes,,No,,None of the above,0,0,0,0,1,Spraying with inorganic chemicals,1,0,0,<6 months ,Apply Manure  Mulch,0,0,1,0,1,"Fellow local farmers, Local agro-inputs shops, Local nursery beds",1,1,1,0,0,0,0,Tarpaulin,1,0,0,0,Bag and keep on the floor in a store,Dump in a pit Burning,1,1,0,0,0,,,No,,Yes,10,No,,,,,,,,,,0.3274771 33.0095569 1214.7 1.7; 0.3273706 33.0096142 1218.1000000000001 1.5; 0.3272706 33.0096272 1220.4 1.5; 0.3270713 33.0097654 1223.4 1.5; 0.3270087 33.0096752 1222.9 1.6; 0.3271792 33.009332 1217.8000000000002 1.516; 0.3274771 33.0095569 1214.7 1.7,,,130c23c7-c0e8-4458-8bd6-3da46b5de056,submitted_via_web,katwesiime_1,uuid:130c23c7-c0e8-4458-8bd6-3da46b5de056
Ngabirano Deus,2025-10-07 15:41:00,0.3012821 32.9555331 1271.5 4.1,0.3012821,32.9555331,1271.5,4.1,Buikwe,Buikwe,Kyanja,EKUB1084,Namwase Maria,Female,1988-05-17 00:00:00,38,Adult,Married,Yes,709547402,,,PLE,I am engaged in income generating activities and have an individual income,Self employment ,0,1,0,,,,,Male,No formal education,8,6,Yes,Farming,200000,,2,No,No,No,Firewood,0,0,1,,,,,,,,,,"Coffee, Jackfruit, Avocado",1,0,0,1,0,1,0,0,150000,200000,"Coffee, Jackfruit, Avocado",1,0,0,1,0,1,0,,> 4 years,120,100,Fresh,1,0,0,0,Pests and diseases Price fluctuations,1,0,0,1,0,0,0,,,,,,,,,,,,,,,,,,,,,,,,,,,,,,,,,,,>4 Years,3,1,Raw,1,0,0,Pests and diseases,1,0,0,0,0,0,0,,,,,,,,,,,,,,,,,,>4 Years,4,2,Raw,1,0,0,Pests and diseases Price fluctuations Lack of access to market,1,0,1,1,0,0,0,,,,,,,,,,,,,,,,,,,,,Yes,,No,,None of the above,0,0,0,0,1,Spraying with inorganic chemicals,1,0,0,<6 months ,Apply Manure  Mulch,0,0,1,1,0,"Fellow local farmers, Local agro-inputs shops",1,1,0,0,0,0,0,Tarpaulin,1,0,0,0,Keep on the floor,Dump at a heap around the farm,0,0,0,1,0,,,No,,No,,No,,,,,,,,,,0.3012367 32.9554083 1266.8 11.8;0.301131 32.955467 1264.5 2.213;0.3009561 32.9554604 1264.8 1.9;0.3009098 32.9555816 1262.8 1.916;0.3009265 32.9557036 1261.6 11.988;0.3010114 32.9558282 1261.3 2.538;0.3011314 32.955806 1261.3 2.114;0.3012479 32.9555624 1263.8 19.47;0.3012367 32.9554083 1266.8 11.8,,,950b5d7f-97ab-4f37-aa10-4a12823af062,submitted_via_web,deus_1,uuid:950b5d7f-97ab-4f37-aa10-4a12823af062
Ngabirano Deus,2025-10-07 16:29:00,0.2999531 32.9532993 1230.0 4.25,0.2999531,32.9532993,1230,4.25,Buikwe,Buikwe,Kyanja,EKUB1085,Nakafu Scovia,Female,1974-01-01 00:00:00,52,Adult,Widowed,No,750850376,,,No formal education,I am engaged in income generating activities and have an individual income,Self employment ,0,1,0,,,,,Female,No formal education,5,4,Yes,Farming,70000,,2,No,Yes,No,Firewood,0,0,1,,,,,,,,,,Coffee,1,0,0,0,0,0,0,0,700000,500000,Coffee,1,0,0,0,0,0,0,,> 4 years,500,400,Kiboko,0,1,0,0,"Pests and diseases, Price fluctuations, Lack of access to market",1,0,1,1,0,0,0,,,,,,,,,,,,,,,,,,,,,,,,,,,,,,,,,,,,,,,,,,,,,,,,,,,,,,,,,,,,,,,,,,,,,,,,,,,,,,,,,,,,,,,,,,,,,,,,,,,,,,Yes,,No,,None of the above,0,0,0,0,1,Using organic ,0,1,0,,"Mulch, Apply Manure, Crop rotation and intercropping with legumes",0,0,1,1,0,Fellow local farmers,1,0,0,0,0,0,0,Tarpaulin,1,0,0,0,Bag and keep on raised pallet,Dump at a heap around the farm,0,0,0,1,0,,,No,,No,,No,,,,,,,,,,0.3002396 32.9533701 1233.3 1.7; 0.3000054 32.9534154 1233.1 1.72; 0.3003535 32.9533665 1233.7 1.68; 0.3005315 32.9530579 1232.5 1.9; 0.3002202 32.9531233 1231.4 4.0; 0.3002396 32.9533701 1233.3 1.7,,,e68bcac8-3807-48f5-a1cc-efbf7e4b6764,submitted_via_web,deus_1,uuid:e68bcac8-3807-48f5-a1cc-efbf7e4b6764
Rwancwende Abert,2025-10-07 16:41:00,0.3009394 32.9563395 1240.1 4.52,0.3009394,32.9563395,1240.1,4.52,Buikwe,Buikwe,Buyinja,EKUB1086,Kamugisha Francis,Male,1974-03-16 00:00:00,52,Adult,Married,No,755400069,,,Junior,I am engaged in income generating activities and have an individual income,Self employment ,0,1,0,,,,,Male,Junior,8,7,No,Farming,180000,,2,No,Yes,No,Firewood,0,0,1,0,,,,,,,,,"Coffee, Vanilla, Maize, Beans Avocado Cassava Jackfruit Cocoa",1,1,1,1,1,1,1,1,550000,650000,Coffee Cocoa Vanilla Jackfruit Avocado Cassava,1,1,1,1,0,1,1,,> 4 years,600,519,"Fresh, Kiboko, Hulled",1,1,1,0,Pests and diseases Lack of labor Lack of access to quality inputs,1,1,0,0,0,1,0,1 - 4 Years,6,1,Fresh,0,1,0,0,0,"Lack of access to quality puts, Lack of or access to knowledge and extension services Lack of labor",0,1,0,0,0,1,1,,>4 years,100,53,Fresh,1,0,0,"Pests and diseases, Price fluctuations Lack of labor",1,0,0,1,0,1,0,,>4 Years,4,2,Ripe,0,1,0,"Pests and diseases, Lack of access to market, Lack of access to knowledge and extension services",1,0,1,0,0,0,1,,,,,,,,,,,,,,,,,,>4 Years,3,2,Raw,1,0,0,Lack of access to market Lack of access to quality puts Lack of access to knowledge and extension services,0,1,1,0,0,0,1,,>4 Years,100,32,Fresh,1,0,0,0,Lack of access to market Low prices Post harvest losses,0,0,1,1,0,1,0,0,,,Yes,,No,,None of the above,0,0,0,0,1,Using organic ,0,1,0,,"Mulch, Apply Manure, Crop rotation and intercropping with legumes",1,0,0,1,1,"Fellow local farmers, Local agro-inputs shops",1,1,0,0,0,0,0,Tarpaulin,1,0,0,0,Bag and keep on the floor in a store,Burning,1,0,0,0,0,,,Yes,<10,Yes,10,Yes,Write in a book,1,0,0,,,,,,0.3005517 32.9565184 1245.4 1.916;0.3008454 32.9565842 1249.2 1.566;0.3010855 32.9566378 1250.0 1.7;0.3012696 32.9566097 1250.7 1.733;0.3013137 32.9566187 1253.5 1.8;0.3013671 32.9564913 1256.5 1.783;0.3013684 32.9563447 1252.7 1.8;0.3014254 32.9563211 1252.1 1.7;0.3014709 32.9561741 1254.8 1.75;0.3013924 32.9560793 1251.2 1.8;0.301323 32.9560723 1251.1 1.683;0.3013 32.95594 1248.7 1.75;0.3012769 32.9558828 1249.6 1.7;0.3012171 32.9558936 1248.2 1.85;0.30116 32.955905 1247.2 1.466;0.3011067 32.95592 1245.3 1.583;0.3010435 32.9559983 1240.7 1.816;0.3010201 32.9560484 1238.0 1.8;0.3010588 32.9560775 1236.2 1.866;0.3011179 32.9561416 1238.5 1.883;0.3010698 32.9562248 1241.2 1.85;0.3009576 32.9563944 1241.4 1.883;0.300854 32.9563781 1238.3 1.7;0.3005517 32.9565184 1245.4 1.916,,,3fb9c7db-adf2-4da1-9636-5c0ea701b6cc,submitted_via_web,abert_1,uuid:3fb9c7db-adf2-4da1-9636-5c0ea701b6cc
Were Kenneth Elly,2025-10-08 12:23:00,0.2930933 33.0093367 1234.5 4.8,0.2930933,33.0093367,1234.5,4.8,Buikwe,Buikwe,Makonge,EKUB1087,Kiberu Kenneth,Male,1998-05-22 00:00:00,28,Youth,Single,Yes,748154825,,,Degree,I am engaged in income generating activities and have an individual income,Self employment ,0,1,0,,,,,Male,Degree,4,3,Yes,Farming,100000,,3,No,No,No,Firewood,0,0,1,0,,,,,,,,,"Cassava, Maize, Coffee",1,0,0,0,1,0,0,1,400000,300000,Coffee Vanilla,1,0,1,0,0,0,0,,<1 YEAR,82,50,Fresh,1,0,0,0,"Pests and diseases, Lack of or access to knowledge and extension services, Lack of access to quality inputs",1,1,0,0,0,0,1,,,,,,,,,,,,,,,,,,,1 - 4 years,20,20,Fresh,1,0,0,Lack of access to knowledge and extension services Lack of access to market,0,0,1,0,0,0,1,,,,,,,,,,,,,,,,,,,,,,,,,,,,,,,,,,,,,,,,,,,,,,,,,,,,,,,,,,,,,,,,,,,,,Yes,,No,,None of the above,0,0,0,0,1,Spraying with inorganic chemicals,1,0,0,<6 months ,Purchase and apply inorganic fertilizer Apply Manure  Mulch,0,1,1,0,0,"Fellow local farmers, Personal nursery",1,0,0,0,0,0,1,Tarpaulin,1,0,0,0,Bag and keep on raised pallet,Burning,1,0,0,0,0,,,Yes,<10,Yes,20,No,,,,,,,,,,0.2931639 33.009251 1211.8000000000002 3.857;0.2928009 33.008519 1209.4 3.556;0.2922606 33.0088021 1205.9 3.651;0.2927537 33.009521 1207.9 3.805;0.2931639 33.009251 1211.8000000000002 3.857,,,bac9bf78-bae7-4c48-95fa-1d52c938b086,submitted_via_web,kenneth1elly,uuid:bac9bf78-bae7-4c48-95fa-1d52c938b086
Were Kenneth Elly,2025-10-08 12:57:00,0.2954279 33.0125913 1243.8000000000002 4.5,0.2954279,33.0125913,1243.8,4.5,Buikwe,Buikwe,Makonge,EKUB1088,Luwaga Julius,Male,1995-04-21 00:00:00,31,Youth,Married,Yes,760164295,756241267,,UACE,I am engaged in income generating activities and have an individual income,Self employment ,0,1,0,,,,,Male,UACE,4,2,Yes,Farming,100000,,3,No,No,No,Firewood,0,0,1,0,,,,,,,,,"Coffee, Avocado, Maize",1,0,0,0,0,1,0,1,800000,700000,Coffee,1,0,0,0,0,0,0,,> 4 years,90,57,Kiboko,0,1,0,0,Pests and diseases Lack of access to market Lack of or access to knowledge and extension services Price fluctuations,1,0,1,1,0,0,1,,,,,,,,,,,,,,,,,,,,,,,,,,,,,,,,,,,,,,,,,,,,,,,,,,,,,,,,,,,,,,,,,,,,,,,,,,,,,,,,,,,,,,,,,,,,,,,,,,,,,,Yes,,No,,None of the above,0,0,0,0,1,Spraying with inorganic chemicals Use of integrated methods,1,0,1,<6 months ,Purchase and apply inorganic fertilizer,0,1,0,0,0,"Fellow local farmers, Personal nursery",1,0,0,0,0,0,1,Tarpaulin,1,0,0,0,Bag and keep on raised pallet,Burning,1,0,0,0,0,,,Yes,10-50,Yes,40,No,,,,,,,,,,0.2953761 33.0126333 1230.2 3.422;0.2953054 33.0127872 1215.3000000000002 3.209;0.2951274 33.0126571 1210.0 3.403;0.2952022 33.012487 1211.6000000000001 4.6;0.2953761 33.0126333 1230.2 3.422,,,d8470913-adc6-43c0-ac6d-4c02e39ee70b,submitted_via_web,kenneth1elly,uuid:d8470913-adc6-43c0-ac6d-4c02e39ee70b
Were Kenneth Elly,2025-10-08 13:44:00,0.2971891 33.0145239 1208.6000000000001 4.525,0.2971891,33.0145239,1208.6,4.525,Buikwe,Buikwe,Makonge,EKUB1089,Walimbwa John,Male,1982-01-01 00:00:00,44,Adult,Married,No,755912069,,,PLE,I am engaged in income generating activities and have an individual income,Self employment ,0,1,0,,,,,Male,PLE,4,2,Yes,Farming,100000,,3,No,No,No,Firewood,0,0,1,0,,,,,,,,,Coffee,1,0,0,0,0,0,0,0,1050000,850000,Coffee Cocoa,1,1,0,0,0,0,0,,> 4 years,300,300,Kiboko,0,1,0,0,"Pests and diseases, Lack of access to quality inputs, Lack of or access to knowledge and extension services Price fluctuations",1,1,0,1,0,0,1,>4 Years,20,0,,,,,,,"Lack of access to quality puts, Lack of or access to knowledge and extension services",0,1,0,0,0,0,1,,,,,,,,,,,,,,,,,,,,,,,,,,,,,,,,,,,,,,,,,,,,,,,,,,,,,,,,,,,,,,,,,,,,,,,,,,,,,,,,,,,,,Yes,,No,,None of the above,0,0,0,0,1,Spraying with inorganic chemicals Use of integrated methods,1,0,1,<6 months ,Purchase and apply inorganic fertilizer Apply Manure ,0,1,1,0,1,"Fellow local farmers, Local nursery beds Personal nursery",1,0,1,0,0,0,1,Tarpaulin,1,0,0,0,Bag and keep on raised pallet,Burning,1,0,0,0,0,,,Yes,10-50,Yes,80,No,,,,,,,,,,0.2972584 33.0145306 1197.2 5.573;0.2981222 33.0148722 1194.4 3.388;0.2982654 33.0146678 1196.0 4.795;0.2974621 33.0143215 1196.3000000000002 3.349;0.2972584 33.0145306 1197.2 5.573,,,969f2d58-e584-4320-b58b-d960f4e142b9,submitted_via_web,kenneth1elly,uuid:969f2d58-e584-4320-b58b-d960f4e142b9
Were Kenneth Elly,2025-10-08 09:57:00,0.2896517 33.0161617 1190.0 3.7,0.2896517,33.0161617,1190,3.7,Buikwe,Buikwe,Makonge,EKUB1090,Kirya Ali,Male,1997-06-15 00:00:00,29,Youth,Married,No,741600602,787398343,,PLE,I am engaged in income generating activities and have an individual income,Self employment ,0,1,0,,,,,Male,PLE,2,0,,Farming,100000,,3,No,No,No,Firewood,0,0,1,0,,,,,,,,,"Cassava, Beans, Maize, Vanilla",0,0,1,0,1,0,1,1,400000,300000,Coffee Avocado,1,0,0,0,0,1,0,,1- 4 years,250,0,,,,,,Pests and diseases Lack of access to market Lack of or access to knowledge and extension services,1,0,1,0,0,0,1,,,,,,,,,,,,,,,,,,,,,,,,,,,,,,,,,,,,,,,,,,,,,,,,,,,,,,,,,,,,,,,,,,,>4 Years,2,2,Raw,1,0,0,Lack of access to knowledge and extension services Lack of access to market,0,0,1,0,0,0,1,,,,,,,,,,,,,,,,,,,,,Yes,,No,,None of the above,0,0,0,0,1,Spraying with inorganic chemicals,1,0,0,<6 months ,Purchase and apply inorganic fertilizer Apply Manure ,0,1,1,0,0,"Fellow local farmers, Personal nursery",1,0,0,0,0,0,1,Tarpaulin,1,0,0,0,Bag and keep on raised pallet,Burning,1,0,0,0,0,,,Yes,<10,Yes,25,No,,,,,,,,,,0.289755 33.0164017 1210.8000000000002 1.5;0.2897739 33.0161519 1205.0 3.275;0.2896573 33.016104 1206.8000000000002 4.709;0.2896339 33.0157776 1206.2 4.392;0.2902003 33.0158068 1207.1000000000001 4.101;0.2901245 33.0163531 1204.4 4.373;0.2897953 33.0163988 1208.7 3.653;0.289755 33.0164017 1210.8000000000002 1.5,,,9ea4e3c2-8e51-4c45-af11-2614ab38c6c8,submitted_via_web,kenneth1elly,uuid:9ea4e3c2-8e51-4c45-af11-2614ab38c6c8
Were Kenneth Elly,2025-10-08 11:18:00,0.29227 33.01029 1209.1000000000001 4.6,0.29227,33.01029,1209.1,4.6,Buikwe,Buikwe,Makonge,EKUB1091,Nakalyowa Asia,Female,1966-07-13 00:00:00,60,Adult,Married,No,758990672,,,PLE,I am engaged in income generating activities and have an individual income,Self employment ,0,1,0,,,,,Female,PLE,8,6,Yes,Farming,100000,,3,No,No,No,Firewood,0,0,1,0,,,,,,,,,"Coffee, Jackfruit, Cassava, Avocado",1,0,0,1,1,1,0,0,500000,500000,Coffee,1,0,0,0,0,0,0,,> 4 years,250,250,Fresh,1,0,0,0,Pests and diseases Lack of access to market Price fluctuations Lack of or access to knowledge and extension services,1,0,1,1,0,0,1,,,,,,,,,,,,,,,,,,,,,,,,,,,,,,,,,,,,,,,,,,,,,,,,,,,,,,,,,,,,,,,,,,,,,,,,,,,,,,,,,,,,,,,,,,,,,,,,,,,,,,Yes,,No,,None of the above,0,0,0,0,1,Spraying with inorganic chemicals,1,0,0,<6 months ,Purchase and apply inorganic fertilizer Apply Manure ,0,1,1,0,0,"Fellow local farmers, Local nursery beds Personal nursery",1,0,1,0,0,0,1,Tarpaulin,1,0,0,0,Bag and keep on raised pallet,Burning,1,0,0,0,0,,,Yes,10-50,Yes,60,No,,,,,,,,,,0.2922292 33.0085422 1202.6000000000001 3.397;0.2910837 33.0071171 1188.0 3.555;0.2910503 33.0071641 1187.8000000000002 3.796;0.2920704 33.0085857 1199.0 3.54;0.2922292 33.0085422 1202.6000000000001 3.397,,,c9ec1f3e-1b5f-47b4-a7a9-1bbde5aa62fa,submitted_via_web,kenneth1elly,uuid:c9ec1f3e-1b5f-47b4-a7a9-1bbde5aa62fa
Were Kenneth Elly,2025-10-08 12:03:00,0.2922008 33.0085181 1202.9 4.233,0.2922008,33.0085181,1202.9,4.233,Buikwe,Buikwe,Makonge,EKUB1092,Mwenyi swalik obed,Male,1983-05-18 00:00:00,43,Adult,Married,Yes,754686155,783450079,,PLE,I am engaged in income generating activities and have an individual income,Self employment ,0,1,0,,,,,Male,PLE,13,10,Yes,Farming,150000,,3,No,No,No,Firewood,0,0,1,0,,,,,,,,,Coffee,1,0,0,0,0,0,0,0,1000000,800000,Coffee,1,0,0,0,0,0,0,,> 4 years,2000,1800,Kiboko,0,1,0,0,Pests and diseases Price fluctuations Lack of or access to knowledge and extension services Lack of access to quality inputs,1,1,0,1,0,0,1,,,,,,,,,,,,,,,,,,,,,,,,,,,,,,,,,,,,,,,,,,,,,,,,,,,,,,,,,,,,,,,,,,,,,,,,,,,,,,,,,,,,,,,,,,,,,,,,,,,,,,Yes,,No,,None of the above,0,0,0,0,1,Spraying with inorganic chemicals,1,0,0,<6 months ,Crop rotation and intercropping with legumes Purchase and apply inorganic fertilizer,0,1,0,0,0,"Fellow local farmers, Personal nursery Local nursery beds",1,0,1,0,0,0,1,Tarpaulin,1,0,0,0,Bag and keep on raised pallet,Burning,1,0,0,0,0,,,Yes,10-50,Yes,50,No,,,,,,,,,,0.2927053 33.0079601 1203.8000000000002 1.9;0.2914688 33.0068212 1184.4 3.57;0.2911927 33.0071371 1186.9 9.548;0.2920997 33.008379 1202.8000000000002 3.584;0.2927053 33.0079601 1203.8000000000002 1.9,,,5f36d334-c5d1-4df9-8efd-ac042c083da1,submitted_via_web,kenneth1elly,uuid:5f36d334-c5d1-4df9-8efd-ac042c083da1
Bukenya Denis Stanley,2025-10-08 15:00:00,0.3231739 33.0107775 1221.3000000000002 4.575,0.3231739,33.0107775,1221.3,4.575,Buikwe,Buikwe,Salye,EKUB1093,Ssekandi Mansoor,Male,2003-03-07 00:00:00,23,Youth,Single,Yes,769759272,,,No formal education,I am engaged in income generating activities and have an individual income,Self employment ,0,1,0,,,,,Male,No formal education,1,0,,Farming,120000,,3,No,No,No,Firewood,0,0,1,,,,,,,,,,"Coffee, Cassava, Maize",1,0,0,0,1,0,0,1,600000,500000,"Coffee, Cassava",1,0,0,0,0,0,1,,> 4 years,220,220,"Fresh, Kiboko",1,1,0,0,Pests and diseases Price fluctuations Lack of or access to knowledge and extension services,1,0,0,1,0,0,1,,,,,,,,,,,,,,,,,,,,,,,,,,,,,,,,,,,,,,,,,,,,,,,,,,,,,,,,,,,,,,,,,,,,,,,,,,,,,,,,,,,>4 Years,250,250,Fresh,1,0,0,0,Post harvest losses Price fluctuations Low prices Lack of access to knowledge and extension services,0,0,0,1,1,1,0,1,,,Yes,,No,,None of the above,0,0,0,0,1,Use of integrated methods,0,0,1,,Apply Manure ,0,0,1,1,1,"Fellow local farmers, Government research institutions",1,0,0,0,1,0,0,Tarpaulin Bare ground,1,1,0,0,Bag and keep on the floor in a store,Burning Dump in a pit,1,1,0,0,0,,,Yes,<10,Yes,10,No,,,,,,,,,,0.3233628 33.0100225 1227.7 1.75; 0.3235757 33.0101494 1224.3000000000002 1.783; 0.323474 33.0104513 1221.4 1.666; 0.3232275 33.0103745 1221.9 1.6; 0.3233628 33.0100225 1227.7 1.75,,,89a589db-2dad-4893-9b8a-905160db8bfb,submitted_via_web,denis_1,uuid:89a589db-2dad-4893-9b8a-905160db8bfb
Bukenya Denis Stanley,2025-10-07 15:59:00,0.3234239 33.0153012 1239.8000000000002 3.72,0.3234239,33.0153012,1239.8,3.72,Buikwe,Buikwe,Salye,EKUB1094,Atieno Grace,Female,1965-12-13 00:00:00,60,Adult,Married,No,787449539,705743105,,UCE,I am engaged in income generating activities and have an individual income,Self employment ,0,1,0,,,,,Male,UCE,4,2,Yes,Farming,200000,,3,No,No,No,Firewood,0,0,1,,,,,,,,,,"Coffee, Cassava, Maize",1,0,0,0,1,0,0,1,800000,700000,"Coffee, Jackfruit, Avocado, Cassava",1,0,0,1,0,1,1,,> 4 years,450,400,"Fresh, Kiboko",1,1,0,0,"Pests and diseases, Lack of access to quality inputs, Price fluctuations, Lack of or access to knowledge and extension services",1,1,0,1,0,0,1,,,,,,,,,,,,,,,,,,,,,,,,,,,,,,,,,,,>4 Years,5,5,Ripe,0,1,0,"Price fluctuations Lack of access to market, Post harvest losses, Lack of access to knowledge and extension services",0,0,1,1,1,0,1,,,,,,,,,,,,,,,,,,>4 Years,7,7,Raw Ripe,1,1,0,Post harvest losses Lack of access to market Lack of access to knowledge and extension services,0,0,1,0,1,0,1,,>4 Years,1300,1300,Fresh,1,0,0,0,Low prices Lack of access to market Lack of access to knowledge and extension services Price fluctuations,0,0,1,1,1,0,0,1,,,Yes,,No,,None of the above,0,0,0,0,1,Using organic  Use of integrated methods,0,1,1,,Crop rotation and intercropping with legumes Apply Manure ,0,0,1,1,1,"Fellow local farmers, Government research institutions",1,0,0,0,1,0,0,Tarpaulin Bare ground,1,1,0,0,Bag and keep on the floor in a store,Burning Dump in a pit,1,1,0,0,0,,,Yes,10-50,Yes,15,No,,,,,,,,,,0.3234236 33.0151782 1239.3000000000002 1.633; 0.3235878 33.0150254 1237.9 1.8; 0.3239068 33.0153689 1243.7 1.5; 0.3236598 33.0155811 1242.0 1.666; 0.32343 33.015504 1240.4 1.6; 0.3235267 33.0153267 1240.7 1.72; 0.3234236 33.0151782 1239.3000000000002 1.633,,,ac50bebc-3ceb-4412-ab5c-99b171dcbd17,submitted_via_web,denis_1,uuid:ac50bebc-3ceb-4412-ab5c-99b171dcbd17
Bukenya Denis Stanley,2025-10-08 11:07:00,0.2902181 33.0102119 1207.8000000000002 4.92,0.2902181,33.0102119,1207.8,4.92,Buikwe,Buikwe,Makonge,EKUB1095,Telisonyiwa Rehema,Female,1965-07-05 00:00:00,61,Adult,Married,No,753226764,705088296,,No formal education,I am engaged in income generating activities and have an individual income,Self employment ,0,1,0,,,,,Male,PLE,9,5,No,Farming,200000,,3,No,No,No,Firewood,0,0,1,,,,,,,,,,Coffee,1,0,0,0,0,0,0,0,800000,500000,Coffee,1,0,0,0,0,0,0,,> 4 years,450,400,"Fresh, Kiboko",1,1,0,0,"Price fluctuations Pests and diseases, Lack of or access to knowledge and extension services, Lack of access to quality inputs",1,1,0,1,0,0,1,,,,,,,,,,,,,,,,,,,,,,,,,,,,,,,,,,,,,,,,,,,,,,,,,,,,,,,,,,,,,,,,,,,,,,,,,,,,,,,,,,,,,,,,,,,,,,,,,,,,,,Yes,,No,,None of the above,0,0,0,0,1,Use of integrated methods,0,0,1,,Crop rotation and intercropping with legumes,1,0,1,1,1,"Fellow local farmers, Government research institutions",1,0,0,0,1,0,0,Tarpaulin Bare ground,1,1,0,0,Bag and keep on the floor in a store,Burning Dump in a pit,1,1,0,0,0,,,Yes,10-50,Yes,15,Yes,Write in a book,1,0,0,,,,,,0.2902127 33.0100601 1208.9 2.483; 0.2902158 33.0099289 1211.1000000000001 2.12; 0.2902978 33.0098235 1214.5 2.14; 0.2899736 33.0090816 1207.9 1.8; 0.2895996 33.0093209 1207.8000000000002 1.766; 0.2902127 33.0100601 1208.9 2.483,,,2e0cc002-e44a-4507-84fb-cdaa782d2ec4,submitted_via_web,denis_1,uuid:2e0cc002-e44a-4507-84fb-cdaa782d2ec4
Bukenya Denis Stanley,2025-10-08 12:40:00,0.293655 33.0113471 1233.2 4.92,0.293655,33.0113471,1233.2,4.92,Buikwe,Buikwe,Makonge,EKUB1096,Kajubi William,Male,1985-03-17 00:00:00,41,Adult,Married,No,753006818,,,UCE,I am engaged in income generating activities and have an individual income,Self employment ,0,1,0,,,,,Male,UCE,5,3,Yes,Farming,350000,,3,No,No,No,Firewood,0,0,1,,,,,,,,,,"Coffee, Cassava",1,0,0,0,1,0,0,0,1300000,1200000,"Coffee, Cassava",1,0,0,0,0,0,1,,> 4 years,700,500,"Kiboko, Hulled",0,1,1,0,Pests and diseases Price fluctuations Lack of access to quality inputs Lack of or access to knowledge and extension services,1,1,0,1,0,0,1,,,,,,,,,,,,,,,,,,,,,,,,,,,,,,,,,,,,,,,,,,,,,,,,,,,,,,,,,,,,,,,,,,,,,,,,,,,,,,,,,,,>4 Years,120,120,Dried chips,0,1,0,0,Price fluctuations Low prices Lack of access to knowledge and extension services,0,0,0,1,1,0,0,1,,,Yes,,No,,None of the above,0,0,0,0,1,Use of integrated methods,0,0,1,,Apply Manure  Crop rotation and intercropping with legumes,1,0,0,1,1,"Fellow local farmers, Government research institutions",1,0,0,0,1,0,0,Tarpaulin,1,0,0,0,Bag and keep on the floor in a store,Burning Dump in a pit,1,1,0,0,0,,,Yes,10-50,Yes,15,Yes,Write in a book,1,0,0,,,,,,0.2938511 33.0111706 1229.6000000000001 1.68; 0.2939462 33.0110682 1230.1000000000001 1.9; 0.2941186 33.0112846 1231.1000000000001 1.883; 0.2940871 33.011939 1226.5 1.82; 0.293845 33.0120069 1226.3000000000002 1.783; 0.2937295 33.011771 1230.8000000000002 1.816; 0.2936962 33.0115783 1230.3000000000002 1.8; 0.2938527 33.0114579 1231.0 1.8; 0.2939938 33.0115183 1229.2 1.783; 0.294015 33.0114217 1229.1000000000001 1.55; 0.2938511 33.0111706 1229.6000000000001 1.68,,,4a2070eb-333c-4f4f-8625-b080be998f6e,submitted_via_web,denis_1,uuid:4a2070eb-333c-4f4f-8625-b080be998f6e
Bukenya Denis Stanley,2025-10-08 13:28:00,0.2960386 33.0135725 1220.8000000000002 4.62,0.2960386,33.0135725,1220.8,4.62,Buikwe,Buikwe,Makonge,EKUB1097,Naudo Peninah,Female,1995-05-15 00:00:00,31,Youth,Married,No,741633691,,,UCE,I am engaged in income generating activities and have an individual income,Self employment ,0,1,0,,,,,Male,UCE,3,1,Yes,Farming,100000,,3,No,No,No,Firewood,0,0,1,,,,,,,,,,Coffee,1,0,0,0,0,0,0,0,540000,350000,"Coffee, Cassava",1,0,0,0,0,0,1,,> 4 years,120,120,Fresh,1,0,0,0,Pests and diseases Price fluctuations Lack of or access to knowledge and extension services Lack of access to quality inputs,1,1,0,1,0,0,1,,,,,,,,,,,,,,,,,,,,,,,,,,,,,,,,,,,,,,,,,,,,,,,,,,,,,,,,,,,,,,,,,,,,,,,,,,,,,,,,,,,>4 Years,150,150,Fresh,1,0,0,0,Low prices,0,0,0,1,0,0,0,0,,,Yes,,No,,None of the above,0,0,0,0,1,Use of integrated methods,0,0,1,,"Apply Manure, Purchase and apply inorganic fertilizer",0,0,1,1,1,"Fellow local farmers, Government research institutions",1,0,0,0,1,0,0,Tarpaulin Bare ground,1,1,0,0,Bag and keep on the floor in a store,Burning Dump in a pit,1,1,0,0,0,,,Yes,10-50,Yes,15,No,,,,,,,,,,0.2958149 33.0135244 1183.4 5.66; 0.2959811 33.0132035 1217.7 1.6; 0.2962874 33.0137608 1217.3000000000002 1.6; 0.2959806 33.0139218 1219.3000000000002 1.64; 0.2958149 33.0135244 1183.4 5.66,,,54fda7b8-0183-460d-a2a0-5350c160c13b,submitted_via_web,denis_1,uuid:54fda7b8-0183-460d-a2a0-5350c160c13b
Bukenya Denis Stanley,2025-10-08 13:40:00,0.2959293 33.0139668 1218.4 4.9,0.2959293,33.0139668,1218.4,4.9,Buikwe,Buikwe,Makonge,EKUB1098,Mubilu Godfrey,Male,1993-06-15 00:00:00,33,Youth,Married,No,779825347,755619623,,PLE,I am engaged in income generating activities and have an individual income,Self employment ,0,1,0,,,,,Male,PLE,3,1,Yes,Farming,150000,,3,No,No,No,Firewood,0,0,1,,,,,,,,,,"Coffee, Cassava",1,0,0,0,1,0,0,0,400000,300000,"Coffee, Cassava",1,0,0,0,0,0,1,,> 4 years,175,100,Fresh,1,0,0,0,"Pests and diseases, Lack of access to quality inputs, Price fluctuations, Lack of or access to knowledge and extension services",1,1,0,1,0,0,1,,,,,,,,,,,,,,,,,,,,,,,,,,,,,,,,,,,,,,,,,,,,,,,,,,,,,,,,,,,,,,,,,,,,,,,,,,,,,,,,,,,>4 Years,400,250,Fresh,1,0,0,0,Pests and diseases Low prices Price fluctuations Lack of access to knowledge and extension services,1,0,0,1,1,0,0,1,,,Yes,,No,,None of the above,0,0,0,0,1,Use of integrated methods,0,0,1,,Apply Manure  Crop rotation and intercropping with legumes,0,0,1,1,1,"Fellow local farmers, Government research institutions",1,0,0,0,1,0,0,Tarpaulin Bare ground,1,1,0,0,Bag and keep on the floor in a store,Burning Dump in a pit,1,1,0,0,0,,,Yes,10-50,Yes,25,No,,,,,,,,,,0.2956256 33.0147998 1217.9 1.76; 0.2957325 33.0148576 1217.0 1.74; 0.2956997 33.0149725 1215.1000000000001 1.733; 0.2959131 33.0151635 1213.3000000000002 1.666; 0.2960288 33.0149992 1213.3000000000002 1.8; 0.2962948 33.0149853 1217.9 1.566; 0.2963866 33.0149423 1216.8000000000002 1.58; 0.2956256 33.0147998 1217.9 1.76,,,0ff58091-57de-41fd-9a84-02eccdbc155e,submitted_via_web,denis_1,uuid:0ff58091-57de-41fd-9a84-02eccdbc155e
Sserunjogi Ladis,2025-08-16 10:42:00,0.3288092 33.0115506 1224.0 4.4,0.3288092,33.0115506,1224,4.4,Buikwe,Buikwe,Salye,EKUB1099,Ssekanabi fred,Male,1992-08-16 00:00:00,33,Youth,Single,No,706556484,,,UCE,I am engaged in income generating activities and have an individual income,Self employment ,0,1,0,,,,,Male,UCE,1,0,,Farming,70000,,1,Yes,Yes,Yes,Charcoal,0,1,0,30000,,,,,,,,,Coffee,1,0,0,0,0,0,0,0,90000,0,Coffee,1,0,0,0,0,0,0,,> 4 years,200,70,Fresh,1,0,0,0,Pests and diseases Lack of access to market Price fluctuations,1,0,1,1,0,0,0,,,,,,,,,,,,,,,,,,,,,,,,,,,,,,,,,,,,,,,,,,,,,,,,,,,,,,,,,,,,,,,,,,,,,,,,,,,,,,,,,,,,,,,,,,,,,,,,,,,,,,No,,No,,None of the above,0,0,0,0,1,Use of integrated methods,0,0,1,,Apply Manure  Mulch,0,0,0,1,1,"Fellow local farmers, Personal nursery",1,0,0,0,0,0,1,,,,,,,Burning,1,0,0,0,0,,,No,,Yes,10,No,,,,,0.3287653 33.0116289 1217.0 4.4,0.3287653,33.0116289,1217,4.4,0.3289333 33.0116322 1225.0 1.583; 0.3288772 33.0113301 1224.0 1.75; 0.3287396 33.0115309 1225.0 1.7; 0.3286642 33.0115407 1226.0 2.0; 0.3285825 33.0113863 1224.0 2.0; 0.3284225 33.0114742 1229.0 2.0; 0.3281306 33.0117156 1230.0 1.75; 0.3282106 33.0119348 1231.0 2.0; 0.3288914 33.0116565 1222.0 2.0; 0.3289333 33.0116322 1225.0 1.583,,,3b4fd109-68d3-4067-bdbd-8a46e8cac06a,submitted_via_web,ladis00,uuid:3b4fd109-68d3-4067-bdbd-8a46e8cac06a
Sserunjogi Ladis,2025-10-08 11:28:00,0.3228099 33.0180747 1233.0 4.7,0.3228099,33.0180747,1233,4.7,Buikwe,Buikwe,Salye,EKUB1100,Nakaweesa mable maria,Female,1992-11-24 00:00:00,33,Youth,Married,No,751413728,,,UACE,I am engaged in income generating activities and have an individual income,Self employment ,0,1,0,,,,,Male,UACE,8,5,No,Farming,150000,,3,Yes,No,No,Firewood,0,0,1,0,,,,,,,,,"Coffee, Cassava, Beans, Jackfruit",1,0,0,1,1,0,1,0,200000,100000,"Coffee, Cassava, Avocado, Jackfruit",1,0,0,1,0,1,1,,> 4 years,50,30,Fresh,1,0,0,0,Pests and diseases Price fluctuations Lack of access to quality inputs Lack of or access to knowledge and extension services,1,1,0,1,0,0,1,,,,,,,,,,,,,,,,,,,,,,,,,,,,,,,,,,,1 - 4 Years,3,0,,,,,,,,,,,,,,,,,,,,,,,,,,,,,,1 - 4 years,3,1,,,,,,,,,,,,,,1 - 4 Years,100,100,,,,,,,,,,,,,,,,,Yes,,No,,None of the above,0,0,0,0,1,Use of integrated methods,0,0,1,,Apply Manure  Mulch,0,0,1,1,1,Fellow local farmers,1,0,0,0,0,0,0,,,,,,,Burning,1,0,0,0,0,,,No,,No,,No,,,,,0.3228639 33.0180619 1240.0 5.0,0.3228639,33.0180619,1240,5,0.3228093 33.0181018 1226.0 2.0;0.3228674 33.0182323 1225.0 1.5;0.3230636 33.0180988 1224.0 1.5;0.3228633 33.0179079 1225.0 1.9;0.3227947 33.0180078 1227.0 2.0;0.3228172 33.0180982 1229.0 2.0;0.3228093 33.0181018 1226.0 2.0,,,4b66ea3e-63f3-4950-b870-3ddd791955d9,submitted_via_web,ladis00,uuid:4b66ea3e-63f3-4950-b870-3ddd791955d9
Sserunjogi Ladis,2025-10-08 12:03:00,0.3245066 33.0189601 1210.0 4.9,0.3245066,33.0189601,1210,4.9,Buikwe,Buikwe,Salye,EKUB1101,Kyabene Robinah,Female,1958-08-15 00:00:00,67,Adult,Widowed,No,783173041,,,No formal education,I am engaged in income generating activities and have an individual income,Self employment ,0,1,0,,,,,Female,No formal education,1,0,,Farming,60000,,3,Yes,No,No,Firewood,0,0,1,0,,,,,,,,,"Coffee, Maize, Cassava, Jackfruit, Avocado",1,0,0,1,1,1,0,1,200000,100000,"Coffee, Jackfruit, Avocado, Cassava",1,0,0,1,0,1,1,,> 4 years,100,60,"Kiboko, Fresh Hulled",1,1,1,0,Pests and diseases Price fluctuations Lack of labor Lack of or access to knowledge and extension services,1,0,0,1,0,1,1,,,,,,,,,,,,,,,,,,,,,,,,,,,,,,,,,,,>4 Years,1,1,,,,,,,,,,,,,,,,,,,,,,,,,,,,,,>4 Years,2,2,,,,,,,,,,,,,,>4 Years,20,20,,,,,,,,,,,,,,,,,No,,No,,None of the above,0,0,0,0,1,Use of integrated methods,0,0,1,,Apply Manure  Mulch,1,0,1,0,0,Fellow local farmers,1,0,0,0,0,0,0,Tarpaulin,1,0,0,0,Bag and keep on raised pallet,Burning,1,0,0,0,0,,,Yes,<10,No,,No,,,,,0.3244659 33.0189073 1199.0 4.7,0.3244659,33.0189073,1199,4.7,0.3244391 33.0189543 1209.0 2.0;0.3243578 33.0190215 1208.0 1.8;0.3244708 33.0195584 1204.0 2.0;0.3249011 33.0193951 1202.0 1.916;0.3247031 33.0189515 1202.0 2.5;0.3245104 33.0190403 1202.0 2.416;0.3244434 33.0189642 1203.0 2.25;0.3244391 33.0189543 1209.0 2.0,,,740ee000-8bea-4114-8e74-b79bb7e7b271,submitted_via_web,ladis00,uuid:740ee000-8bea-4114-8e74-b79bb7e7b271
Sserunjogi Ladis,2025-10-08 12:48:00,0.3176693 33.0170143 1229.0 4.9,0.3176693,33.0170143,1229,4.9,Buikwe,Buikwe,Salye,EKUB1102,Sserwada Godfrey,Male,1981-11-27 00:00:00,44,Adult,Married,No,753675137,,,PLE,I am engaged in income generating activities and have an individual income,Self employment ,0,1,0,,,,,Male,PLE,9,7,Yes,Farming,,,3,No,No,No,Firewood,0,0,1,0,,,,,,,,,"Coffee, Maize, Beans, Cassava, Avocado, Jackfruit, Vanilla",1,0,1,1,1,1,1,1,3000000,2000000,"Coffee, Cassava Avocado, Oysternut, Jackfruit, Vanilla",1,0,1,1,1,1,1,,> 4 years,700,500,Hulled,0,0,1,0,Pests and diseases Price fluctuations Post harvest losses Lack of access to market Lack of access to quality inputs,1,1,1,1,1,0,0,,,,,,,,,,,,,,,,,,,>4 years,20,20,Fresh,1,0,0,Price fluctuations,0,0,0,1,0,0,0,,>4 Years,10,10,,,,,,,,,,,,,,1 - 4 Years,1,1,Dry nuts,0,1,0,Lack of access to market,0,0,1,0,0,0,0,,>4 Years,10,10,,,,,,,,,,,,,,>4 Years,200,200,Dried chips,0,1,0,0,Low prices Post harvest losses Lack of labor,0,0,0,1,0,1,1,0,,,Yes,,No,,Organic,0,1,0,0,0,Use of integrated methods,0,0,1,,Apply Manure  Mulch,0,0,1,1,0,Personal nursery,0,0,0,0,0,0,1,Tarpaulin,1,0,0,0,Bag and keep on raised pallet,Burning,1,0,0,0,0,,,Yes,10-50,Yes,20,No,,,,,0.3176669 33.0170185 1230.0 4.6,0.3176669,33.0170185,1230,4.6,0.3174906 33.0172744 1220.0 2.0;0.3172256 33.0177939 1218.0 1.916;0.3173923 33.0178335 1220.0 2.1;0.3177139 33.0173519 1222.0 1.5;0.3175096 33.0172519 1227.0 2.0;0.3174906 33.0172744 1220.0 2.0,,,2f394183-14cb-4ae3-9b8f-16692db62b5f,submitted_via_web,ladis00,uuid:2f394183-14cb-4ae3-9b8f-16692db62b5f
Sserunjogi Ladis,2025-10-08 13:19:00,0.3176152 33.0171551 1229.0 4.6,0.3176152,33.0171551,1229,4.6,Buikwe,Buikwe,Salye,EKUB1103,Nabuufu Angela,Male,2006-10-08 00:00:00,19,Youth,Single,No,,,777073538,UCE,I am engaged in income generating activities and have an individual income,Self employment ,0,1,0,,,,,Male,PLE,0,0,,Farming,100000,,3,No,No,No,Firewood,0,0,1,0,,,,,,,,,Coffee,1,0,0,0,0,0,0,0,500000,200000,Coffee,1,0,0,0,0,0,0,,> 4 years,200,200,Hulled,0,0,1,0,Pests and diseases Price fluctuations Post harvest losses,1,0,0,1,1,0,0,,,,,,,,,,,,,,,,,,,,,,,,,,,,,,,,,,,,,,,,,,,,,,,,,,,,,,,,,,,,,,,,,,,,,,,,,,,,,,,,,,,,,,,,,,,,,,,,,,,,,,No,,No,,None of the above,0,0,0,0,1,Using organic ,0,1,0,,Apply Manure  Mulch,0,0,1,1,0,Personal nursery,0,0,0,0,0,0,1,Tarpaulin,1,0,0,0,Bag and keep on raised pallet,Burning,1,0,0,0,0,,,No,,No,,No,,,,,0.3176372 33.0170327 1228.0 5.0,0.3176372,33.0170327,1228,5,0.3176491 33.0169067 1223.0 1.916;0.3177023 33.0169431 1227.0 2.0;0.3176448 33.0170864 1229.0 1.833;0.3177 33.0171046 1228.0 2.333;0.3177814 33.0170062 1229.0 2.1;0.3178729 33.0170616 1225.0 2.0;0.3177122 33.017307 1226.0 2.0;0.3175124 33.0172286 1224.0 2.1;0.3176081 33.0169321 1226.0 2.0;0.3176491 33.0169067 1223.0 1.916,,,26ea10d1-1d0b-428a-a9e9-b4974aa68726,submitted_via_web,ladis00,uuid:26ea10d1-1d0b-428a-a9e9-b4974aa68726
Sserunjogi Ladis,2025-10-08 13:53:00,0.3326487 33.0191269 1214.0 4.7,0.3326487,33.0191269,1214,4.7,Buikwe,Buikwe,Salye,EKUB1104,Ssekibuule Nuhu,Male,1977-01-15 00:00:00,49,Adult,Married,,750186976,,,PLE,I am engaged in income generating activities and have an individual income,Self employment ,0,1,0,,,,,Male,PLE,4,2,Yes,Farming,150000,,3,No,No,No,Firewood,0,0,1,0,,,,,,,,,"Coffee, Beans, Maize",1,0,0,0,0,0,1,1,1000000,500000,Coffee,1,0,0,0,0,0,0,,> 4 years,300,200,"Fresh, Kiboko, Hulled",1,1,1,0,Lack of access to market Price fluctuations Post harvest losses Pests and diseases Lack of or access to knowledge and extension services,1,0,1,1,1,0,1,,,,,,,,,,,,,,,,,,,,,,,,,,,,,,,,,,,,,,,,,,,,,,,,,,,,,,,,,,,,,,,,,,,,,,,,,,,,,,,,,,,,,,,,,,,,,,,,,,,,,,Yes,,No,,None of the above,0,0,0,0,1,Use of integrated methods,0,0,1,,"Apply Manure  Crop rotation and intercropping with legumes, Purchase and apply organic fertilizers",0,0,1,0,0,Fellow local farmers,1,0,0,0,0,0,0,Tarpaulin,1,0,0,0,Bag and keep on raised pallet,Burning,1,0,0,0,0,,,Yes,<10,Yes,5,No,,,,,0.332854 33.019087 1219.0 4.416,0.332854,33.019087,1219,4.416,0.3328088 33.0192231 1212.0 2.0;0.3329633 33.0192148 1189.0 15.5;0.3327991 33.0186644 1211.0 2.0;0.3323809 33.0188213 1208.0 1.5;0.3324441 33.0190027 1212.0 1.666;0.3327789 33.0190251 1216.0 1.7;0.3328046 33.0192089 1213.0 1.5;0.3328088 33.0192231 1212.0 2.0,,,26ecc566-709a-4a14-b34a-b315000df021,submitted_via_web,ladis00,uuid:26ecc566-709a-4a14-b34a-b315000df021
Musisi paul Namugera,2025-10-08 10:31:00,0.3285983 33.011275 1218.0999755859375 4.05,0.3285983,33.011275,1218.099976,4.05,Buikwe,Buikwe,Salye,EKUB1105,Kabuye David Isaac,Male,1998-07-20 00:00:00,28,Youth,Single,Yes,704357749,742870476,,PLE,I am engaged in income generating activities and have an individual income,Self employment ,0,1,0,,,,,Male,PLE,2,1,Yes,Farming,400000,,2,Yes,No,No,Firewood,0,0,1,0,,,,,,,,,"Coffee, Jackfruit, Cassava, Avocado, Beans, Maize",1,0,0,1,1,1,1,1,1500000,1500000,"Coffee, Jackfruit, Avocado, Cassava",1,0,0,1,0,1,1,,> 4 years,500,300,"Kiboko, Hulled",0,1,1,0,Pests and diseases Price fluctuations Lack of or access to knowledge and extension services,1,0,0,1,0,0,1,,,,,,,,,,,,,,,,,,,,,,,,,,,,,,,,,,,>4 Years,2,1,Ripe,0,1,0,Price fluctuations Post harvest losses Lack of access to market,0,0,1,1,1,0,0,,,,,,,,,,,,,,,,,,>4 Years,4,4,Raw,1,0,0,Price fluctuations Lack of access to market Post harvest losses,0,0,1,1,1,0,0,,>4 Years,50,50,Fresh Dried chips,1,1,0,0,Low prices Lack of access to market Price fluctuations,0,0,1,1,1,0,0,0,,,Yes,,No,,None of the above,0,0,0,0,1,Use of integrated methods,0,0,1,,Purchase and apply organic fertilizers Crop rotation and intercropping with legumes Mulch,0,0,1,0,1,"Fellow local farmers, Local agro-inputs shops, Local nursery beds",1,1,1,0,0,0,0,Tarpaulin,1,0,0,0,Bag and keep on raised pallet,Dump at a heap around the farm,0,0,0,1,0,,,No,,Yes,10,No,,,,,0.3286239 33.0111572 1221.5 4.6,0.3286239,33.0111572,1221.5,4.6,0.3285917 33.011345 1229.9 1.55; 0.3283396 33.0114579 1231.2 1.65; 0.3282714 33.0112353 1231.1000000000001 1.616; 0.3285005 33.0111878 1229.3000000000002 1.5; 0.3285917 33.011345 1229.9 1.55,,,35bee697-d00d-41a9-b6fc-2a389a56b272,submitted_via_web,katwesiime_1,uuid:35bee697-d00d-41a9-b6fc-2a389a56b272
Musisi paul Namugera,2025-10-08 11:34:00,0.3272905 33.0100567 1229.9 4.25,0.3272905,33.0100567,1229.9,4.25,Buikwe,Buikwe,Salye,EKUB1106,Kiwanuka Edwin,Male,2003-07-30 00:00:00,22,Youth,Single,No,705698999,,,PLE,I am engaged in income generating activities and have an individual income,Self employment ,0,1,0,,,,,Male,PLE,1,0,,Farming,100000,,2,Yes,No,No,Firewood,0,0,1,0,,,,,,,,,"Coffee, Cassava, Beans, Maize",1,0,0,0,1,0,1,1,200000,250000,"Coffee, Cassava",1,0,0,0,0,0,1,,> 4 years,150,80,"Kiboko, Fresh",1,1,0,0,Pests and diseases Lack of access to market Price fluctuations Lack of or access to knowledge and extension services,1,0,1,1,0,0,1,,,,,,,,,,,,,,,,,,,,,,,,,,,,,,,,,,,,,,,,,,,,,,,,,,,,,,,,,,,,,,,,,,,,,,,,,,,,,,,,,,,>4 Years,100,100,Fresh Dried chips,1,1,0,0,Low prices Price fluctuations Lack of access to market,0,0,1,1,1,0,0,0,,,Yes,,No,,None of the above,0,0,0,0,1,Use of integrated methods,0,0,1,,"Purchase and apply organic fertilizers, Crop rotation and intercropping with legumes, Apply Manure ",0,1,0,0,1,"Fellow local farmers, Local agro-inputs shops, Personal nursery",1,1,0,0,0,0,1,Tarpaulin,1,0,0,0,Bag and keep on raised pallet,Burning,1,0,0,0,0,,,No,,Yes,6,No,,,,,0.327105 33.0099133 1230.5 2.4,0.327105,33.0099133,1230.5,2.4,0.3272959 33.0100107 1230.1000000000001 1.871; 0.3271522 33.0101446 1231.7 1.55; 0.3269449 33.0100615 1232.2 1.483; 0.327068 33.0098899 1229.9 1.483; 0.3272959 33.0100107 1230.1000000000001 1.871,,,274ac098-65b2-42ec-b87e-a27089d68642,submitted_via_web,katwesiime_1,uuid:274ac098-65b2-42ec-b87e-a27089d68642
Musisi paul Namugera,2025-10-08 11:57:00,0.3242687 33.0137525 1234.5 3.033,0.3242687,33.0137525,1234.5,3.033,Buikwe,Buikwe,Salye,EKUB1107,Lugya Thomas,Male,1998-03-03 00:00:00,28,Youth,Married,Yes,752069077,777819634,,UCE,I am engaged in income generating activities and have an individual income,Self employment ,0,1,0,,,,,Male,UCE,3,1,Yes,Farming,200000,,2,Yes,No,No,Firewood,0,0,1,0,,,,,,,,,"Coffee, Cassava, Avocado, Beans, Maize, Jackfruit",1,0,0,1,1,1,1,1,450000,600000,"Coffee, Jackfruit, Avocado, Cassava",1,0,0,1,0,1,1,,> 4 years,400,200,Kiboko,0,1,0,0,Pests and diseases Price fluctuations Lack of access to quality inputs Lack of or access to knowledge and extension services,1,1,0,1,0,0,1,,,,,,,,,,,,,,,,,,,,,,,,,,,,,,,,,,,>4 Years,2,1,Ripe,0,1,0,Lack of access to market Price fluctuations Post harvest losses,0,0,1,1,1,0,0,,,,,,,,,,,,,,,,,,>4 Years,1,1,Raw,1,0,0,Price fluctuations Lack of access to market Post harvest losses,0,0,1,1,1,0,0,,>4 Years,150,80,Fresh Dried chips,1,1,0,0,Low prices Price fluctuations Lack of access to market,0,0,1,1,1,0,0,0,,,Yes,,No,,None of the above,0,0,0,0,1,Spraying with inorganic chemicals Use of integrated methods,1,0,1,<6 months ,Purchase and apply organic fertilizers Crop rotation and intercropping with legumes,0,1,0,0,0,"Fellow local farmers, Local agro-inputs shops, Local nursery beds Personal nursery",1,1,1,0,0,0,1,Tarpaulin,1,0,0,0,Bag and keep on raised pallet,Burning,1,0,0,0,0,,,No,,Yes,7,No,,,,,0.3242465 33.0136812 1234.7 4.2,0.3242465,33.0136812,1234.7,4.2,0.3241855 33.0135987 1236.2 1.583; 0.3238183 33.0132283 1237.1000000000001 70.365; 0.3232816 33.0131281 1226.9 1.5; 0.3236967 33.01347 1231.1000000000001 90.871; 0.3241855 33.0135987 1236.2 1.583,,,889438e7-1f3d-4940-af41-ada1452e5efb,submitted_via_web,katwesiime_1,uuid:889438e7-1f3d-4940-af41-ada1452e5efb
Musisi paul Namugera,2025-10-08 12:20:00,0.3251718 33.0181711 1228.8000000000002 3.4,0.3251718,33.0181711,1228.8,3.4,Buikwe,Buikwe,Salye,EKUB1108,Namudu Gloria,Female,2006-11-21 00:00:00,19,Youth,Married,No,,,753669719,PLE,I am engaged in income generating activities and have an individual income,Self employment ,0,1,0,,,,,Male,PLE,3,1,Yes,Farming,200000,,2,Yes,No,No,Firewood,0,0,1,0,,,,,,,,,"Coffee, Cassava, Beans, Maize",1,0,0,0,1,0,1,1,450000,500000,"Coffee, Cassava",1,0,0,0,0,0,1,,> 4 years,400,300,"Kiboko, Hulled",0,1,1,0,"Pests and diseases, Lack of access to quality inputs, Price fluctuations, Lack of or access to knowledge and extension services",1,1,0,1,0,0,1,,,,,,,,,,,,,,,,,,,,,,,,,,,,,,,,,,,,,,,,,,,,,,,,,,,,,,,,,,,,,,,,,,,,,,,,,,,,,,,,,,,>4 Years,80,20,Fresh Dried chips,1,1,0,0,Low prices Price fluctuations Lack of access to market,0,0,1,1,1,0,0,0,,,Yes,,No,,None of the above,0,0,0,0,1,Spraying with inorganic chemicals,1,0,0,<6 months ,"Crop rotation and intercropping with legumes, Purchase and apply organic fertilizers Apply Manure ",0,1,0,0,1,"Fellow local farmers, Local agro-inputs shops, Local nursery beds Personal nursery",1,1,1,0,0,0,1,Tarpaulin,1,0,0,0,Bag and keep on raised pallet,Dump in a pit Burning,1,1,0,0,0,,,No,,Yes,6,No,,,,,0.3252636 33.0181888 1217.2 4.815,0.3252636,33.0181888,1217.2,4.815,0.3255551 33.0184138 1212 1.483;0.3254005 33.0185556 1209.7 1.433;0.325039 33.018261 0 0;0.325103 33.018186 0 0;0.3251732 33.0182577 1217.5 1.6;0.3252707 33.0181365 1215.6000000000001 1.666;0.3255551 33.0184138 1212 1.483,,,b5b5cd95-ba66-49d5-bdc0-c8840a69c586,submitted_via_web,katwesiime_1,uuid:f6e9b563-4833-45c4-bba9-08486509ed06
Musisi paul Namugera,2025-10-08 12:52:00,0.3182684 33.0174038 1239.0 4.3,0.3182684,33.0174038,1239,4.3,Buikwe,Buikwe,Salye,EKUB1109,Kavuma Simon,Male,1985-06-15 00:00:00,41,Adult,Divorced,No,778971201,,,PLE,I am engaged in income generating activities and have an individual income,Self employment ,0,1,0,,,,,Male,PLE,2,1,Yes,Farming,200000,,2,Yes,No,No,Firewood,0,0,1,0,,,,,,,,,"Coffee, Cassava, Jackfruit, Avocado, Beans, Maize",1,0,0,1,1,1,1,1,450000,450000,"Coffee, Jackfruit, Avocado, Cassava",1,0,0,1,0,1,1,,> 4 years,300,300,Kiboko,0,1,0,0,Pests and diseases Price fluctuations Lack of access to quality inputs,1,1,0,1,0,0,0,,,,,,,,,,,,,,,,,,,,,,,,,,,,,,,,,,,>4 Years,3,3,Ripe,0,1,0,Lack of access to market Post harvest losses Price fluctuations,0,0,1,1,1,0,0,,,,,,,,,,,,,,,,,,>4 Years,3,2,Raw,1,0,0,Lack of access to market Price fluctuations Post harvest losses,0,0,1,1,1,0,0,,>4 Years,200,0,Fresh Dried chips,1,1,0,0,Low prices Price fluctuations Lack of access to market,0,0,1,1,1,0,0,0,,,Yes,,No,,None of the above,0,0,0,0,1,Use of integrated methods,0,0,1,,Purchase and apply inorganic fertilizer Apply Manure ,0,0,1,0,1,"Personal nursery Local nursery beds Fellow local farmers, Local agro-inputs shops",1,1,1,0,0,0,1,Tarpaulin,1,0,0,0,Bag and keep on raised pallet,Burning Dump in a pit,1,1,0,0,0,,,No,,Yes,10,No,,,,,0.3182865 33.0173579 1239.4 4.6,0.3182865,33.0173579,1239.4,4.6,0.318415 33.0174608 1231.6000000000001 1.533; 0.3186407 33.0174535 1230.1000000000001 1.616; 0.3185428 33.0170811 1238.7 1.566; 0.3184171 33.017159 1236.3000000000002 1.65; 0.3183966 33.0172293 1235.4 1.666; 0.318415 33.0174608 1231.6000000000001 1.533,,,ff3e6b1f-507d-49f9-a128-586169a72047,submitted_via_web,katwesiime_1,uuid:ff3e6b1f-507d-49f9-a128-586169a72047
Musisi paul Namugera,2025-10-08 11:14:00,0.3281581 33.0129647 1227.3000000000002 4.785,0.3281581,33.0129647,1227.3,4.785,Buikwe,Buikwe,Salye,EKUB1110,Nambi Gladys,Female,1974-06-15 00:00:00,52,Adult,Widowed,No,709303757,,,PLE,I am engaged in income generating activities and have an individual income,Self employment ,0,1,0,,,,,Female,PLE,5,4,Yes,Farming,150000,,2,Yes,No,No,Firewood,0,0,1,0,,,,,,,,,"Coffee, Jackfruit, Cassava, Avocado, Beans",1,0,0,1,1,1,1,0,450000,450000,"Coffee, Jackfruit, Avocado, Cassava",1,0,0,1,0,1,1,,> 4 years,500,500,"Fresh, Kiboko",1,1,0,0,"Pests and diseases, Lack of access to quality inputs, Price fluctuations, Lack of or access to knowledge and extension services",1,1,0,1,0,0,1,,,,,,,,,,,,,,,,,,,,,,,,,,,,,,,,,,,>4 Years,3,3,Ripe,0,1,0,Lack of access to market Price fluctuations Post harvest losses,0,0,1,1,1,0,0,,,,,,,,,,,,,,,,,,>4 Years,3,2,Raw,1,0,0,Post harvest losses Price fluctuations Lack of access to market,0,0,1,1,1,0,0,,>4 Years,80,80,Fresh Dried chips,1,1,0,0,Low prices Price fluctuations Lack of access to market,0,0,1,1,1,0,0,0,,,Yes,,No,,None of the above,0,0,0,0,1,Use of integrated methods,0,0,1,,Purchase and apply inorganic fertilizer,0,0,1,0,1,"Fellow local farmers, Local agro-inputs shops, Personal nursery Local nursery beds",1,1,1,0,0,0,1,Tarpaulin,1,0,0,0,Bag and keep on the floor in a store,Burning,1,0,0,0,0,,,No,,Yes,6,No,,,,,0.328068 33.0128326 1229.1000000000001 4.95,0.328068,33.0128326,1229.1,4.95,0.3281277 33.0127592 1232.5 1.683; 0.3279683 33.0128233 1233.6000000000001 2.1; 0.3278134 33.0129939 1234.9 1.366; 0.3280492 33.0130882 1232.4 12.611; 0.3281277 33.0127592 1232.5 1.683,,,17e95017-6777-4845-8515-f1e7823dd39e,submitted_via_web,katwesiime_1,uuid:17e95017-6777-4845-8515-f1e7823dd39e
Ngabirano Deus,2025-10-08 11:11:00,0.2932211 32.9547811 1239.2 4.919,0.2932211,32.9547811,1239.2,4.919,Buikwe,Buikwe,Kyanja,EKUB1111,Mukangiira Leokadia,Female,1961-02-23 00:00:00,65,Adult,Widowed,Yes,754155674,,,No formal education,I am engaged in income generating activities and have an individual income,Self employment ,0,1,0,,,,,Female,No formal education,6,5,Yes,Farming,150000,,3,No,No,No,Firewood,0,0,1,,,,,,,,,,"Coffee, Beans",1,0,0,0,0,0,1,0,900000,800000,Coffee,1,0,0,0,0,0,0,,> 4 years,110,100,Fresh,1,0,0,0,Pests and diseases Price fluctuations Lack of access to quality inputs,1,1,0,1,0,0,0,,,,,,,,,,,,,,,,,,,,,,,,,,,,,,,,,,,,,,,,,,,,,,,,,,,,,,,,,,,,,,,,,,,,,,,,,,,,,,,,,,,,,,,,,,,,,,,,,,,,,,Yes,,No,,None of the above,0,0,0,0,1,Spraying with inorganic chemicals,1,0,0,<6 months ,Purchase and apply inorganic fertilizer Apply Manure ,1,0,1,1,0,Fellow local farmers,1,0,0,0,0,0,0,,,,,,,Dump at a heap around the farm,0,0,0,1,0,,,No,,No,,No,,,,,,,,,,0.2928974 32.9548053 1236.1 14.311; 0.2927773 32.9550774 1235.4 5.586; 0.2928683 32.9552117 1235.0 27.415; 0.293095 32.95506 1235.6 52.958; 0.2930484 32.9548294 1235.9 1.818; 0.2928974 32.9548053 1236.1 14.311,,,06f748b4-1b94-49a1-800d-31022f819e3e,submitted_via_web,deus_1,uuid:06f748b4-1b94-49a1-800d-31022f819e3e
Ngabirano Deus,2025-10-08 11:58:00,0.300856 32.9559868 1251.7 4.68,0.300856,32.9559868,1251.7,4.68,Buikwe,Buikwe,Kyanja,EKUB1112,Kakoza Moris,Male,2003-07-11 00:00:00,23,Youth,Single,Yes,750736439,,,PLE,I am engaged in income generating activities and have an individual income,Self employment ,0,1,0,,,,,Male,PLE,1,,,Farming,50000,,2,No,No,No,Firewood,0,0,1,,,,,,,,,,Coffee,1,0,0,0,0,0,0,0,250000,420000,Coffee,1,0,0,0,0,0,0,,> 4 years,110,110,Fresh,1,0,0,0,"Pests and diseases, Price fluctuations, Lack of access to market",1,0,1,1,0,0,0,,,,,,,,,,,,,,,,,,,,,,,,,,,,,,,,,,,,,,,,,,,,,,,,,,,,,,,,,,,,,,,,,,,,,,,,,,,,,,,,,,,,,,,,,,,,,,,,,,,,,,Yes,,No,,None of the above,0,0,0,0,1,Using organic ,0,1,0,,Purchase and apply inorganic fertilizer Apply Manure ,0,0,1,1,0,Fellow local farmers,1,0,0,0,0,0,0,Tarpaulin,1,0,0,0,Keep on the floor,Dump at a heap around the farm,0,0,0,1,0,,,No,,No,,No,,,,,0.3009546 32.9560858 1270.6 4.58,0.3009546,32.9560858,1270.6,4.58,0.3009367 32.9560583 1269.0 1.666;0.3010063 32.9557519 1261.2 4.3;0.3010043 32.955756 1261.2 1.94;0.3008954 32.9556798 1260.8 1.75;0.3009367 32.9560583 1269.0 1.666,,,dcaa6364-20ef-423c-a2d9-3f9c5e0d50d6,submitted_via_web,deus_1,uuid:dcaa6364-20ef-423c-a2d9-3f9c5e0d50d6
Ngabirano Deus,2025-10-08 12:26:00,0.3005 32.9566439 1260.8 4.56,0.3005,32.9566439,1260.8,4.56,Buikwe,Buikwe,Kyanja,EKUB1113,Kabega George William,Male,1962-05-05 00:00:00,64,Adult,Married,No,,,755400069,No formal education,I am engaged in income generating activities and have an individual income,Self employment ,0,1,0,,,,,Male,No formal education,2,,,Farming,150000,,3,No,No,No,Firewood,0,0,1,,,,,,,,,,"Coffee, Jackfruit",1,0,0,1,0,0,0,0,750000,800000,"Coffee, Jackfruit, Avocado",1,0,0,1,0,1,0,,> 4 years,100,100,Kiboko,0,1,0,0,Pests and diseases Lack of access to quality inputs Lack of access to market,1,1,1,0,0,0,0,,,,,,,,,,,,,,,,,,,,,,,,,,,,,,,,,,,>4 Years,5,4,Raw,1,0,0,Pests and diseases Post harvest losses Price fluctuations Lack of access to market,1,0,1,1,1,0,0,,,,,,,,,,,,,,,,,,>4 Years,10,10,Raw,1,0,0,Price fluctuations Lack of access to market,0,0,1,1,0,0,0,,,,,,,,,,,,,,,,,,,,,Yes,,No,,None of the above,0,0,0,0,1,Using organic ,0,1,0,,Purchase and apply inorganic fertilizer,0,0,1,0,1,Fellow local farmers,1,0,0,0,0,0,0,Raised platforms,0,0,0,1,Bag and keep on raised pallet,Dump at a heap around the farm Dump in a pit,0,1,0,1,0,,,No,,No,,No,,,,,0.3005005 32.9566064 1261.3 4.8,0.3005005,32.9566064,1261.3,4.8,0.3004347 32.9566068 1261.2 1.92; 0.3004533 32.9566221 1260.9 1.8; 0.3003806 32.9566547 1260.6 1.9; 0.3004347 32.9566068 1261.2 1.92,,,8105c6f7-c663-4ca1-b56d-8e9857895d97,submitted_via_web,deus_1,uuid:8105c6f7-c663-4ca1-b56d-8e9857895d97
Ngabirano Deus,2025-10-08 13:39:00,0.3003218 32.9567392 1260.1 4.95,0.3003218,32.9567392,1260.1,4.95,Buikwe,Buikwe,Kyanja,EKUB1114,Mulisa Jurius,Male,1979-12-09 00:00:00,46,Adult,Married,No,758366895,,,No formal education,I am engaged in income generating activities and have an individual income,Self employment ,0,1,0,,,,,Male,No formal education,7,5,Yes,Farming,80000,,3,No,No,No,Firewood,0,0,1,,,,,,,,,,"Coffee, Avocado, Beans, Maize",1,0,0,0,0,1,1,1,850000,900000,"Coffee, Avocado",1,0,0,0,0,1,0,,> 4 years,200,150,Kiboko,0,1,0,0,Pests and diseases Lack of access to market Price fluctuations,1,0,1,1,0,0,0,,,,,,,,,,,,,,,,,,,,,,,,,,,,,,,,,,,,,,,,,,,,,,,,,,,,,,,,,,,,,,,,,,,>4 Years,5,5,Raw,1,0,0,Price fluctuations Lack of access to market,0,0,1,1,0,0,0,,,,,,,,,,,,,,,,,,,,,Yes,,No,,None of the above,0,0,0,0,1,Using organic ,0,1,0,,"Mulch, Apply Manure, Crop rotation and intercropping with legumes",0,0,1,1,0,"Fellow local farmers, Local agro-inputs shops",1,1,0,0,0,0,0,Tarpaulin,1,0,0,0,Bag and keep on raised pallet,Dump at a heap around the farm Dump in a pit,0,1,0,1,0,,,Yes,<10,Yes,14,No,,,,,0.301061 32.9567779 1339.3 4.64,0.301061,32.9567779,1339.3,4.64,0.3009417 32.956745 1294.5 1.7;0.301008 32.9566555 1300.8 5.4;0.30106 32.956747 0 0;0.3011825 32.9569149 1274.7 1.766;0.3010418 32.9570477 1272.9 1.86;0.3009417 32.956745 1294.5 1.7,,,c941615c-51d8-48be-aeee-df3d79db2f79,submitted_via_web,deus_1,uuid:a327515a-b07e-46dc-ae7a-4b326b966d6c
Ngabirano Deus,2025-10-08 14:12:00,0.2997248 32.9555958 1270.1 4.24,0.2997248,32.9555958,1270.1,4.24,Buikwe,Buikwe,Kyanja,EKUB1115,Nanteza Amina,Female,1986-03-09 00:00:00,40,Adult,Married,Yes,704012364,,,UCE,I am engaged in income generating activities and have an individual income,Self employment ,0,1,0,,,,,Male,Junior,9,7,Yes,Farming,200000,,3,Yes,No,No,Firewood,0,0,1,250000,,,,,,,,,"Coffee, Vanilla, Cocoa",1,1,1,0,0,0,0,0,850000,600000,"Coffee, Cocoa, Vanilla",1,1,1,0,0,0,0,,> 4 years,200,150,"Fresh, Kiboko, Hulled",1,1,1,0,"Pests and diseases, Price fluctuations, Lack of access to market",1,0,1,1,0,0,0,>4 Years,6,5,Pods,1,0,0,0,0,Pest and diseases,1,0,0,0,0,0,0,,>4 years,15,10,Fresh,1,0,0,"Pests and diseases, Lack of access to market, Price fluctuations",1,0,1,1,0,0,0,,,,,,,,,,,,,,,,,,,,,,,,,,,,,,,,,,,,,,,,,,,,,,,,,,,,,,,,,,,,,,,,,,,,,Yes,,No,,None of the above,0,0,0,0,1,Using organic ,0,1,0,,"Mulch, Apply Manure, Crop rotation and intercropping with legumes",0,0,1,1,0,"Fellow local farmers, Local nursery beds",1,0,1,0,0,0,0,Tarpaulin,1,0,0,0,Keep on the floor,Dump at a heap around the farm Burning,1,0,0,1,0,,,No,,Yes,12,No,,,,,0.2999923 32.9553468 1263.6 4.55,0.2999923,32.9553468,1263.6,4.55,0.299903 32.9553653 1254.8 2.0; 0.2999113 32.9553574 1255.9 1.95; 0.2996196 32.9550512 1250.1 2.14; 0.2997566 32.954919 1251.5 1.783; 0.2995562 32.9552492 1245.2 1.65; 0.2997752 32.9553088 1245.7 3.6; 0.2997744 32.9553076 1245.7 1.98; 0.299903 32.9553653 1254.8 2.0,,,076020e3-3554-4ff7-9106-93f065ad7dba,submitted_via_web,deus_1,uuid:076020e3-3554-4ff7-9106-93f065ad7dba
Ngabirano Deus,2025-10-08 16:28:00,0.3002616 32.9552491 1246.1 4.86,0.3002616,32.9552491,1246.1,4.86,Buikwe,Buikwe,Kyanja,EKUB1116,Namwonge Harriet,Female,1984-10-05 00:00:00,41,Adult,Married,No,780142470,707046482,,No formal education,I am engaged in income generating activities and have an individual income,Self employment ,0,1,0,,,,,Male,No formal education,9,7,Yes,Farming,150000,,3,No,No,No,Firewood,0,0,1,,,,,,,,,,Coffee,1,0,0,0,0,0,0,0,850000,650000,Coffee,1,0,0,0,0,0,0,,> 4 years,220,200,Fresh,1,0,0,0,Pests and diseases Price fluctuations Post harvest losses,1,0,0,1,1,0,0,,,,,,,,,,,,,,,,,,,,,,,,,,,,,,,,,,,,,,,,,,,,,,,,,,,,,,,,,,,,,,,,,,,,,,,,,,,,,,,,,,,,,,,,,,,,,,,,,,,,,,Yes,,No,,None of the above,0,0,0,0,1,Using organic ,0,1,0,,"Purchase and apply organic fertilizers Mulch, Apply Manure, Crop rotation and intercropping with legumes",0,0,1,1,0,"Fellow local farmers, Local agro-inputs shops",1,1,0,0,0,0,0,,,,,,Keep on the floor,Dump at a heap around the farm,0,0,0,1,0,,,Yes,<10,Yes,20,No,,,,,0.3005034 32.9552447 1234.1 4.6,0.3005034,32.9552447,1234.1,4.6,0.3004732 32.9552333 1242.5 1.783; 0.3005034 32.9552447 1234.1 4.6; 0.3004583 32.9552975 1243.9 1.8; 0.3006386 32.9555782 1245.8 2.14; 0.3007152 32.9556131 1245.0 2.0; 0.3009022 32.9554206 1246.4 2.0; 0.3004732 32.9552333 1242.5 1.783,,,d4e716a8-5c1b-41cf-bcc0-a720e93a35b2,submitted_via_web,deus_1,uuid:d4e716a8-5c1b-41cf-bcc0-a720e93a35b2
Were Kenneth Elly,2025-10-10 12:14:00,0.3254888 33.017491 1153.0 4.6,0.3254888,33.017491,1153,4.6,Buikwe,Buikwe,Salye,EKUB1117,Kakai Mary mutonyi,Female,1982-06-17 00:00:00,44,Adult,Married,Yes,709359582,,,PLE,I am engaged in income generating activities and have an individual income,Self employment ,0,1,0,,,,,Male,No formal education,7,5,Yes,Farming,100000,,3,No,No,No,Firewood,0,0,1,0,,,,,,,,,"Coffee, Avocado",1,0,0,0,0,1,0,0,900000,900000,"Coffee, Jackfruit, Avocado, Cassava",1,0,0,1,0,1,1,,> 4 years,80,80,Kiboko,0,1,0,0,"Pests and diseases, Lack of access to quality inputs, Lack of or access to knowledge and extension services",1,1,0,0,0,0,1,,,,,,,,,,,,,,,,,,,,,,,,,,,,,,,,,,,>4 Years,5,3,Ripe,0,1,0,Lack of access to quality puts Lack of access to knowledge and extension services Post harvest losses,0,1,0,0,1,0,1,,,,,,,,,,,,,,,,,,>4 Years,4,1,Raw,1,0,0,Lack of access to quality puts Price fluctuations Lack of access to knowledge and extension services,0,1,0,1,0,0,1,,>4 Years,100,100,Fresh,1,0,0,0,Low prices Lack of access to market Lack of access to knowledge and extension services Lack of access to quality puts Post harvest losses,0,1,1,1,0,1,0,1,,,Yes,,No,,None of the above,0,0,0,0,1,Spraying with inorganic chemicals,1,0,0,<6 months ,Purchase and apply organic fertilizers Mulch Crop rotation and intercropping with legumes,0,1,1,0,0,"Fellow local farmers, Personal nursery",1,0,0,0,0,0,1,Tarpaulin,1,0,0,0,Bag and keep on the floor in a store,Burning,1,0,0,0,0,,,Yes,10-50,Yes,50,No,,,,,0.3255003 33.0175932 1178.7 4.433,0.3255003,33.0175932,1178.7,4.433,0.3251526 33.0179649 1208.7 3.426;0.3254349 33.0181933 1216.4 3.392;0.3258803 33.0178954 1217.9 3.597;0.3256465 33.017671 1215.1000000000001 3.828;0.3254561505756153 33.01774587482214 0.0 0.0;0.3251526 33.0179649 1208.7 3.426,,,a739e165-3c82-4b26-baf2-ca75e10bf7fb,submitted_via_web,kenneth1elly,uuid:a739e165-3c82-4b26-baf2-ca75e10bf7fb
Were Kenneth Elly,2025-10-10 12:51:00,0.3176506 33.0170202 1206.5 4.5,0.3176506,33.0170202,1206.5,4.5,Buikwe,Buikwe,Salye,EKUB1118,Nakirijja Harriet,Female,1983-12-16 00:00:00,42,Adult,Married,No,753674024,705024369,,No formal education,I am engaged in income generating activities and have an individual income,Self employment ,0,1,0,,,,,Female,No formal education,9,7,Yes,Farming,70000,,3,No,No,No,Firewood,0,0,1,0,,,,,,,,,Coffee Cassava Maize,1,0,0,0,1,0,0,1,1000000,1000000,"Coffee, Jackfruit, Avocado",1,0,0,1,0,1,0,,> 4 years,100,100,Kiboko,0,1,0,0,"Pests and diseases, Lack of access to quality inputs, Price fluctuations, Lack of or access to knowledge and extension services",1,1,0,1,0,0,1,,,,,,,,,,,,,,,,,,,,,,,,,,,,,,,,,,,>4 Years,2,2,Ripe,0,1,0,Lack of access to knowledge and extension services,0,0,0,0,0,0,1,,,,,,,,,,,,,,,,,,>4 Years,4,2,Raw,1,0,0,Lack of access to knowledge and extension services,0,0,0,0,0,0,1,,,,,,,,,,,,,,,,,,,,,Yes,,No,,None of the above,0,0,0,0,1,Spraying with inorganic chemicals,1,0,0,<6 months ,"Mulch, Apply Manure, Crop rotation and intercropping with legumes",0,1,1,0,0,"Fellow local farmers, Personal nursery",1,0,0,0,0,0,1,Tarpaulin,1,0,0,0,Bag and keep on the floor in a store,Burning,1,0,0,0,0,,,Yes,<10,Yes,9,No,,,,,,,,,,0.3191169 33.0124432 1216.7 49.868;0.3189237 33.0120069 1220.6000000000001 6.477;0.3187579 33.0121225 1222.6000000000001 5.881;0.3189987 33.0125235 1216.2 6.227;0.3191169 33.0124432 1216.7 49.868,,,0fc62938-6edd-4ac1-9e65-7c16dc3ec0e7,submitted_via_web,kenneth1elly,uuid:0fc62938-6edd-4ac1-9e65-7c16dc3ec0e7
Were Kenneth Elly,2025-10-10 10:39:00,0.3286817 33.0119283 1225.3000000000002 2.9,0.3286817,33.0119283,1225.3,2.9,Buikwe,Buikwe,Salye,EKUB1119,Najja Harriet,Female,1969-01-01 00:00:00,57,Adult,Married,No,750133700,,,PLE,I am engaged in income generating activities and have an individual income,Self employment ,0,1,0,,,,,Female,PLE,6,4,Yes,Farming,100000,,3,No,No,No,Firewood,0,0,1,0,,,,,,,,,Coffee Jackfruit,1,0,0,1,0,0,0,0,1000000,1000000,"Coffee, Jackfruit, Avocado, Cassava",1,0,0,1,0,1,1,,> 4 years,300,300,Kiboko,0,1,0,0,"Pests and diseases, Lack of or access to knowledge and extension services, Lack of access to quality inputs",1,1,0,0,0,0,1,,,,,,,,,,,,,,,,,,,,,,,,,,,,,,,,,,,>4 Years,5,2,Ripe,0,1,0,Pests and diseases Lack of access to knowledge and extension services,1,0,0,0,0,0,1,,,,,,,,,,,,,,,,,,>4 Years,6,3,Raw,1,0,0,Pests and diseases Lack of access to knowledge and extension services Lack of access to quality puts,1,1,0,0,0,0,1,,>4 Years,200,200,Fresh,1,0,0,0,Low prices Lack of access to knowledge and extension services Lack of access to quality puts,0,1,0,1,0,0,0,1,,,Yes,,No,,None of the above,0,0,0,0,1,Spraying with inorganic chemicals,1,0,0,<6 months ,Apply Manure  Mulch Crop rotation and intercropping with legumes,0,1,1,0,0,"Fellow local farmers, Personal nursery Local nursery beds",1,0,1,0,0,0,1,Tarpaulin,1,0,0,0,Bag and keep on the floor in a store,Burning,1,0,0,0,0,,,Yes,<10,Yes,15,No,,,,,0.3285257 33.0119255 1223.9 4.0,0.3285257,33.0119255,1223.9,4,0.328554 33.0119239 1220.7 4.292;0.3284177 33.0119732 1218.6000000000001 4.668;0.3284411 33.0123933 1223.6000000000001 7.943;0.328612 33.0124067 1222.0 3.484;0.328554 33.0119239 1220.7 4.292,,,4961d7a9-83e6-485a-84e9-0a57b5daceea,submitted_via_web,kenneth1elly,uuid:4961d7a9-83e6-485a-84e9-0a57b5daceea
Were Kenneth Elly,2025-10-10 10:43:00,0.3287784 33.012022 1215.9 4.15,0.3287784,33.012022,1215.9,4.15,Buikwe,Buikwe,Salye,EKUB1120,Kiwanuka Richard,Male,1996-04-11 00:00:00,30,Youth,Single,No,706145745,,,No formal education,I am engaged in income generating activities and have an individual income,Self employment ,0,1,0,,,,,Male,No formal education,1,0,,Farming,70000,,3,No,No,No,Firewood,0,0,1,0,,,,,,,,,Coffee,1,0,0,0,0,0,0,0,800000,600000,Coffee,1,0,0,0,0,0,0,,> 4 years,100,100,Kiboko,0,1,0,0,"Pests and diseases, Lack of access to quality inputs, Price fluctuations, Lack of or access to knowledge and extension services",1,1,0,1,0,0,1,,,,,,,,,,,,,,,,,,,,,,,,,,,,,,,,,,,,,,,,,,,,,,,,,,,,,,,,,,,,,,,,,,,,,,,,,,,,,,,,,,,,,,,,,,,,,,,,,,,,,,Yes,,No,,None of the above,0,0,0,0,1,Spraying with inorganic chemicals,1,0,0,<6 months ,Mulch Crop rotation and intercropping with legumes,0,1,0,0,0,"Fellow local farmers, Personal nursery Local nursery beds",1,0,1,0,0,0,1,Bare ground,0,1,0,0,Bag and keep on the floor in a store,Burning,1,0,0,0,0,,,Yes,10-50,Yes,15,No,,,,,0.3287917 33.0118317 1216.7 3.1,0.3287917,33.0118317,1216.7,3.1,0.3287778 33.0118601 1214.8000000000002 7.875;0.3285754 33.0119294 1218.8000000000002 3.681;0.3285103 33.0117571 1219.6000000000001 3.386;0.3288095 33.0116759 1225.8000000000002 3.51;0.3287778 33.0118601 1214.8000000000002 7.875,,,33ae6aab-9c26-4f3a-92a7-bdb9ec939ea5,submitted_via_web,kenneth1elly,uuid:33ae6aab-9c26-4f3a-92a7-bdb9ec939ea5
Were Kenneth Elly,2025-10-10 10:53:00,0.3294516 33.0102135 1209.1000000000001 4.9,0.3294516,33.0102135,1209.1,4.9,Buikwe,Buikwe,Salye,EKUB1121,Kanabbi Charles,Male,1999-06-13 00:00:00,27,Youth,Single,Yes,708198448,,,Degree,I am engaged in income generating activities and have an individual income,Self employment ,0,1,0,,,,,Male,Degree,1,0,,Farming,100000,,3,No,No,No,Firewood,0,0,1,0,,,,,,,,,Coffee,1,0,0,0,0,0,0,0,800000,800000,Coffee,1,0,0,0,0,0,0,,> 4 years,100,100,Kiboko,0,1,0,0,"Pests and diseases, Lack of or access to knowledge and extension services, Lack of access to quality inputs Price fluctuations",1,1,0,1,0,0,1,,,,,,,,,,,,,,,,,,,,,,,,,,,,,,,,,,,,,,,,,,,,,,,,,,,,,,,,,,,,,,,,,,,,,,,,,,,,,,,,,,,,,,,,,,,,,,,,,,,,,,Yes,,No,,None of the above,0,0,0,0,1,Spraying with inorganic chemicals,1,0,0,<6 months ,Apply Manure  Crop rotation and intercropping with legumes Mulch,0,1,0,0,0,"Fellow local farmers, Personal nursery Local nursery beds",1,0,1,0,0,0,1,Tarpaulin,1,0,0,0,Bag and keep on the floor in a store,Burning,1,0,0,0,0,,,Yes,<10,Yes,30,No,,,,,0.3294151 33.0102363 1210.5 4.758,0.3294151,33.0102363,1210.5,4.758,0.3293562 33.0102295 1208.6000000000001 13.162;0.3295613 33.0098458 1201.4 12.532;0.3295276 33.0097874 1199.5 7.593;0.3291818 33.0100811 1203.4 5.986;0.3293375789273662 33.010298386216164 0.0 0.0;0.3293562 33.0102295 1208.6000000000001 13.162,,,b9d239dd-ca7f-4fe6-8f8e-78f36b2cde4d,submitted_via_web,kenneth1elly,uuid:b9d239dd-ca7f-4fe6-8f8e-78f36b2cde4d
Were Kenneth Elly,2025-10-10 11:34:00,,,,,,Buikwe,Buikwe,Salye,EKUB1122,Bukenya David,Male,1983-08-12 00:00:00,42,Adult,Married,No,700534211,708253816,,No formal education,I am engaged in income generating activities and have an individual income,Self employment ,0,1,0,,,,,Male,No formal education,8,6,Yes,Farming,100000,,3,No,No,No,Firewood,0,0,1,0,,,,,,,,,"Coffee, Vanilla Avocado",1,0,1,0,0,1,0,0,1000000,1000000,"Coffee, Avocado, Cassava, Jackfruit, Vanilla",1,0,1,1,0,1,1,,> 4 years,100,100,Kiboko,0,1,0,0,"Pests and diseases, Lack of access to quality inputs, Lack of access to market, Lack of or access to knowledge and extension services",1,1,1,0,0,0,1,,,,,,,,,,,,,,,,,,,>4 years,9,9,Fresh,1,0,0,"Pests and diseases, Lack of access to quality puts Lack of access to market Price fluctuations, Lack of access to knowledge and extension services",1,1,1,1,0,0,1,,>4 Years,8,4,Ripe,0,1,0,Pests and diseases Price fluctuations Lack of access to knowledge and extension services,1,0,0,1,0,0,1,,,,,,,,,,,,,,,,,,>4 Years,5,4,Raw,1,0,0,Lack of access to knowledge and extension services Pests and diseases Lack of access to quality puts,1,1,0,0,0,0,1,,>4 Years,100,20,Fresh,1,0,0,0,Low prices Lack of access to knowledge and extension services,0,0,0,1,0,0,0,1,,,Yes,,No,,None of the above,0,0,0,0,1,Spraying with inorganic chemicals,1,0,0,<6 months ,Purchase and apply organic fertilizers Apply Manure ,1,0,1,0,0,"Fellow local farmers, Personal nursery",1,0,0,0,0,0,1,Tarpaulin,1,0,0,0,Bag and keep on the floor in a store,Burning,1,0,0,0,0,,,No,,Yes,50,No,,,,,0.3266347 33.0151678 1219.0 4.74,0.3266347,33.0151678,1219,4.74,0.3264967 33.0152917 1221.5 38.649;0.3265028 33.015611 1214.3000000000002 3.237;0.3270477 33.01552 1215.7 6.007;0.3272256 33.0152601 1218.5 2.4;0.3264967 33.0152917 1221.5 38.649,,,fd687697-5073-4319-b8d6-000e3be80e40,submitted_via_web,kenneth1elly,uuid:fd687697-5073-4319-b8d6-000e3be80e40
Were Kenneth Elly,2025-10-10 09:41:00,0.328519 33.0119668 1223.6000000000001 4.85,0.328519,33.0119668,1223.6,4.85,Buikwe,Buikwe,Salye,EKUB1123,Musoke William,Male,1998-10-27 00:00:00,27,Youth,Single,No,743583419,,,UCE,I am engaged in income generating activities and have an individual income,Self employment ,0,1,0,,,,,Male,No formal education,1,0,,Farming,70000,,3,No,No,No,Firewood,0,0,1,0,,,,,,,,,"Coffee, Vanilla Avocado Beans",1,0,1,0,0,1,1,0,900000,600000,"Coffee, Cassava, Avocado",1,0,0,0,0,1,1,,> 4 years,100,80,Kiboko,0,1,0,0,"Pests and diseases, Lack of access to quality inputs, Lack of or access to knowledge and extension services",1,1,0,0,0,0,1,,,,,,,,,,,,,,,,,,,,,,,,,,,,,,,,,,,,,,,,,,,,,,,,,,,,,,,,,,,,,,,,,,,>4 Years,3,2,Raw,1,0,0,Lack of access to knowledge and extension services Price fluctuations,0,0,0,1,0,0,1,,>4 Years,90,50,Fresh,1,0,0,0,Pests and diseases Low prices Lack of access to knowledge and extension services Lack of access to quality puts,1,1,0,1,0,0,0,1,,,Yes,,No,,None of the above,0,0,0,0,1,Spraying with inorganic chemicals Use of integrated methods,1,0,1,<6 months ,Apply Manure  Mulch,0,1,1,0,0,"Fellow local farmers, Local nursery beds Personal nursery",1,0,1,0,0,0,1,Bare ground,0,1,0,0,Bag and keep on the floor in a store,Burning,1,0,0,0,0,,,Yes,<10,Yes,10,No,,,,,0.3285233 33.0119717 1220.7 3.1,0.3285233,33.0119717,1220.7,3.1,0.328566 33.0119348 1224.0 2.786;0.3285115 33.0117751 1222.9 6.597;0.3282559 33.0118723 1222.2 9.746;0.3282727 33.0120312 1224.1000000000001 8.161;0.328566 33.0119348 1224.0 2.786,,,1f155a72-26c5-48cf-8aed-f3444ee44716,submitted_via_web,kenneth1elly,uuid:1f155a72-26c5-48cf-8aed-f3444ee44716
Bukenya Denis Stanley,2025-10-09 13:08:00,0.327975 33.0099533 1220.1000000000001 4.92,0.327975,33.0099533,1220.1,4.92,Buikwe,Buikwe,Salye,EKUB1124,Mansoor Makooba ,Male,1942-12-17 00:00:00,83,Adult,Widowed,No,746877967,,,No formal education,I am engaged in income generating activities and have an individual income,Self employment ,0,1,0,,,,,Male,No formal education,5,4,Yes,Farming,100000,,3,No,No,No,Firewood,0,0,1,,,,,,,,,,"Coffee, Beans, Maize Cassava",1,0,0,0,1,0,1,1,650000,400000,"Coffee, Avocado, Cassava, Jackfruit",1,0,0,1,0,1,1,,> 4 years,230,230,"Fresh, Kiboko",1,1,0,0,Pests and diseases Price fluctuations Lack of access to quality inputs Lack of or access to knowledge and extension services,1,1,0,1,0,0,1,,,,,,,,,,,,,,,,,,,,,,,,,,,,,,,,,,,>4 Years,6,6,Raw Ripe,1,1,0,"Post harvest losses, Lack of access to market, Lack of access to knowledge and extension services",0,0,1,0,1,0,1,,,,,,,,,,,,,,,,,,>4 Years,5,5,Raw,1,0,0,Price fluctuations Post harvest losses Lack of access to knowledge and extension services,0,0,0,1,1,0,1,,>4 Years,130,100,Fresh,1,0,0,0,Pests and diseases Price fluctuations Post harvest losses Lack of access to knowledge and extension services Low prices,1,0,0,1,1,1,0,1,,,Yes,,No,,None of the above,0,0,0,0,1,Using organic  Use of integrated methods,0,1,1,,Mulch Apply Manure ,0,0,1,1,1,"Fellow local farmers, Government research institutions",1,0,0,0,1,0,0,Tarpaulin Bare ground,1,1,0,0,Bag and keep on the floor in a store,Burning Dump in a pit,1,1,0,0,0,,,Yes,<10,No,,No,,,,,,,,,,0.3279183 33.0100367 1220.3000000000002 1.7; 0.3279919 33.0101139 1227.7 1.716; 0.328147 33.0103844 1232.4 1.72; 0.328051 33.0104723 1233.0 1.62; 0.3276537 33.0100558 1238.3000000000002 1.7; 0.3277292 33.0099307 1234.1000000000001 1.7; 0.3279183 33.0100367 1220.3000000000002 1.7,,,42de5d31-53af-44b6-8c19-ac3faa252e15,submitted_via_web,denis_1,uuid:42de5d31-53af-44b6-8c19-ac3faa252e15
Bukenya Denis Stanley,2025-10-07 13:31:00,0.3261451 33.0085672 1205.8000000000002 4.6,0.3261451,33.0085672,1205.8,4.6,Buikwe,Buikwe,Salye,EKUB1125,Andrew Sale,Male,1988-06-15 00:00:00,38,Adult,Married,Yes,700718254,,,Degree,I am engaged in income generating activities and have an individual income,Self employment ,0,1,0,,,,,Male,Degree,4,2,Yes,Farming,500000,,3,No,No,No,Firewood,0,0,1,,,,,,,,,,Coffee Cassava Beans Maize,1,0,0,0,1,0,1,1,2000000,1500000,"Coffee, Avocado, Cassava",1,0,0,0,0,1,1,,> 4 years,1200,1200,"Fresh, Kiboko",1,1,0,0,Pests and diseases Price fluctuations Lack of or access to knowledge and extension services Lack of access to quality inputs,1,1,0,1,0,0,1,,,,,,,,,,,,,,,,,,,,,,,,,,,,,,,,,,,,,,,,,,,,,,,,,,,,,,,,,,,,,,,,,,,>4 Years,10,10,Raw,1,0,0,Lack of access to market Post harvest losses Lack of access to knowledge and extension services,0,0,1,0,1,0,1,,>4 Years,2000,1500,Fresh,1,0,0,0,Pests and diseases Lack of access to market Low prices Price fluctuations Post harvest losses Lack of access to knowledge and extension services,1,0,1,1,1,1,0,1,,,Yes,,No,,None of the above,0,0,0,0,1,Using organic  Use of integrated methods,0,1,1,,Apply Manure ,0,0,1,1,1,"Fellow local farmers, Government research institutions",1,0,0,0,1,0,0,Tarpaulin Bare ground,1,1,0,0,Bag and keep on the floor in a store,Burning Dump in a pit,1,1,0,0,0,,,Yes,10-50,Yes,15,Yes,Write in a book,1,0,0,,,,,,0.3262136 33.0086777 1208.2 8.466; 0.3264127 33.008774 1209.1000000000001 1.75; 0.3266967 33.0083265 1212.4 1.666; 0.3262253 33.0080903 1212.0 1.683; 0.3261109 33.0080099 1208.3000000000002 1.66; 0.3257007 33.0080458 1209.7 1.6; 0.3259287 33.0084162 1214.6000000000001 1.58; 0.3263619 33.008415 1211.3000000000002 1.72; 0.3262136 33.0086777 1208.2 8.466,,,151614e9-10e0-4e99-b3cb-5368eaad03a0,submitted_via_web,denis_1,uuid:151614e9-10e0-4e99-b3cb-5368eaad03a0
Bukenya Denis Stanley,2025-10-09 13:42:00,0.3264147 33.0084177 1209.5 4.1,0.3264147,33.0084177,1209.5,4.1,Buikwe,Buikwe,Salye,EKUB1126,Babirye Mary Namumbya,Female,2000-12-17 00:00:00,25,Youth,Married,No,752925754,,,PLE,I am engaged in income generating activities and have an individual income,Self employment ,0,1,0,,,,,Female,No formal education,4,4,Yes,Farming,200000,,3,No,No,No,Firewood,0,0,1,,,,,,,,,,Coffee Cassava Maize Beans,1,0,0,0,1,0,1,1,1300000,1000000,"Coffee, Cassava, Avocado",1,0,0,0,0,1,1,,> 4 years,600,500,"Kiboko, Fresh",1,1,0,0,Pests and diseases Price fluctuations Lack of or access to knowledge and extension services Lack of access to quality inputs,1,1,0,1,0,0,1,,,,,,,,,,,,,,,,,,,,,,,,,,,,,,,,,,,,,,,,,,,,,,,,,,,,,,,,,,,,,,,,,,,>4 Years,7,7,Raw,1,0,0,Post harvest losses Lack of access to market Lack of access to knowledge and extension services,0,0,1,0,1,0,1,,1 - 4 Years,1200,1000,Fresh Dried chips,1,1,0,0,Price fluctuations Post harvest losses Lack of access to knowledge and extension services,0,0,0,0,1,1,0,1,,,Yes,,No,,None of the above,0,0,0,0,1,Use of integrated methods,0,0,1,,Crop rotation and intercropping with legumes Apply Manure ,0,0,1,1,1,"Fellow local farmers, Government research institutions",1,0,0,0,1,0,0,Tarpaulin Bare ground,1,1,0,0,Bag and keep on the floor in a store,Burning Dump in a pit,1,1,0,0,0,,,Yes,10-50,Yes,12,Yes,Write in a book,1,0,0,,,,,,0.326415 33.0083667 1209.5 5.2; 0.3264307 33.0073069 1200.4 1.58; 0.3272405 33.007405 1207.3000000000002 1.64; 0.3269318 33.0079248 1204.8000000000002 1.633; 0.3266568 33.0081777 1209.6000000000001 1.58; 0.326415 33.0083667 1209.5 5.2,,,15902a93-39d0-4409-9f7a-959342fe9756,submitted_via_web,denis_1,uuid:15902a93-39d0-4409-9f7a-959342fe9756
Bukenya Denis Stanley,2025-10-09 14:17:00,0.3244731 33.0098551 1230.2 4.55,0.3244731,33.0098551,1230.2,4.55,Buikwe,Buikwe,Salye,EKUB1127,Nantambi Nusula,Female,2002-02-02 00:00:00,24,Youth,Single,Yes,748130688,,,PLE,I am engaged in income generating activities and have an individual income,Self employment ,0,1,0,,,,,Male,PLE,2,1,No,Farming,100000,,3,No,No,No,Firewood,0,0,1,,,,,,,,,,Coffee Cassava Beans,1,0,0,0,1,0,1,0,450000,300000,"Coffee, Cassava",1,0,0,0,0,0,1,,1- 4 years,170,170,Fresh,1,0,0,0,Price fluctuations Lack of or access to knowledge and extension services Lack of access to quality inputs,0,1,0,1,0,0,1,,,,,,,,,,,,,,,,,,,,,,,,,,,,,,,,,,,,,,,,,,,,,,,,,,,,,,,,,,,,,,,,,,,,,,,,,,,,,,,,,,,1 - 4 Years,300,300,Fresh,1,0,0,0,Lack of access to market Low prices Price fluctuations Lack of access to knowledge and extension services,0,0,1,1,1,0,0,1,,,Yes,,No,,None of the above,0,0,0,0,1,Use of integrated methods,0,0,1,,Crop rotation and intercropping with legumes Purchase and apply inorganic fertilizer,0,0,1,1,1,Fellow local farmers,1,0,0,0,0,0,0,Bare ground,0,1,0,0,Bag and keep on the floor in a store,Burning,1,0,0,0,0,,,Yes,<10,No,,No,,,,,,,,,,0.3239023 33.0094964 1224.2 1.733; 0.3237414 33.0095548 1221.0 1.62; 0.3244451 33.0100594 1229.5 1.6; 0.3245292 33.0099279 1230.2 1.4; 0.3239023 33.0094964 1224.2 1.733,,,6d19394f-e0a0-4feb-9e4d-483e64eb2874,submitted_via_web,denis_1,uuid:6d19394f-e0a0-4feb-9e4d-483e64eb2874
Bukenya Denis Stanley,2025-10-10 11:38:00,0.3268347 33.0145284 1207.0 4.0,0.3268347,33.0145284,1207,4,Buikwe,Buikwe,Salye,EKUB1128,Babirye Harriet,Female,1966-07-20 00:00:00,60,Adult,Married,No,745310414,,,PLE,I am engaged in income generating activities and have an individual income,Self employment ,0,1,0,,,,,Male,PLE,3,1,No,Farming,150000,,3,No,No,No,Firewood,0,0,1,,,,,,,,,,"Coffee, Beans, Maize Cassava",1,0,0,0,1,0,1,1,2500000,1600000,"Coffee, Cassava, Avocado, Jackfruit",1,0,0,1,0,1,1,,> 4 years,1100,1000,"Fresh, Kiboko",1,1,0,0,"Pests and diseases, Lack of access to quality inputs, Price fluctuations, Lack of or access to knowledge and extension services",1,1,0,1,0,0,1,,,,,,,,,,,,,,,,,,,,,,,,,,,,,,,,,,,>4 Years,4,4,Raw Ripe,1,1,0,"Post harvest losses Price fluctuations, Lack of access to market, Lack of access to knowledge and extension services",0,0,1,1,1,0,1,,,,,,,,,,,,,,,,,,>4 Years,6,5,Raw,1,0,0,Post harvest losses Lack of access to knowledge and extension services Lack of access to market,0,0,1,0,1,0,1,,>4 Years,800,800,Fresh,1,0,0,0,Low prices Price fluctuations Post harvest losses Lack of access to knowledge and extension services,0,0,0,1,1,1,0,1,,,Yes,,No,,None of the above,0,0,0,0,1,Use of integrated methods,0,0,1,,Purchase and apply inorganic fertilizer,0,0,1,1,1,"Fellow local farmers, Government research institutions",1,0,0,0,1,0,0,Tarpaulin Bare ground,1,1,0,0,Bag and keep on the floor in a store,Dump in a pit Burning,1,1,0,0,0,,,Yes,10-50,Yes,15,No,,,,,0.326571 33.0148459 1207.0 4.98,0.326571,33.0148459,1207,4.98,0.3265493 33.0147462 1210.5 2.02; 0.3261796 33.0150125 1236.0 1.5; 0.32589 33.0145702 1223.1000000000001 1.62; 0.3261807 33.0144454 1238.9 1.6; 0.3263721 33.0144419 1244.0 1.7; 0.3266895 33.0143644 1238.8000000000002 1.566; 0.3267727 33.0145339 1237.6000000000001 1.5; 0.3266439 33.0146074 1238.8000000000002 1.6; 0.32643 33.0146901 1238.8000000000002 1.7; 0.3265493 33.0147462 1210.5 2.02,,,1f6d825e-8335-42e4-ba67-6e5c59d21b6a,submitted_via_web,denis_1,uuid:1f6d825e-8335-42e4-ba67-6e5c59d21b6a
Bukenya Denis Stanley,2025-10-08 12:32:00,0.3258973 33.0114316 1249.4 4.56,0.3258973,33.0114316,1249.4,4.56,Buikwe,Buikwe,Salye,EKUB1129,Mugula Emmanuel,Male,1996-11-20 00:00:00,29,Youth,Married,No,787694142,,,PLE,I am engaged in income generating activities and have an individual income,Self employment ,0,1,0,,,,,Male,No formal education,7,5,Yes,Farming,300000,,3,No,No,No,Firewood,0,0,1,,,,,,,,,,Coffee Maize,1,0,0,0,0,0,0,1,2000000,1000000,"Coffee, Cassava",1,0,0,0,0,0,1,,> 4 years,1800,1500,"Fresh, Kiboko",1,1,0,0,Pests and diseases Price fluctuations Lack of or access to knowledge and extension services Lack of access to quality inputs,1,1,0,1,0,0,1,,,,,,,,,,,,,,,,,,,,,,,,,,,,,,,,,,,,,,,,,,,,,,,,,,,,,,,,,,,,,,,,,,,,,,,,,,,,,,,,,,,>4 Years,700,700,Fresh,1,0,0,0,Pests and diseases Lack of access to market Price fluctuations Low prices Lack of access to knowledge and extension services,1,0,1,1,1,0,0,1,,,Yes,,No,,None of the above,0,0,0,0,1,Use of integrated methods,0,0,1,,Purchase and apply inorganic fertilizer Crop rotation and intercropping with legumes,0,0,1,1,1,"Fellow local farmers, Government research institutions Local nursery beds",1,0,1,0,1,0,0,Tarpaulin Bare ground,1,1,0,0,Bag and keep on the floor in a store,Burning Dump in a pit,1,1,0,0,0,,,Yes,10-50,Yes,7,No,,,,,0.3258348 33.0114161 1249.6000000000001 4.28,0.3258348,33.0114161,1249.6,4.28,0.3257617 33.00992 1236.6000000000001 1.533; 0.326316 33.010059 1234.4 1.6; 0.3262735 33.0114532 1245.9 1.6; 0.3257199 33.0114401 1246.1000000000001 1.65; 0.3257617 33.00992 1236.6000000000001 1.533,,,c8b0050d-eb3c-412e-8e76-1b89181705b2,submitted_via_web,denis_1,uuid:c8b0050d-eb3c-412e-8e76-1b89181705b2
Namususwa Harriet,2025-10-10 13:09:00,0.3432397 32.7912286 1142.0 4.7,0.3432397,32.7912286,1142,4.7,Mukono,Nakisunga,Nangwa,EKUB1130,Jumba Anthony,Male,1973-08-15 00:00:00,52,Adult,Single,Yes,782726756,706926756,,No formal education,I am engaged in income generating activities and have an individual income,Self employment ,0,1,0,,,,,Male,No formal education,10,8,Yes,Business,3000000,,3,No,No,No,Charcoal,0,1,0,10000,,,,,,,,,"Coffee, Avocado",1,0,0,0,0,1,0,0,1000000,1500000,Coffee Avocado,1,0,0,0,0,1,0,,> 4 years,200,200,"Fresh, Kiboko",1,1,0,0,"Pests and diseases, Price fluctuations, Lack of access to market",1,0,1,1,0,0,0,,,,,,,,,,,,,,,,,,,,,,,,,,,,,,,,,,,,,,,,,,,,,,,,,,,,,,,,,,,,,,,,,,,>4 Years,40,35,Raw,1,0,0,"Pests and diseases, Lack of access to market",1,0,1,0,0,0,0,,,,,,,,,,,,,,,,,,,,,Yes,,No,,None of the above,0,0,0,0,1,Use of integrated methods,0,0,1,,Crop rotation and intercropping with legumes Apply Manure ,0,0,1,0,0,Personal nursery,0,0,0,0,0,0,1,Tarpaulin,1,0,0,0,Bag and keep on the floor in a store,Burning,1,0,0,0,0,,,No,,Yes,20,No,,,,,,,,,,0.343217 32.7911781 1154.0 5.9; 0.3430682 32.7908688 1143.0 2.0; 0.3432816 32.7906931 1137.0 1.5; 0.3433755 32.7907898 1133.0 1.7; 0.3435888 32.7910695 1132.0 1.7; 0.3433156 32.7912761 1144.0 2.0; 0.343217 32.7911781 1154.0 5.9,,,7d3ddbd7-c09e-48f9-b32d-3fbe46204779,submitted_via_web,namususwa_1,uuid:7d3ddbd7-c09e-48f9-b32d-3fbe46204779
Were Kenneth Elly,2025-10-13 13:14:00,0.2953529 33.0126679 1215.1000000000001 4.7,0.2953529,33.0126679,1215.1,4.7,Buikwe,Buikwe,Makonge,EKUB1131,Nabwire Evelyn,Female,1994-11-23 00:00:00,31,Youth,Married,No,705714325,775391554,,No formal education,I am engaged in income generating activities and have an individual income,Self employment ,0,1,0,,,,,Male,UACE,4,2,Yes,Farming,100000,,3,No,No,No,Firewood,0,0,1,0,,,,,,,,,"Coffee, Beans, Maize",1,0,0,0,0,0,1,1,600000,400000,"Coffee, Cassava",1,0,0,0,0,0,1,,> 4 years,100,100,Kiboko,0,1,0,0,Pests and diseases Lack of or access to knowledge and extension services Price fluctuations Lack of access to quality inputs,1,1,0,1,0,0,1,,,,,,,,,,,,,,,,,,,,,,,,,,,,,,,,,,,,,,,,,,,,,,,,,,,,,,,,,,,,,,,,,,,,,,,,,,,,,,,,,,,>4 Years,70,70,Dried chips,0,1,0,0,Pests and diseases Low prices Lack of access to knowledge and extension services,1,0,0,1,0,0,0,1,,,Yes,,No,,None of the above,0,0,0,0,1,Spraying with inorganic chemicals,1,0,0,<6 months ,Crop rotation and intercropping with legumes Apply Manure ,0,1,1,1,0,"Fellow local farmers, Personal nursery",1,0,0,0,0,0,1,Tarpaulin,1,0,0,0,Bag and keep on raised pallet,Burning,1,0,0,0,0,,,Yes,<10,Yes,24,No,,,,,,,,,,0.2947996 33.013456 1208.2 4.589;0.2942766 33.0139477 1197.6000000000001 4.443;0.2945408 33.0142296 1200.4 3.367;0.2950344 33.0137059 1199.2 3.738;0.2947996 33.013456 1208.2 4.589,,,ce578ed2-b932-4513-a055-2e0c53e8bb4e,submitted_via_web,kenneth1elly,uuid:ce578ed2-b932-4513-a055-2e0c53e8bb4e
Were Kenneth Elly,2025-10-13 13:29:00,0.3281498 33.0099025 1211.6000000000001 5.0,0.3281498,33.0099025,1211.6,5,Buikwe,Buikwe,Salye,EKUB1132,Serwada Majid,Male,1979-07-20 00:00:00,47,Adult,Married,No,700712821,,,UCE,I am engaged in income generating activities and have an individual income,Self employment ,0,1,0,,,,,Male,UCE,5,2,Yes,Farming,100000,,3,No,No,No,Firewood,0,0,1,0,,,,,,,,,Coffee,1,0,0,0,0,0,0,0,1000000,1000000,Coffee,1,0,0,0,0,0,0,,> 4 years,800,800,Kiboko,0,1,0,0,Pests and diseases Lack of or access to knowledge and extension services,1,0,0,0,0,0,1,,,,,,,,,,,,,,,,,,,,,,,,,,,,,,,,,,,,,,,,,,,,,,,,,,,,,,,,,,,,,,,,,,,,,,,,,,,,,,,,,,,,,,,,,,,,,,,,,,,,,,Yes,,No,,None of the above,0,0,0,0,1,Spraying with inorganic chemicals,1,0,0,<6 months ,Apply Manure  Mulch,0,1,1,0,0,"Fellow local farmers, Personal nursery",1,0,0,0,0,0,1,Tarpaulin,1,0,0,0,Bag and keep on raised pallet,Burning,1,0,0,0,0,,,Yes,10-50,Yes,30,No,,,,,,,,,,0.32827 33.009815 1215.0 5.3;0.3295732741480466 33.008567690849304 0.0 0.0;0.3290945077480088 33.00829779356718 0.0 0.0;0.3281510562453835 33.009241595864296 0.0 0.0;0.32785836498286886 33.00898142158985 0.0 0.0;0.3276260224281846 33.00929892808199 0.0 0.0;0.32827 33.009815 1215.0 5.3,,,8a3042f9-5571-439b-9326-9d29b799230b,submitted_via_web,kenneth1elly,uuid:8a3042f9-5571-439b-9326-9d29b799230b
Were Kenneth Elly,2025-10-13 09:27:00,0.3247113 33.0088597 1199.3000000000002 4.902,0.3247113,33.0088597,1199.3,4.902,Buikwe,Buikwe,Salye,EKUB1133,Kabuye Peter,Male,1957-11-08 00:00:00,68,Adult,Married,No,775010901,,,No formal education,I am engaged in income generating activities and have an individual income,Self employment ,0,1,0,,,,,Male,No formal education,6,3,Yes,Farming,100000,,3,No,No,No,Firewood,0,0,1,0,,,,,,,,,"Coffee, Beans, Maize",1,0,0,0,0,0,1,1,800000,800000,"Coffee, Cassava",1,0,0,0,0,0,1,,> 4 years,500,500,Kiboko,0,1,0,0,"Pests and diseases, Lack of access to quality inputs, Price fluctuations, Lack of or access to knowledge and extension services",1,1,0,1,0,0,1,,,,,,,,,,,,,,,,,,,,,,,,,,,,,,,,,,,,,,,,,,,,,,,,,,,,,,,,,,,,,,,,,,,,,,,,,,,,,,,,,,,>4 Years,80,80,Fresh,1,0,0,0,Pests and diseases Low prices Lack of access to knowledge and extension services Lack of access to quality puts,1,1,0,1,0,0,0,1,,,Yes,,No,,None of the above,0,0,0,0,1,Spraying with inorganic chemicals,1,0,0,<6 months ,Apply Manure  Mulch Purchase and apply organic fertilizers,0,1,1,0,0,"Fellow local farmers, Local nursery beds Personal nursery",1,0,1,0,0,0,1,Tarpaulin,1,0,0,0,Bag and keep on the floor in a store,Burning,1,0,0,0,0,,,Yes,10-50,Yes,70,No,,,,,,,,,,0.3277963399146749 33.00923589617014 0.0 0.0;0.3279234 33.0087851 1197.1000000000001 8.892;0.3276164 33.0085878 1195.3000000000002 7.682;0.32732964317311947 33.009068593382835 0.0 0.0;0.3277963399146749 33.00923589617014 0.0 0.0,,,dd9b3c44-84fb-47a4-b13c-74b3b0e60fb6,submitted_via_web,kenneth1elly,uuid:dd9b3c44-84fb-47a4-b13c-74b3b0e60fb6
Were Kenneth Elly,2025-10-13 11:42:00,0.3249556 33.0085331 1201.7 4.8,0.3249556,33.0085331,1201.7,4.8,Buikwe,Buikwe,Salye,EKUB1134,Nalutaaya Mariam,Female,1977-01-20 00:00:00,49,Adult,Married,No,786512792,,,PLE,I am engaged in income generating activities and have an individual income,Self employment ,0,1,0,,,,,Male,No formal education,9,7,Yes,Farming,100000,,3,No,No,No,Firewood,0,0,1,0,,,,,,,,,Coffee,1,0,0,0,0,0,0,0,1000000,1000000,Coffee,1,0,0,0,0,0,0,,> 4 years,800,800,Kiboko,0,1,0,0,"Pests and diseases, Lack of access to quality inputs, Lack of or access to knowledge and extension services",1,1,0,0,0,0,1,,,,,,,,,,,,,,,,,,,,,,,,,,,,,,,,,,,,,,,,,,,,,,,,,,,,,,,,,,,,,,,,,,,,,,,,,,,,,,,,,,,,,,,,,,,,,,,,,,,,,,Yes,,No,,None of the above,0,0,0,0,1,Spraying with inorganic chemicals,1,0,0,<6 months ,Apply Manure  Mulch,0,1,1,0,0,"Fellow local farmers, Personal nursery",1,0,0,0,0,0,1,Tarpaulin,1,0,0,0,Bag and keep on raised pallet,Burning,1,0,0,0,0,,,Yes,10-50,Yes,70,No,,,,,,,,,,0.3252851625080241 33.00842519849539 0.0 0.0;0.3250345 33.008193 1196.1000000000001 12.18;0.3246688 33.0080354 1191.5 7.16;0.3242417 33.0086404 1188.4 5.991;0.324582770317628 33.008900955319405 0.0 0.0;0.3249126767272183 33.00871890038252 0.0 0.0;0.32481276604740866 33.00856702029705 0.0 0.0;0.3249126767272183 33.00871890038252 0.0 0.0;0.32481276604740866 33.00856702029705 0.0 0.0;0.32495793827648106 33.00843961536884 0.0 0.0;0.3251567538200577 33.00856567919254 0.0 0.0;0.3252851625080241 33.00842519849539 0.0 0.0,,,d073463c-b5b0-493f-badb-f3e3b9f718b6,submitted_via_web,kenneth1elly,uuid:d073463c-b5b0-493f-badb-f3e3b9f718b6
Were Kenneth Elly,2025-10-13 14:28:00,0.323705 33.0099833 1189.7 4.5,0.323705,33.0099833,1189.7,4.5,Buikwe,Buikwe,Salye,EKUB1135,Nanteza Mayimuna,Female,1962-12-25 00:00:00,63,Adult,Married,No,706275139,,,PLE,I am engaged in income generating activities and have an individual income,Self employment ,0,1,0,,,,,Female,PLE,5,4,Yes,Farming,100000,,3,No,No,No,Firewood,0,0,1,0,,,,,,,,,Coffee,1,0,0,0,0,0,0,0,800000,700000,Coffee,1,0,0,0,0,0,0,,> 4 years,100,75,Kiboko,0,1,0,0,"Pests and diseases, Lack of access to quality inputs, Lack of or access to knowledge and extension services",1,1,0,0,0,0,1,,,,,,,,,,,,,,,,,,,,,,,,,,,,,,,,,,,,,,,,,,,,,,,,,,,,,,,,,,,,,,,,,,,,,,,,,,,,,,,,,,,,,,,,,,,,,,,,,,,,,,Yes,,No,,None of the above,0,0,0,0,1,Use of integrated methods,0,0,1,,Apply Manure  Crop rotation and intercropping with legumes,0,0,1,1,0,"Fellow local farmers, Personal nursery",1,0,0,0,0,0,1,Tarpaulin,1,0,0,0,Bag and keep on the floor in a store,Burning,1,0,0,0,0,,,Yes,<10,Yes,10,No,,,,,,,,,,0.3235692467989529 33.0100479349494 0.0 0.0;0.32339557653317513 33.010459654033184 0.0 0.0;0.3236726 33.0105771 1205.0 3.582;0.3238267 33.010276 1204.4 2.25;0.3235692467989529 33.0100479349494 0.0 0.0,,,6f0f3031-a29a-4454-994e-dd4e68c81471,submitted_via_web,kenneth1elly,uuid:6f0f3031-a29a-4454-994e-dd4e68c81471
Were Kenneth Elly,2025-10-09 12:19:00,0.3231282 33.0106618 1206.6000000000001 4.896,0.3231282,33.0106618,1206.6,4.896,Buikwe,Buikwe,Salye,EKUB1136,Luyima Denis,Male,1993-06-03 00:00:00,33,Youth,Married,No,706691847,,,No formal education,I am engaged in income generating activities and have an individual income,Self employment ,0,1,0,,,,,Male,No formal education,2,0,,Farming,100000,,3,No,No,No,Firewood,0,0,1,0,,,,,,,,,Coffee,1,0,0,0,0,0,0,0,700000,700000,Coffee,1,0,0,0,0,0,0,,> 4 years,500,500,Kiboko,0,1,0,0,"Pests and diseases, Lack of access to quality inputs, Lack of or access to knowledge and extension services",1,1,0,0,0,0,1,,,,,,,,,,,,,,,,,,,,,,,,,,,,,,,,,,,,,,,,,,,,,,,,,,,,,,,,,,,,,,,,,,,,,,,,,,,,,,,,,,,,,,,,,,,,,,,,,,,,,,Yes,,No,,None of the above,0,0,0,0,1,Spraying with inorganic chemicals,1,0,0,<6 months ,Apply Manure  Mulch,0,1,0,0,0,"Fellow local farmers, Personal nursery",1,0,0,0,0,0,1,Tarpaulin,1,0,0,0,Bag and keep on raised pallet,Burning,1,0,0,0,0,,,Yes,<10,Yes,15,No,,,,,,,,,,0.3232207 33.0107893 1211.9 3.748;0.3237032 33.0111564 1221.5 3.612;0.3240126 33.0108085 1215.3000000000002 3.172;0.3233102 33.0104051 1208.4 3.328;0.3232207 33.0107893 1211.9 3.748,,,dd7795b1-1b8b-4220-b88f-2b0ef26235b6,submitted_via_web,kenneth1elly,uuid:dd7795b1-1b8b-4220-b88f-2b0ef26235b6
Were Kenneth Elly,2025-10-13 14:39:00,0.3223278 33.0150444 1220.9 4.5,0.3223278,33.0150444,1220.9,4.5,Buikwe,Buikwe,Salye,EKUB1137,Serunkuma Vincent,Male,1962-02-14 00:00:00,64,Adult,Married,No,784459292,,,No formal education,I am engaged in income generating activities and have an individual income,Self employment ,0,1,0,,,,,Male,No formal education,5,3,Yes,Farming,100000,,3,No,No,No,Firewood,0,0,1,0,,,,,,,,,Coffee,1,0,0,0,0,0,0,0,1000000,1000000,Coffee,1,0,0,0,0,0,0,,> 4 years,500,500,Kiboko,0,1,0,0,"Pests and diseases, Lack of or access to knowledge and extension services, Lack of access to quality inputs",1,1,0,0,0,0,1,,,,,,,,,,,,,,,,,,,,,,,,,,,,,,,,,,,,,,,,,,,,,,,,,,,,,,,,,,,,,,,,,,,,,,,,,,,,,,,,,,,,,,,,,,,,,,,,,,,,,,Yes,,No,,None of the above,0,0,0,0,1,Spraying with inorganic chemicals,1,0,0,<6 months ,Apply Manure  Mulch,0,1,1,0,0,"Fellow local farmers, Personal nursery",1,0,0,0,0,0,1,Tarpaulin,1,0,0,0,Bag and keep on the floor in a store,Burning,1,0,0,0,0,,,Yes,10-50,Yes,50,No,,,,,,,,,,0.3223301 33.0149804 1219.2 23.447;0.3224847 33.0147753 1218.8000000000002 3.702;0.3230241 33.0151593 1226.1000000000001 3.407;0.3229268 33.0153131 1227.8000000000002 3.286;0.322727 33.0151353 1223.5 3.628;0.32272537020943226 33.01513373851776 0.0 0.0;0.322620765716704 33.015259467065334 0.0 0.0;0.3223301 33.0149804 1219.2 23.447,,,a34a2774-3ecd-457d-adaf-033f5e0aa9f3,submitted_via_web,kenneth1elly,uuid:a34a2774-3ecd-457d-adaf-033f5e0aa9f3
Bukenya Denis Stanley,2025-10-13 10:33:00,0.3274116 33.0104241 1234.9 3.283,0.3274116,33.0104241,1234.9,3.283,Buikwe,Buikwe,Salye,EKUB1138,Musisi Fred Kalimuggi,Male,1962-10-08 00:00:00,63,Adult,Married,No,756646603,,,UCE,I am engaged in income generating activities and have an individual income,Self employment ,0,1,0,,,,,Male,UCE,7,5,Yes,Farming,250000,,3,No,No,No,Firewood,0,0,1,,,,,,,,,,Coffee Maize Beans Cassava,1,0,0,0,1,0,1,1,950000,650000,"Coffee, Cassava",1,0,0,0,0,0,1,,> 4 years,350,350,"Fresh, Kiboko",1,1,0,0,Pests and diseases Price fluctuations Lack of or access to knowledge and extension services Lack of access to quality inputs,1,1,0,1,0,0,1,,,,,,,,,,,,,,,,,,,,,,,,,,,,,,,,,,,,,,,,,,,,,,,,,,,,,,,,,,,,,,,,,,,,,,,,,,,,,,,,,,,>4 Years,700,700,Fresh,1,0,0,0,Pests and diseases Price fluctuations Low prices Lack of access to knowledge and extension services,1,0,0,1,1,0,0,1,,,Yes,,No,,None of the above,0,0,0,0,1,Use of integrated methods Using organic ,0,1,1,,Apply Manure  Mulch,0,0,1,1,1,"Fellow local farmers, Government research institutions",1,0,0,0,1,0,0,Tarpaulin Bare ground,1,1,0,0,Bag and keep on the floor in a store,Burning Dump in a pit,1,1,0,0,0,,,Yes,10-50,Yes,15,No,,,,,0.3273124 33.0104002 1235.3000000000002 4.08,0.3273124,33.0104002,1235.3,4.08,0.3273872 33.0105082 1239.5 1.6; 0.3265268 33.0105063 1245.9 1.5; 0.3265536 33.0100566 1241.4 1.64; 0.3272472 33.0102011 1238.2 1.666; 0.3273872 33.0105082 1239.5 1.6,,,0d198573-86c6-481c-975a-085f359c1dcd,submitted_via_web,denis_1,uuid:0d198573-86c6-481c-975a-085f359c1dcd
Bukenya Denis Stanley,2025-10-13 11:04:00,0.3303112 33.0137959 1201.4 4.5,0.3303112,33.0137959,1201.4,4.5,Buikwe,Buikwe,Salye,EKUB1139,Omita Yuda,Male,1977-09-10 00:00:00,48,Adult,Married,No,777175537,706955284,,No formal education,I am engaged in income generating activities and have an individual income,Self employment ,0,1,0,,,,,Male,No formal education,7,5,Yes,Farming,150000,,3,No,No,No,Firewood,0,0,1,,,,,,,,,,"Coffee, Beans, Maize Cassava",1,0,0,0,1,0,1,1,750000,600000,"Coffee, Cassava, Avocado, Jackfruit",1,0,0,1,0,1,1,,> 4 years,250,200,Fresh,1,0,0,0,"Pests and diseases, Lack of access to quality inputs, Price fluctuations, Lack of or access to knowledge and extension services",1,1,0,1,0,0,1,,,,,,,,,,,,,,,,,,,,,,,,,,,,,,,,,,,>4 Years,10,10,Raw Ripe,1,1,0,"Post harvest losses, Lack of access to market, Lack of access to knowledge and extension services",0,0,1,0,1,0,1,,,,,,,,,,,,,,,,,,>4 Years,7,7,Raw Ripe,1,1,0,Post harvest losses Lack of access to market Lack of access to knowledge and extension services,0,0,1,0,1,0,1,,>4 Years,500,500,Fresh,1,0,0,0,Pests and diseases Post harvest losses Price fluctuations Low prices Lack of access to knowledge and extension services,1,0,0,1,1,1,0,1,,,Yes,,No,,None of the above,0,0,0,0,1,Use of integrated methods Using organic ,0,1,1,,Purchase and apply inorganic fertilizer Apply Manure ,0,0,1,1,1,"Fellow local farmers, Government research institutions",1,0,0,0,1,0,0,Tarpaulin Bare ground,1,1,0,0,Bag and keep on the floor in a store,Burning Dump in a pit,1,1,0,0,0,,,Yes,10-50,Yes,15,No,,,,,0.3307683 33.0137033 1199.7 4.566,0.3307683,33.0137033,1199.7,4.566,0.3307647 33.0137067 1199.7 1.76; 0.3307558 33.0141126 1205.6000000000001 1.55; 0.3301607 33.0142573 1215.6000000000001 1.62; 0.3300556 33.0140046 1222.2 1.533; 0.3307647 33.0137067 1199.7 1.76,,,0a8373fb-a669-4367-bec3-f0a048e2fd0e,submitted_via_web,denis_1,uuid:0a8373fb-a669-4367-bec3-f0a048e2fd0e
Bukenya Denis Stanley,2025-10-13 11:17:00,0.3297864 33.0140998 1219.2 4.6,0.3297864,33.0140998,1219.2,4.6,Buikwe,Buikwe,Salye,EKUB1140,Awori Harriet,Female,1967-12-20 00:00:00,58,Adult,Married,No,753679791,,,No formal education,I am engaged in income generating activities and have an individual income,Self employment ,0,1,0,,,,,Female,No formal education,4,2,Yes,Farming,70000,,3,No,No,No,Firewood,0,0,1,,,,,,,,,,"Coffee, Beans, Maize Avocado Cassava",1,0,0,0,1,1,1,1,600000,400000,"Coffee, Cassava, Avocado, Jackfruit",1,0,0,1,0,1,1,,> 4 years,230,200,Fresh,1,0,0,0,Pests and diseases Price fluctuations Lack of or access to knowledge and extension services Lack of access to quality inputs,1,1,0,1,0,0,1,,,,,,,,,,,,,,,,,,,,,,,,,,,,,,,,,,,>4 Years,5,5,Raw Ripe,1,1,0,Lack of access to market Lack of access to knowledge and extension services,0,0,1,0,0,0,1,,,,,,,,,,,,,,,,,,>4 Years,3,3,Raw Ripe,1,1,0,Post harvest losses Lack of access to market Lack of access to knowledge and extension services,0,0,1,0,1,0,1,,>4 Years,850,850,Fresh,1,0,0,0,Pests and diseases Post harvest losses Price fluctuations Lack of access to knowledge and extension services,1,0,0,0,1,1,0,1,,,Yes,,No,,None of the above,0,0,0,0,1,Use of integrated methods Using organic ,0,1,1,,Purchase and apply inorganic fertilizer Apply Manure ,0,0,1,1,1,"Fellow local farmers, Government research institutions",1,0,0,0,1,0,0,Tarpaulin Bare ground,1,1,0,0,Bag and keep on the floor in a store,Burning Dump in a pit,1,1,0,0,0,,,Yes,10-50,No,,No,,,,,0.3297595 33.0141405 1219.0 4.7,0.3297595,33.0141405,1219,4.7,0.3297798 33.014134 1219.3000000000002 3.65; 0.3298038 33.0142793 1226.1000000000001 1.466; 0.3295483 33.0142733 1230.6000000000001 1.6; 0.3295606 33.0143831 1231.8000000000002 1.583; 0.3292118 33.0143153 1232.2 1.6; 0.3292762 33.0141369 1231.8000000000002 1.6; 0.3295402 33.0140542 1228.7 1.6; 0.3297798 33.014134 1219.3000000000002 3.65,,,d7a537dd-9b34-4772-b213-c6077b069a77,submitted_via_web,denis_1,uuid:d7a537dd-9b34-4772-b213-c6077b069a77
,2025-10-13 17:27:00,0.32573 33.010005 1233.7 2.4,0.32573,33.010005,1233.7,2.4,Buikwe,Buikwe,Salye,EKUB1141,Wasswa Henry,Male,1992-04-01 00:00:00,34,Youth,Married,Yes,706981196,,,PLE,I am engaged in income generating activities and have an individual income,Self employment ,0,1,0,,,,,Male,No formal education,3,1,Yes,Farming,400000,,3,No,No,No,Firewood,0,0,1,,,,,,,,,,"Coffee, Cassava, Vanilla Beans Maize",1,0,1,0,1,0,1,1,3200000,3000000,Coffee Vanilla Cassava,1,0,1,0,0,0,1,,> 4 years,2000,1500,"Kiboko, Fresh",1,1,0,0,Pests and diseases Price fluctuations Lack of or access to knowledge and extension services Lack of access to quality inputs,1,1,0,1,0,0,1,,,,,,,,,,,,,,,,,,,1 - 4 years,45,45,Fresh,1,0,0,"Price fluctuations, Lack of access to knowledge and extension services",0,0,0,1,0,0,1,,,,,,,,,,,,,,,,,,,,,,,,,,,,,,,,,,,,,,,,,,,,,,,,,,>4 Years,300,300,Fresh,1,0,0,0,Pests and diseases Post harvest losses Price fluctuations Lack of access to market Lack of access to knowledge and extension services,1,0,1,0,1,1,0,1,,,Yes,,No,,None of the above,0,0,0,0,1,Using organic  Use of integrated methods,0,1,1,,Purchase and apply inorganic fertilizer Apply Manure ,0,0,1,1,1,"Fellow local farmers, Government research institutions",1,0,0,0,1,0,0,Tarpaulin Bare ground,1,1,0,0,Bag and keep on the floor in a store,Burning Dump in a pit,1,1,0,0,0,,,Yes,10-50,Yes,12,No,,,,,0.3257172 33.0114305 1245.9 2.42,0.3257172,33.0114305,1245.9,2.42,0.3257473 33.0116314 1248.3000000000002 1.76; 0.325415 33.0115244 1244.0 1.46; 0.3248541 33.0098143 1232.0 1.5; 0.325718 33.0100316 1233.4 1.816; 0.3257473 33.0116314 1248.3000000000002 1.76,,,6965b20b-2acd-4d15-aa6d-028bdc9424aa,submitted_via_web,denis_1,uuid:6965b20b-2acd-4d15-aa6d-028bdc9424aa
Bukenya Denis Stanley,2025-10-08 12:59:00,0.326145 33.0116889 1233.1000000000001 3.84,0.326145,33.0116889,1233.1,3.84,Buikwe,Buikwe,Salye,EKUB1142,Namagembe Joyce,Female,1969-07-20 00:00:00,57,Adult,Married,Yes,755725256,,,PLE,I am engaged in income generating activities and have an individual income,Self employment ,0,1,0,,,,,Female,PLE,5,3,Yes,Farming,80000,,3,No,No,No,Firewood,0,0,1,,,,,,,,,,Coffee Cassava,1,0,0,0,1,0,0,0,500000,400000,"Coffee, Cassava Jackfruit Avocado",1,0,0,1,0,1,1,,> 4 years,500,450,"Fresh, Kiboko",1,1,0,0,Pests and diseases Post harvest losses Lack of or access to knowledge and extension services Lack of access to quality inputs,1,1,0,0,1,0,1,,,,,,,,,,,,,,,,,,,,,,,,,,,,,,,,,,,>4 Years,4,4,Raw Ripe,1,1,0,"Lack of access to market, Post harvest losses, Lack of access to knowledge and extension services",0,0,1,0,1,0,1,,,,,,,,,,,,,,,,,,>4 Years,6,6,Raw,1,0,0,"Pests and diseases, Lack of access to market Post harvest losses Lack of access to knowledge and extension services",1,0,1,0,1,0,1,,>4 Years,2000,1000,Fresh,1,0,0,0,Pests and diseases Price fluctuations Low prices Post harvest losses Lack of access to knowledge and extension services,1,0,0,1,1,1,0,1,,,Yes,,No,,None of the above,0,0,0,0,1,Use of integrated methods,0,0,1,,Purchase and apply inorganic fertilizer,0,0,1,1,1,"Fellow local farmers, Local agro-inputs shops, Government research institutions",1,1,0,0,1,0,0,Tarpaulin Bare ground,1,1,0,0,Bag and keep on the floor in a store,Dump in a pit Burning,1,1,0,0,0,,,Yes,10-50,Yes,15,No,,,,,,,,,,0.3261376 33.0116995 1233.2 4.3;0.3263488 33.0116882 1233.5 1.8;0.3264456 33.0120782 1246.4 1.98;0.3262361 33.0121241 1248.9 1.76;0.3261376 33.0116995 1233.2 4.3,,,64125ece-67d0-4e4a-b822-7da647e6078d,submitted_via_web,denis_1,uuid:64125ece-67d0-4e4a-b822-7da647e6078d
Sserunjogi Ladis,2025-10-13 15:07:00,0.2779375 33.0208761 1195.0 5.0,0.2779375,33.0208761,1195,5,Buikwe,Ngogwe,Wabusolo,EKUB1143,Namata Annuciata,Female,1956-10-13 00:00:00,69,Adult,,No,789368789,,,PLE,I am engaged in income generating activities and have an individual income,Self employment ,0,1,0,,,,,Female,PLE,1,0,,Farming,50000,,3,No,No,No,Firewood,0,0,1,0,,,,,,,,,Coffee,1,0,0,0,0,0,0,0,50000,0,Coffee Jackfruit,1,0,0,1,0,0,0,,> 4 years,100,100,Fresh,1,0,0,0,Pests and diseases Lack of access to quality inputs Price fluctuations Post harvest losses,1,1,0,1,1,0,0,,,,,,,,,,,,,,,,,,,,,,,,,,,,,,,,,,,>4 Years,2,2,,,,,,,,,,,,,,,,,,,,,,,,,,,,,,,,,,,,,,,,,,,,,,,,,,,,,,,,,,,,,,,,,No,,No,,None of the above,0,0,0,0,1,Spraying with inorganic chemicals,1,0,0,6-12 months,Purchase and apply organic fertilizers Apply Manure ,0,0,0,1,1,Fellow local farmers,1,0,0,0,0,0,0,,,,,,,Burning,1,0,0,0,0,,,No,,Yes,10,No,,,,,0.2779304 33.0208908 1198.0 4.7,0.2779304,33.0208908,1198,4.7,0.2778479 33.020871 1187.0 9.3;0.2775682 33.0207618 1199.0 2.1;0.2778348 33.0203556 1193.0 2.0;0.2782857 33.0207951 1201.0 2.2;0.2781315 33.0209185 1196.0 1.7;0.2779615 33.0207589 1197.0 1.9;0.2778919 33.0208842 1195.0 2.416;0.2778479 33.020871 1187.0 9.3,,,ab716e67-8d7a-4c86-a57d-5994c6b413da,submitted_via_web,ladis00,uuid:ab716e67-8d7a-4c86-a57d-5994c6b413da
Sserunjogi Ladis,2025-10-13 15:49:00,0.2769912 33.0206052 1210.0 5.0,0.2769912,33.0206052,1210,5,Buikwe,Ngogwe,Wabusolo,EKUB1144,Kateregga Denis,Male,1985-05-25 00:00:00,41,Adult,Married,Yes,757866760,,,PLE,I am engaged in income generating activities and have an individual income,Self employment ,0,1,0,,,,,Male,PLE,7,5,Yes,Farming,1500000,,3,No,No,No,"Gas, Charcoal, Firewood",1,1,1,150000,,,,,,,,,Cassava Beans,0,0,0,0,1,0,1,0,2200000,0,Cocoa Cassava Jackfruit Vanilla Coffee,1,1,1,1,0,0,1,,<1 YEAR,50,0,,,,,,,,,,,,,,<1 Year,1000,0,,,,,,,,,,,,,,,,<1 year,450,0,,,,,,,,,,,,,,>4 Years,10,8,,,,,,,,,,,,,,,,,,,,,,,,,,,,,,,,,,,,,,,,,,,,,,>4 Years,4000,4000,Fresh,1,0,0,0,Pests and diseases Lack of access to market Low prices,1,0,1,1,0,0,0,0,,,Yes,,Yes,1,None of the above,0,0,0,0,1,Spraying with inorganic chemicals Use of integrated methods,1,0,1,<6 months ,Purchase and apply inorganic fertilizer Apply Manure ,1,0,1,1,1,Local nursery beds,0,0,1,0,0,0,0,,,,,,,Burning,1,0,0,0,0,,,Yes,<10,Yes,5,No,,,,,0.2769855 33.0205336 1195.0 4.5,0.2769855,33.0205336,1195,4.5,0.276851 33.0205102 1198.0 1.9;0.2769939 33.0202037 1195.0 2.1;0.2771281 33.0202301 1194.0 1.5;0.2771226 33.0201539 1194.0 1.5;0.2769946 33.0201152 1197.0 1.5;0.2770763 33.0197974 1191.0 1.5;0.2769092 33.0197185 1193.0 1.5;0.2765518 33.020311 1196.0 1.666;0.2768312 33.0205561 1200.0 2.0;0.276851 33.0205102 1198.0 1.9,,,5808ef26-3c79-4091-b260-9631a7f043b8,submitted_via_web,ladis00,uuid:5808ef26-3c79-4091-b260-9631a7f043b8
Sserunjogi Ladis,2025-10-13 16:44:00,0.2772935 33.0205345 1188.0 5.0,0.2772935,33.0205345,1188,5,Buikwe,Ngogwe,Wabusolo,EKUB1145,Wasswa vicent,Male,1941-03-20 00:00:00,85,Adult,Married,No,769286194,,,Junior,I am engaged in income generating activities and have an individual income,Self employment ,0,1,0,,,,,Male,Junior,9,4,Yes,Farming,100000,,3,No,No,No,Firewood,0,0,1,0,,,,,,,,,Coffee,1,0,0,0,0,0,0,0,150000,0,Coffee Cocoa Vanilla Cassava Avocado Jackfruit,1,1,1,1,0,1,1,,> 4 years,200,200,Fresh,1,0,0,0,"Pests and diseases, Lack of access to quality inputs, Price fluctuations, Lack of or access to knowledge and extension services",1,1,0,1,0,0,1,<1 Year,10,0,,,,,,,,,,,,,,,,<1 year,7,0,,,,,,,,,,,,,,,,,,,,,,,,,,,,,,,,,,,,,,,,,,,,,,>4 Years,4,4,,,,,,,,,,,,,,>4 Years,100,100,,,,,,Pests and diseases,1,0,0,0,0,0,0,0,,,No,,No,,None of the above,0,0,0,0,1,Spraying with inorganic chemicals Use of integrated methods,1,0,1,<6 months ,Apply Manure  Mulch Crop rotation and intercropping with legumes,1,0,1,1,0,"Local nursery beds, Fellow local farmers, Personal nursery",1,0,1,0,0,0,1,,,,,,,Burning,1,0,0,0,0,,,Yes,<10,Yes,10,No,,,,,0.277281 33.0205143 1197.0 5.0,0.277281,33.0205143,1197,5,0.2777173 33.0204553 1195.0 2.0;0.2779299 33.0201666 1191.0 1.75;0.2777232 33.0200956 1193.0 1.5;0.2775236 33.0203752 1197.0 2.0;0.2777125 33.0204385 1195.0 2.0;0.2777173 33.0204553 1195.0 2.0,,,a9ae836c-b51b-4b79-84f3-23061f78102c,submitted_via_web,ladis00,uuid:a9ae836c-b51b-4b79-84f3-23061f78102c
Sserunjogi Ladis,2025-10-13 12:35:00,0.272513 33.0244545 1198.0 4.75,0.272513,33.0244545,1198,4.75,Buikwe,Ngogwe,Wabusolo,EKUB1146,Kabanja David,Male,1957-07-10 00:00:00,69,Adult,Married,Yes,745644995,,,No formal education,I am engaged in income generating activities and have an individual income,Self employment ,0,1,0,,,,,Male,No formal education,12,10,Yes,Farming,150000,,3,Yes,No,No,Firewood,0,0,1,0,,,,,,,,,Coffee Maize,1,0,0,0,0,0,0,1,1000000,1000000,"Coffee, Cassava",1,0,0,0,0,0,1,,> 4 years,1300,300,"Hulled, Kiboko",0,1,1,0,"Pests and diseases, Lack of access to quality inputs, Price fluctuations, Lack of or access to knowledge and extension services Post harvest losses",1,1,0,1,1,0,1,,,,,,,,,,,,,,,,,,,,,,,,,,,,,,,,,,,,,,,,,,,,,,,,,,,,,,,,,,,,,,,,,,,,,,,,,,,,,,,,,,,>4 Years,100,100,,,,,,,,,,,,,,,,,Yes,,No,,None of the above,0,0,0,0,1,Use of integrated methods Spraying with inorganic chemicals,1,0,1,<6 months ,"Mulch, Apply Manure, Crop rotation and intercropping with legumes",0,0,1,1,1,Local nursery beds,0,0,1,0,0,0,0,Raised platforms,0,0,0,1,Bag and keep on raised pallet,Burning,1,0,0,0,0,,,No,,No,,No,,,,,0.2725908 33.0244895 1223.699951171875 4.5,0.2725908,33.0244895,1223.699951,4.5,0.2724366 33.0245168 1203.0 1.5;0.2726494 33.0250006 1194.0 1.916;0.2731433 33.0246256 1195.0 2.0;0.2728824 33.0242668 1193.0 2.0;0.2724445 33.0245106 1197.0 2.0;0.2724366 33.0245168 1203.0 1.5,,,3110c501-172e-4d30-962b-3c5dcc977f16,submitted_via_web,ladis00,uuid:3110c501-172e-4d30-962b-3c5dcc977f16
Sserunjogi Ladis,2025-10-13 13:33:00,0.2735558 33.0231354 1199.0 4.3,0.2735558,33.0231354,1199,4.3,Buikwe,Ngogwe,Wabusolo,EKUB1147,Kigozi william,Male,1981-12-26 00:00:00,44,Adult,Married,No,,,757885980,UCE,I am engaged in income generating activities and have an individual income,Self employment ,0,1,0,,,,,Male,UCE,8,4,Yes,Farming,100000,,3,No,No,No,Firewood,0,0,1,0,,,,,,,,,Coffee Maize,1,0,0,0,0,0,0,1,100000,0,"Coffee, Cassava",1,0,0,0,0,0,1,,> 4 years,250,230,Fresh,1,0,0,0,Pests and diseases Lack of access to quality inputs Lack of access to market Price fluctuations Post harvest losses Lack of or access to knowledge and extension services,1,1,1,1,1,0,1,,,,,,,,,,,,,,,,,,,,,,,,,,,,,,,,,,,,,,,,,,,,,,,,,,,,,,,,,,,,,,,,,,,,,,,,,,,,,,,,,,,>4 Years,50,50,,,,,,Pests and diseases,1,0,0,0,0,0,0,0,,,No,,No,,None of the above,0,0,0,0,1,Use of integrated methods,0,0,1,,"Mulch, Apply Manure, Crop rotation and intercropping with legumes",0,0,0,1,1,Fellow local farmers,1,0,0,0,0,0,0,Raised platforms,0,0,0,1,Keep on the floor,Burning,1,0,0,0,0,,,Yes,<10,Yes,5,No,,,,,0.2736465 33.0233967 1210.0 4.7,0.2736465,33.0233967,1210,4.7,0.2736522 33.0232987 1207.0 3.2;0.2739056 33.0232172 1205.0 1.6;0.2740456 33.02347 1206.0 1.8;0.2739884 33.0238185 1202.0 1.5;0.2738501 33.0238594 1199.0 1.6;0.2736736 33.0235376 1199.0 1.833;0.2735294 33.0235825 1197.0 1.5;0.273378 33.0233429 1199.0 1.5;0.2735154 33.023317 1199.0 1.5;0.2735854 33.0233757 1199.0 1.9;0.2736411 33.0233088 1199.0 1.75;0.2736522 33.0232987 1207.0 3.2,,,954f84ce-a61c-493c-b3ca-8426f393f32b,submitted_via_web,ladis00,uuid:954f84ce-a61c-493c-b3ca-8426f393f32b
Sserunjogi Ladis,2025-10-13 14:20:00,0.2732966 33.0228426 1213.0 4.9,0.2732966,33.0228426,1213,4.9,Buikwe,Ngogwe,Wabusolo,EKUB1148,Ssegawa Ben,Male,1999-12-12 00:00:00,26,Youth,Married,No,757885980,,,No formal education,I am engaged in income generating activities and have an individual income,Self employment ,0,1,0,,,,,Male,No formal education,9,7,No,Farming,100000,,3,Yes,Yes,No,Firewood,0,0,1,0,,,,,,,,,Coffee Maize,1,0,0,0,0,0,0,1,100000,100000,Coffee,1,0,0,0,0,0,0,,> 4 years,50,40,Fresh,1,0,0,0,Pests and diseases Lack of access to quality inputs Price fluctuations Lack of access to market Post harvest losses Lack of or access to knowledge and extension services,1,1,1,1,1,0,1,,,,,,,,,,,,,,,,,,,,,,,,,,,,,,,,,,,,,,,,,,,,,,,,,,,,,,,,,,,,,,,,,,,,,,,,,,,,,,,,,,,,,,,,,,,,,,,,,,,,,,No,,No,,None of the above,0,0,0,0,1,Use of integrated methods,0,0,1,,Mulch Crop rotation and intercropping with legumes Apply Manure ,0,0,1,1,1,Fellow local farmers,1,0,0,0,0,0,0,,,,,,Keep on the floor,Burning,1,0,0,0,0,,,No,,No,,No,,,,,0.2733328 33.0228245 1206.0 4.5,0.2733328,33.0228245,1206,4.5,0.2733682 33.0229903 1205.0 1.5;0.2734914 33.0228802 1203.0 1.5;0.2731924 33.0224741 1197.0 1.5;0.2730709 33.02262 1197.0 2.0;0.2731398 33.0226976 1197.0 2.1;0.273192 33.0226728 1199.0 1.8;0.2733177 33.0229603 1197.0 2.0;0.2733682 33.0229903 1205.0 1.5,,,9722cb77-fc2c-43f2-877b-c3e63b1d2267,submitted_via_web,ladis00,uuid:9722cb77-fc2c-43f2-877b-c3e63b1d2267
Ngabirano Deus,2025-10-13 09:40:00,0.3000057 32.953827 1249.5 3.76,0.3000057,32.953827,1249.5,3.76,Buikwe,Buikwe,Kyanja,EKUB1149,Musoke Ibulaim,Male,1958-06-10 00:00:00,68,Adult,Widowed,No,,,755400069,No formal education,I am engaged in income generating activities and have an individual income,Self employment ,0,1,0,,,,,Male,No formal education,4,3,Yes,Farming,100000,,2,No,No,No,Firewood,0,0,1,,,,,,,,,,Coffee,1,0,0,0,0,0,0,0,500000,300000,Coffee Vanilla,1,0,1,0,0,0,0,,> 4 years,200,200,"Fresh, Kiboko",1,1,0,0,Pests and diseases Price fluctuations Post harvest losses,1,0,0,1,1,0,0,,,,,,,,,,,,,,,,,,,>4 years,50,45,Fresh,1,0,0,Lack of access to market,0,0,1,0,0,0,0,,,,,,,,,,,,,,,,,,,,,,,,,,,,,,,,,,,,,,,,,,,,,,,,,,,,,,,,,,,,,,,,,,,,,Yes,,No,,None of the above,0,0,0,0,1,Using organic ,0,1,0,,Apply Manure  Mulch Crop rotation and intercropping with legumes,0,0,1,1,0,Fellow local farmers,1,0,0,0,0,0,0,Tarpaulin,1,0,0,0,Bag and keep on the floor in a store,Dump in a pit Dump at a heap around the farm,0,1,0,1,0,,,No,,No,,No,,,,,0.2996862 32.9538177 1103.3 4.7,0.2996862,32.9538177,1103.3,4.7,0.2999933 32.9538183 1227.8 1.6;0.2999362 32.9536475 1234.1 1.48;0.3000001 32.9537724 1225.8 2.12;0.2995952 32.9537285 1233.6 1.683;0.2999093 32.954021 1237.8 3.72;0.2999032 32.9538559 1236.4 1.65;0.3000083 32.9537783 1238.0 1.883;0.2999933 32.9538183 1227.8 1.6,,,a9bd0a97-7380-401c-8077-ef9e1b7917bc,submitted_via_web,deus_1,uuid:a9bd0a97-7380-401c-8077-ef9e1b7917bc
Ngabirano Deus,2025-10-13 11:10:00,0.299198 32.9535157 1205.3 4.4,0.299198,32.9535157,1205.3,4.4,Buikwe,Buikwe,Kyanja,EKUB1150,Nyanzi Christopher,Male,1999-03-18 00:00:00,27,Youth,Married,Yes,751202858,,,UACE,I am engaged in income generating activities and have an individual income,Self employment ,0,1,0,,,,,Male,UACE,3,1,No,Business,300000,,3,No,No,No,Charcoal,0,1,0,100000,,,,,,,,,Coffee,1,0,0,0,0,0,0,0,4500000,250000,Coffee,1,0,0,0,0,0,0,,> 4 years,100,100,Kiboko,0,1,0,0,Pests and diseases Lack of access to market Price fluctuations,1,0,1,1,0,0,0,,,,,,,,,,,,,,,,,,,,,,,,,,,,,,,,,,,,,,,,,,,,,,,,,,,,,,,,,,,,,,,,,,,,,,,,,,,,,,,,,,,,,,,,,,,,,,,,,,,,,,Yes,,No,,None of the above,0,0,0,0,1,Using organic ,0,1,0,,Apply Manure ,0,0,1,1,0,Fellow local farmers,1,0,0,0,0,0,0,Tarpaulin,1,0,0,0,Bag and keep on raised pallet,Dump at a heap around the farm,0,0,0,1,0,,,No,,No,,No,,,,,0.2993041 32.9535026 1172.6 4.6,0.2993041,32.9535026,1172.6,4.6,0.2993137 32.9535331 1173.9 2.533;0.2993367 32.953485 1174.6 3.8;0.2992325 32.9532531 1176.5 2.166;0.2991475 32.9534422 1178.7 4.025;0.2992192 32.9534465 1180.6 3.066;0.2992556 32.9535597 1180.8 1.98;0.2993137 32.9535331 1173.9 2.533,,,0fe34fbb-6b10-4ad0-87aa-9c9f743f91b2,submitted_via_web,deus_1,uuid:0fe34fbb-6b10-4ad0-87aa-9c9f743f91b2
Ngabirano Deus,2025-10-13 11:30:00,0.3010184 32.957733 1253.7 4.72,0.3010184,32.957733,1253.7,4.72,Buikwe,Buikwe,Kyanja,EKUB1151,Wegulo Khawukha,Male,1976-04-22 00:00:00,50,Adult,Single,No,703705054,,,No formal education,I am engaged in income generating activities and have an individual income,Self employment ,0,1,0,,,,,Male,No formal education,5,4,Yes,Farming,250000,,3,No,No,No,Firewood,0,0,1,,,,,,,,,,Coffee,1,0,0,0,0,0,0,0,500000,450000,Coffee,1,0,0,0,0,0,0,,> 4 years,400,350,Fresh,1,0,0,0,"Pests and diseases, Price fluctuations, Lack of access to market",1,0,1,1,0,0,0,,,,,,,,,,,,,,,,,,,,,,,,,,,,,,,,,,,,,,,,,,,,,,,,,,,,,,,,,,,,,,,,,,,,,,,,,,,,,,,,,,,,,,,,,,,,,,,,,,,,,,Yes,,No,,None of the above,0,0,0,0,1,Using organic ,0,1,0,,Purchase and apply inorganic fertilizer Apply Manure  Mulch,0,0,1,1,0,"Fellow local farmers, Local nursery beds",1,0,1,0,0,0,0,Tarpaulin,1,0,0,0,Keep on the floor,Dump at a heap around the farm,0,0,0,1,0,,,Yes,<10,Yes,20,No,,,,,0.3011751 32.9577258 1269.6 4.46,0.3011751,32.9577258,1269.6,4.46,0.3011741 32.957685 1270.5 1.8;0.3012467 32.95771 1270.5 4.3;0.3012313 32.9577126 1270.5 1.86;0.3014553 32.9576313 1270.5 1.84;0.3013473 32.9574578 1270.8 1.88;0.3011924 32.9573062 1270.9 1.8;0.3010736 32.9572944 1270.8 1.783;0.3007606 32.9576514 1270.8 1.9;0.3011741 32.957685 1270.5 1.8,,,6f72418c-941d-4a74-8197-39c730548b72,submitted_via_web,deus_1,uuid:6f72418c-941d-4a74-8197-39c730548b72
Ngabirano Deus,2025-10-13 12:33:00,0.2667355 33.0277713 1216.9 4.521,0.2667355,33.0277713,1216.9,4.521,Buikwe,Ngogwe,Wabusolo,EKUB1152,Lugisira John,Male,1962-05-05 00:00:00,64,Adult,Married,No,759559963,,,PLE,I am engaged in income generating activities and have an individual income,Self employment ,0,1,0,,,,,Male,PLE,5,3,Yes,Farming,200000,,2,No,Yes,No,Firewood,0,0,1,0,,,,,,,,,Coffee Jackfruit Cassava,1,0,0,1,1,0,0,0,450000,200000,Coffee Jackfruit,1,0,0,1,0,0,0,,> 4 years,150,120,"Fresh, Hulled, Kiboko",1,1,1,0,Pests and diseases Lack of access to market Price fluctuations,1,0,1,1,0,0,0,,,,,,,,,,,,,,,,,,,,,,,,,,,,,,,,,,,>4 Years,20,20,Raw,1,0,0,Price fluctuations Lack of access to market,0,0,1,1,0,0,0,,,,,,,,,,,,,,,,,,,,,,,,,,,,,,,,,,,,,,,,,,,,,,,,,,,,,Yes,,No,,None of the above,0,0,0,0,1,Spraying with inorganic chemicals,1,0,0,<6 months ,Purchase and apply inorganic fertilizer Apply Manure ,0,0,1,1,0,Fellow local farmers,1,0,0,0,0,0,0,Tarpaulin,1,0,0,0,Bag and keep on raised pallet,Dump at a heap around the farm Dump in a pit,0,1,0,1,0,,,No,,Yes,30,No,,,,,0.277829 33.0238283 1219.1 5.0,0.277829,33.0238283,1219.1,5,0.2777715 33.023663 1217.8 1.7;0.2777544 33.0236459 1218.0 1.5;0.2778481 33.0235924 1217.4 1.55;0.2784583 33.0231874 1218.2 2.1;0.2784912 33.0233006 1218.8 1.6;0.2777715 33.023663 1217.8 1.7,,,49f65c06-c5b8-45e5-bcb3-147965484384,submitted_via_web,deus_1,uuid:49f65c06-c5b8-45e5-bcb3-147965484384
Ngabirano Deus,2025-10-13 12:51:00,0.2667194 33.0278766 1215.5 4.9,0.2667194,33.0278766,1215.5,4.9,Buikwe,Ngogwe,Wabusolo,EKUB1153,Kugobera Joel,Male,1998-02-01 00:00:00,28,Youth,Single,Yes,756092241,,,UCE,I am engaged in income generating activities and have an individual income,Self employment ,0,1,0,,,,,Male,UCE,0,0,,Farming,120000,,3,No,No,No,"Charcoal, Firewood",0,1,1,50000,,,,,,,,,Coffee,1,0,0,0,0,0,0,0,250000,300000,Coffee,1,0,0,0,0,0,0,,> 4 years,100,100,Fresh,1,0,0,0,"Pests and diseases, Price fluctuations, Lack of access to market",1,0,1,1,0,0,0,,,,,,,,,,,,,,,,,,,,,,,,,,,,,,,,,,,,,,,,,,,,,,,,,,,,,,,,,,,,,,,,,,,,,,,,,,,,,,,,,,,,,,,,,,,,,,,,,,,,,,No,,No,,None of the above,0,0,0,0,1,Spraying with inorganic chemicals,1,0,0,<6 months ,Purchase and apply inorganic fertilizer Apply Manure ,1,0,0,0,0,Fellow local farmers,1,0,0,0,0,0,0,,,,,,Keep on the floor,Dump in a pit Dump at a heap around the farm,0,1,0,1,0,,,Yes,<10,Yes,5,No,,,,,0.2664834 33.0270616 1273.4 4.866,0.2664834,33.0270616,1273.4,4.866,0.266503 33.027083 1274.1 1.5;0.2664818 33.0271098 1273.0 4.395;0.2664874 33.0270486 1273.0 82.933;0.266523 33.0269525 1271.9 59.25;0.266665 33.0268874 1271.3 2.35;0.266503 33.027083 1274.1 1.5,,,231d5fce-6a0e-48c4-9a3b-1e8d7e48acda,submitted_via_web,deus_1,uuid:231d5fce-6a0e-48c4-9a3b-1e8d7e48acda
Ngabirano Deus,2025-10-13 13:08:00,0.2666898 33.0278232 1269.6 3.45,0.2666898,33.0278232,1269.6,3.45,Buikwe,Ngogwe,Wabusolo,EKUB1154,Nalukwago Ruth,Female,1972-01-01 00:00:00,54,Adult,Married,No,708936055,,,UCE,I am engaged in income generating activities and have an individual income,Self employment ,0,1,0,,,,,Male,PLE,5,3,Yes,Farming,250000,,2,No,No,No,Firewood,0,0,1,0,,,,,,,,,Coffee,1,0,0,0,0,0,0,0,500000,300000,Coffee Jackfruit,1,0,0,1,0,0,0,,> 4 years,150,130,Fresh,1,0,0,0,"Pests and diseases, Price fluctuations, Lack of access to market",1,0,1,1,0,0,0,,,,,,,,,,,,,,,,,,,,,,,,,,,,,,,,,,,>4 Years,10,10,Ripe,0,1,0,Lack of access to market,0,0,1,0,0,0,0,,,,,,,,,,,,,,,,,,,,,,,,,,,,,,,,,,,,,,,,,,,,,,,,,,,,,No,,No,,None of the above,0,0,0,0,1,Spraying with inorganic chemicals,1,0,0,<6 months ,Purchase and apply inorganic fertilizer Apply Manure ,0,0,1,1,0,Local nursery beds Fellow local farmers,1,0,1,0,0,0,0,,,,,,Bag and keep on the floor in a store,Dump in a pit Dump at a heap around the farm,0,1,0,1,0,,,No,,Yes,5,No,,,,,0.2775029 33.0231071 1216.4 4.159,0.2775029,33.0231071,1216.4,4.159,0.2774918 33.0231673 1217.2 1.6;0.2775029 33.0231071 1216.4 4.159;0.2775292 33.0230918 1216.7 1.45;0.2779345 33.0226613 1216.9 2.1;0.2783859 33.0231343 1219.5 1.8;0.2774918 33.0231673 1217.2 1.6,,,8e2ce021-f592-4095-bf55-8429b44ef220,submitted_via_web,deus_1,uuid:8e2ce021-f592-4095-bf55-8429b44ef220
Musisi paul Namugera,2025-10-13 16:12:00,0.2721726 33.0240966 1196.7 4.2,0.2721726,33.0240966,1196.7,4.2,Buikwe,Ngogwe,Wabusolo,EKUB1155,Zziwa Sam,Male,2001-06-13 00:00:00,25,Youth,Married,Yes,751178655,764479839,,PLE,I am engaged in income generating activities and have an individual income,Self employment ,0,1,0,,,,,Male,PLE,3,1,Yes,Farming,50000,,2,Yes,No,No,Firewood,0,0,1,0,,,,,,,,,Vanilla Jackfruit Beans Maize,0,0,1,1,0,0,1,1,300000,200000,Vanilla Jackfruit Cassava,0,0,1,1,0,0,1,,,,,,,,,,,,,,,,,,,,,,,,,,,,,,,,,,,,>4 years,600,300,Fresh,1,0,0,"Lack of access to market Price fluctuations, Lack of access to knowledge and extension services",0,0,1,1,0,0,1,,>4 Years,1,1,Ripe,0,1,0,"Lack of access to market, Post harvest losses, Lack of access to knowledge and extension services",0,0,1,0,1,0,1,,,,,,,,,,,,,,,,,,,,,,,,,,,,,,,,,,>4 Years,1000,50,Fresh,1,0,0,0,Pests and diseases Low prices Price fluctuations,1,0,0,1,1,0,0,0,,,Yes,,No,,None of the above,0,0,0,0,1,Using organic ,0,1,0,,Mulch Apply Manure ,0,0,0,1,1,"Fellow local farmers, Personal nursery Local agro-inputs shops",1,1,0,0,0,0,1,Tarpaulin,1,0,0,0,Bag and keep on raised pallet,Burning,1,0,0,0,0,,,No,,Yes,6,No,,,,,0.2716477 33.0237307 1194.0 4.0,0.2716477,33.0237307,1194,4,0.2716321 33.0237442 1199.0 3.9; 0.27159 33.0237984 1201.4 2.2; 0.2713649 33.0235242 1198.8000000000002 1.566; 0.2715165 33.02347 1196.9 1.433; 0.2719783 33.0238267 1198.9 13.3; 0.2716321 33.0237442 1199.0 3.9,,,5400a649-d848-4b25-a243-6ca846a9b367,submitted_via_web,katwesiime_1,uuid:5400a649-d848-4b25-a243-6ca846a9b367
Musisi paul Namugera,2025-10-13 14:07:00,0.2663605 33.027393 1258.3 4.65,0.2663605,33.027393,1258.3,4.65,Buikwe,Ngogwe,Wabusolo,EKUB1156,Nagambe Winnie,Female,1986-11-28 00:00:00,39,Adult,Married,Yes,703733417,,,UCE,I am engaged in income generating activities and have an individual income,Self employment ,0,1,0,,,,,Male,UCE,10,8,Yes,Farming,100000,,3,Yes,No,No,Firewood,0,0,1,0,,,,,,,,,Coffee Jackfruit Cassava Beans Maize,1,0,0,1,1,0,1,1,350000,350000,Coffee Jackfruit Cassava,1,0,0,1,0,0,1,,> 4 years,400,200,"Kiboko, Hulled",0,1,1,0,Pests and diseases Lack of access to quality inputs Price fluctuations,1,1,0,1,0,0,0,,,,,,,,,,,,,,,,,,,,,,,,,,,,,,,,,,,>4 Years,3,2,Ripe,0,1,0,Post harvest losses Lack of access to market Price fluctuations,0,0,1,1,1,0,0,,,,,,,,,,,,,,,,,,,,,,,,,,,,,,,,,,>4 Years,200,120,Fresh,1,0,0,0,Pests and diseases Lack of access to market Low prices,1,0,1,1,0,0,0,0,,,Yes,,No,,None of the above,0,0,0,0,1,Use of integrated methods,0,0,1,,Purchase and apply inorganic fertilizer,0,0,1,1,1,Personal nursery Local agro-inputs shops,0,1,0,0,0,0,1,Tarpaulin,1,0,0,0,Bag and keep on raised pallet,Burning,1,0,0,0,0,,,No,,Yes,5,No,,,,,0.272662 33.0237422 1184.7 4.05,0.272662,33.0237422,1184.7,4.05,0.2726368 33.0237561 1190.5 2.0; 0.27236 33.0235883 1203.9 4.6; 0.2722017 33.0233875 1204.5 1.66; 0.2721155 33.0233006 1204.0 1.7; 0.2722606 33.0232385 1202.0 1.666; 0.2726375 33.0236241 1207.9 2.433; 0.2726368 33.0237561 1190.5 2.0,,,1fa1d588-d9ee-4b74-8b88-066ddb4817c6,submitted_via_web,katwesiime_1,uuid:1fa1d588-d9ee-4b74-8b88-066ddb4817c6
Musisi paul Namugera,2025-10-13 13:48:00,0.2662233 33.0274606 1253.8999999999999 3.7,0.2662233,33.0274606,1253.9,3.7,Buikwe,Ngogwe,Wabusolo,EKUB1157,Nanyondo Topista,Female,1996-08-22 00:00:00,29,Youth,Married,Yes,764132965,,,UCE,I am engaged in income generating activities and have an individual income,Self employment ,0,1,0,,,,,Male,PLE,7,4,Yes,Farming,200000,,3,Yes,No,No,Firewood,0,0,1,0,,,,,,,,,Vanilla,0,0,1,0,0,0,0,0,3000000,2500000,Vanilla Cassava Avocado Jackfruit,0,0,1,1,0,1,1,,,,,,,,,,,,,,,,,,,,,,,,,,,,,,,,,,,,>4 years,600,600,Fresh,1,0,0,Price fluctuations Lack of access to market Lack of access to knowledge and extension services,0,0,1,1,0,0,1,,>4 Years,6,4,Ripe,0,1,0,Post harvest losses Lack of access to market Price fluctuations,0,0,1,1,1,0,0,,,,,,,,,,,,,,,,,,>4 Years,10,10,Raw,1,0,0,Post harvest losses Price fluctuations Lack of access to market,0,0,1,1,1,0,0,,>4 Years,500,120,Fresh,1,0,0,0,Low prices Price fluctuations Lack of access to market Pests and diseases,1,0,1,1,1,0,0,0,,,Yes,,Yes,1,None of the above,0,0,0,0,1,Use of integrated methods Using organic ,0,1,1,,Purchase and apply inorganic fertilizer Apply Manure ,0,0,1,0,1,"Personal nursery Local agro-inputs shops, Fellow local farmers",1,1,0,0,0,0,1,Tarpaulin,1,0,0,0,Bag and keep on the floor in a store,Burning,1,0,0,0,0,,,No,,Yes,10,No,,,,,0.2692213 33.025652 1212.3000000000002 4.275,0.2692213,33.025652,1212.3,4.275,0.2694123 33.0257575 1213.5 1.9; 0.2694716 33.0259278 1217.8000000000002 2.0; 0.2693284 33.025992 1220.2 1.933; 0.2692357 33.0256517 1212.9 4.0; 0.2694123 33.0257575 1213.5 1.9,,,e10843d3-bb8b-4856-9b48-9d593dfc5068,submitted_via_web,katwesiime_1,uuid:e10843d3-bb8b-4856-9b48-9d593dfc5068
Musisi paul Namugera,2025-10-13 12:48:00,0.2667005 33.0279944 1261.2 4.78,0.2667005,33.0279944,1261.2,4.78,Buikwe,Ngogwe,Wabusolo,EKUB1158,Matovu Deoglacious,Male,1974-06-10 00:00:00,52,Adult,Married,No,782098420,755629742,,UCE,I am engaged in income generating activities and have an individual income,Self employment ,0,1,0,,,,,Male,UCE,10,8,Yes,Farming,50000,,3,Yes,No,No,Firewood,0,0,1,0,,,,,,,,,"Coffee, Jackfruit, Cassava, Avocado, Beans, Maize",1,0,0,1,1,1,1,1,350000,300000,"Coffee, Jackfruit, Avocado, Cassava",1,0,0,1,0,1,1,,> 4 years,120,120,"Kiboko, Fresh",1,1,0,0,Pests and diseases Lack of access to market Price fluctuations Lack of or access to knowledge and extension services,1,0,1,1,0,0,1,,,,,,,,,,,,,,,,,,,,,,,,,,,,,,,,,,,>4 Years,2,1,Ripe,0,1,0,Post harvest losses Price fluctuations Lack of access to market,0,0,1,1,1,0,0,,,,,,,,,,,,,,,,,,>4 Years,3,0,Raw,1,0,0,"Price fluctuations, Post harvest losses, Lack of access to market",0,0,1,1,1,0,0,,>4 Years,100,100,Fresh,1,0,0,0,Pests and diseases Lack of access to market Low prices Price fluctuations,1,0,1,1,1,0,0,0,,,Yes,,No,,None of the above,0,0,0,0,1,Use of integrated methods,0,0,1,,"Mulch, Apply Manure, Crop rotation and intercropping with legumes",0,0,1,0,1,"Personal nursery Fellow local farmers, Local agro-inputs shops",1,1,0,0,0,0,1,Tarpaulin,1,0,0,0,Bag and keep on raised pallet,Burning,1,0,0,0,0,,,No,,Yes,12,No,,,,,0.2667454 33.0280668 1253.3 4.12,0.2667454,33.0280668,1253.3,4.12,0.2667714 33.0280493 1253.2 1.9; 0.2667804 33.0280789 1253.1 1.966; 0.2669636 33.0279528 1254.3 1.75; 0.2669125 33.0278171 1251.5 1.8; 0.2667869 33.0279028 1253.5 1.983; 0.2668501 33.0279798 1252.8 1.916; 0.2667945 33.028059 1252.7 1.983; 0.2667714 33.0280493 1253.2 1.9,,,8b3ef5e9-7379-4a11-8fff-cfd9e52cb8bc,submitted_via_web,katwesiime_1,uuid:8b3ef5e9-7379-4a11-8fff-cfd9e52cb8bc
Musisi paul Namugera,2025-10-13 14:20:00,0.2679983 33.023305 1204.5 4.7,0.2679983,33.023305,1204.5,4.7,Buikwe,Ngogwe,Wabusolo,EKUB1159,Jumba David,Male,1995-06-15 00:00:00,31,Youth,Married,No,705942262,,,No formal education,I am engaged in income generating activities and have an individual income,Self employment ,0,1,0,,,,,Male,No formal education,6,4,Yes,Farming,50000,,2,Yes,No,No,Firewood,0,0,1,0,,,,,,,,,"Coffee, Vanilla Jackfruit Cassava Beans Maize Avocado",1,0,1,1,1,1,1,1,500000,500000,Coffee Cocoa Vanilla Jackfruit Avocado Cassava,1,1,1,1,0,1,1,,> 4 years,1500,500,"Kiboko, Fresh Hulled",1,1,1,0,"Pests and diseases, Lack of access to quality inputs, Price fluctuations, Lack of or access to knowledge and extension services",1,1,0,1,0,0,1,<1 Year,50,0,Dry fermented,0,0,1,0,0,"Price fluctuations, Lack of or access to knowledge and extension services, Lack of access to quality puts",0,1,0,1,0,0,1,,>4 years,200,200,Fresh,1,0,0,Price fluctuations Lack of access to market Lack of access to knowledge and extension services,0,0,1,1,0,0,1,,>4 Years,4,4,Ripe,0,1,0,Post harvest losses Price fluctuations Lack of access to market,0,0,1,1,1,0,0,,,,,,,,,,,,,,,,,,>4 Years,3,3,Raw,1,0,0,Post harvest losses Price fluctuations Lack of access to market,0,0,1,1,1,0,0,,>4 Years,120,80,Fresh,1,0,0,0,Low prices Price fluctuations Lack of access to market Pests and diseases,1,0,1,1,1,0,0,0,,,Yes,,No,,None of the above,0,0,0,0,1,Use of integrated methods,0,0,1,,"Mulch, Apply Manure, Crop rotation and intercropping with legumes",0,0,1,0,1,"Fellow local farmers, Local agro-inputs shops, Personal nursery",1,1,0,0,0,0,1,Tarpaulin,1,0,0,0,Bag and keep on raised pallet,Burning,1,0,0,0,0,,,No,,Yes,5,No,,,,,0.2683007 33.0235296 1202.7 4.0,0.2683007,33.0235296,1202.7,4,0.268937 33.0234028 1199.3000000000002 1.7; 0.2685479 33.023859 1200.7 1.6; 0.2682697 33.0237359 1205.5 1.816; 0.268937 33.0234028 1199.3000000000002 1.7,,,28a22a8e-164b-4596-bbaa-11a2215ca1b4,submitted_via_web,katwesiime_1,uuid:28a22a8e-164b-4596-bbaa-11a2215ca1b4
Musisi paul Namugera,2025-10-13 15:25:00,0.2695699 33.0254153 1206.3000000000002 4.775,0.2695699,33.0254153,1206.3,4.775,Buikwe,Ngogwe,Wabusolo,EKUB1160,Kangu Fred,Male,1970-02-11 00:00:00,56,Adult,Married,No,753236889,,,PLE,I am engaged in income generating activities and have an individual income,Self employment ,0,1,0,,,,,Male,PLE,6,4,Yes,Farming,100000,,2,Yes,No,No,Firewood,0,0,1,0,,,,,,,,,"Coffee, Jackfruit, Cassava, Avocado, Beans, Maize",1,0,0,1,1,1,1,1,450000,500000,"Coffee, Jackfruit, Avocado, Cassava",1,0,0,1,0,1,1,,> 4 years,500,500,"Fresh, Kiboko",1,1,0,0,Pests and diseases Lack of access to quality inputs Price fluctuations,1,1,0,1,0,0,0,,,,,,,,,,,,,,,,,,,,,,,,,,,,,,,,,,,>4 Years,5,3,Ripe,0,1,0,Post harvest losses Lack of access to market Price fluctuations,0,0,1,1,1,0,0,,,,,,,,,,,,,,,,,,>4 Years,10,7,Raw,1,0,0,Post harvest losses Price fluctuations Lack of access to market,0,0,1,1,1,0,0,,>4 Years,120,70,Fresh,1,0,0,0,Pests and diseases Lack of access to market Low prices Price fluctuations,1,0,1,1,1,0,0,0,,,Yes,,No,,None of the above,0,0,0,0,1,Use of integrated methods,0,0,1,,"Mulch, Apply Manure, Crop rotation and intercropping with legumes",0,0,0,0,1,"Personal nursery Local agro-inputs shops, Fellow local farmers",1,1,0,0,0,0,1,Tarpaulin,1,0,0,0,Bag and keep on raised pallet,Burning,1,0,0,0,0,,,No,,Yes,6,No,,,,,0.26945 33.0253183 1214.5 4.1,0.26945,33.0253183,1214.5,4.1,0.2695033 33.0254296 1214.8000000000002 1.75; 0.2693458 33.0256215 1216.2 1.85; 0.2690443 33.0255922 1214.9 1.733; 0.2690445 33.0254024 1214.7 1.85; 0.2695033 33.0254296 1214.8000000000002 1.75,,,8e3f65f1-b3b6-4182-b289-b219678e6366,submitted_via_web,katwesiime_1,uuid:8e3f65f1-b3b6-4182-b289-b219678e6366
Musisi paul Namugera,2025-10-13 14:05:00,0.2663557 33.0274176 1256.8999999999999 3.7,0.2663557,33.0274176,1256.9,3.7,Buikwe,Ngogwe,Wabusolo,EKUB1161,Kaya Steven,Male,1975-09-04 00:00:00,50,Adult,Married,No,754825582,,,UCE,I am engaged in income generating activities and have an individual income,Self employment ,0,1,0,,,,,Male,UCE,10,8,Yes,Farming,100000,,3,Yes,No,No,Firewood,0,0,1,0,,,,,,,,,"Coffee, Jackfruit, Cassava, Avocado, Beans, Maize",1,0,0,1,1,1,1,1,800000,800000,Coffee Jackfruit Cassava Avocado,1,0,0,1,0,1,1,,> 4 years,200,200,Hulled,0,0,1,0,"Pests and diseases, Lack of access to quality inputs, Price fluctuations, Lack of or access to knowledge and extension services",1,1,0,1,0,0,1,,,,,,,,,,,,,,,,,,,,,,,,,,,,,,,,,,,>4 Years,1,1,Ripe,0,1,0,"Price fluctuations, Lack of access to market, Post harvest losses",0,0,1,1,1,0,0,,,,,,,,,,,,,,,,,,>4 Years,2,1,Raw,1,0,0,Post harvest losses Price fluctuations Lack of access to market,0,0,1,1,1,0,0,,>4 Years,120,40,Fresh,1,0,0,0,Price fluctuations Low prices Lack of access to market Pests and diseases,1,0,1,1,1,0,0,0,,,No,,No,,None of the above,0,0,0,0,1,Use of integrated methods,0,0,1,,Apply Manure  Mulch Crop rotation and intercropping with legumes,0,0,1,0,1,"Fellow local farmers, Personal nursery Local agro-inputs shops Local nursery beds",1,1,1,0,0,0,1,Tarpaulin,1,0,0,0,Bag and keep on raised pallet,Burning,1,0,0,0,0,,,No,,Yes,4,No,,,,,0.2690665 33.025192 1211.5 3.933,0.2690665,33.025192,1211.5,3.933,0.2690417 33.02521 1212.4 1.516; 0.2690911 33.0247808 1211.0 1.7; 0.2691482 33.0247806 1210.9 1.666; 0.2694858 33.0250865 1213.9 1.7; 0.2694526 33.0252951 1215.6000000000001 1.8; 0.2690417 33.02521 1212.4 1.516,,,173d1390-efd8-4a71-959c-d78cd0720151,submitted_via_web,katwesiime_1,uuid:173d1390-efd8-4a71-959c-d78cd0720151
Musisi paul Namugera,2025-10-13 13:23:00,0.2665346 33.02731 1251.5 4.862,0.2665346,33.02731,1251.5,4.862,Buikwe,Ngogwe,Wabassolo,EKUB1162,Kyamulabi Damry,Female,1980-05-07 00:00:00,46,Adult,Married,No,,,753236889,PLE,I am engaged in income generating activities and have an individual income,Self employment ,0,1,0,,,,,Male,PLE,6,4,Yes,Farming,100000,,2,Yes,No,No,Firewood,0,0,1,0,,,,,,,,,"Coffee, Cassava, Avocado Beans Maize Jackfruit",1,0,0,1,1,1,1,1,350000,350000,"Coffee, Jackfruit, Avocado, Cassava",1,0,0,1,0,1,1,,> 4 years,500,500,"Fresh, Kiboko",1,1,0,0,Pests and diseases Lack of access to market Price fluctuations Lack of access to quality inputs,1,1,1,1,0,0,0,,,,,,,,,,,,,,,,,,,,,,,,,,,,,,,,,,,>4 Years,5,3,Ripe,0,1,0,Lack of access to market Price fluctuations Post harvest losses,0,0,1,1,1,0,0,,,,,,,,,,,,,,,,,,>4 Years,5,2,Raw,1,0,0,Post harvest losses Price fluctuations Lack of access to market,0,0,1,1,1,0,0,,>4 Years,120,70,Fresh,1,0,0,0,Low prices Price fluctuations Lack of access to market,0,0,1,1,1,0,0,0,,,Yes,,No,,None of the above,0,0,0,0,1,Use of integrated methods,0,0,1,,Mulch Crop rotation and intercropping with legumes,0,0,0,0,1,"Fellow local farmers, Personal nursery Local agro-inputs shops Local nursery beds",1,1,1,0,0,0,1,Tarpaulin,1,0,0,0,Bag and keep on raised pallet,Burning,1,0,0,0,0,,,No,,Yes,10,No,,,,,0.2664109 33.0272152 1262.4 4.375,0.2664109,33.0272152,1262.4,4.375,0.2664884 33.0271458 1249.9 1.883; 0.2666638 33.0269982 1249.7 2.0; 0.2668288763342727 33.02725598216057 0.0 0.0; 0.2664884 33.0271458 1249.9 1.883,,,3e59a936-9507-478a-8838-c4272bfb17ae,submitted_via_web,katwesiime_1,uuid:3e59a936-9507-478a-8838-c4272bfb17ae
Were Kenneth Elly,2025-10-14 13:02:00,0.270332 33.0264438 1214.9 4.66,0.270332,33.0264438,1214.9,4.66,Buikwe,Ngogwe,Wabusolo,EKUB1163,Mbowa Edith,Female,1983-05-30 00:00:00,43,Adult,Married,No,704939168,,,UCE,I am engaged in income generating activities and have an individual income,Self employment ,0,1,0,,,,,Male,UCE,20,18,Yes,Farming,150000,,3,No,No,No,Firewood,0,0,1,0,,,,,,,,,Coffee Cassava,1,0,0,0,1,0,0,0,1000000,1000000,"Coffee, Cassava, Avocado, Jackfruit",1,0,0,1,0,1,1,,> 4 years,160,160,Kiboko,0,1,0,0,Pests and diseases Price fluctuations Lack of or access to knowledge and extension services,1,0,0,1,0,0,1,,,,,,,,,,,,,,,,,,,,,,,,,,,,,,,,,,,>4 Years,5,5,Ripe Raw,1,1,0,Pests and diseases Lack of access to knowledge and extension services,1,0,0,0,0,0,1,,,,,,,,,,,,,,,,,,>4 Years,5,3,Raw,1,0,0,Lack of access to quality puts Lack of access to market Lack of access to knowledge and extension services,0,1,1,0,0,0,1,,>4 Years,200,200,Fresh,1,0,0,0,Pests and diseases Low prices Price fluctuations Lack of access to knowledge and extension services,1,0,0,1,1,0,0,1,,,Yes,,No,,None of the above,0,0,0,0,1,Spraying with inorganic chemicals,1,0,0,<6 months ,"Mulch, Apply Manure, Crop rotation and intercropping with legumes",0,1,1,1,0,"Fellow local farmers, Personal nursery Local nursery beds",1,0,1,0,0,0,1,Tarpaulin,1,0,0,0,Bag and keep on raised pallet,Burning,1,0,0,0,0,,,Yes,10-50,Yes,30,No,,,,,0.2702933 33.0264783 1198.6000000000001 2.9,0.2702933,33.0264783,1198.6,2.9,0.2706251 33.0262042 1198.9 1.5;0.2703016283051074 33.026015125215054 0.0 0.0;0.27050312701335216 33.025682866573334 0.0 0.0;0.2710227 33.0259978 1197.3000000000002 3.542;0.2706219 33.0267682 1223.699951171875 7.16;0.27044110162099605 33.02668131887913 0.0 0.0;0.2706251 33.0262042 1198.9 1.5,,,b01ca353-840a-413b-a715-1b515f4043b6,submitted_via_web,kenneth1elly,uuid:b01ca353-840a-413b-a715-1b515f4043b6
Were Kenneth Elly,2025-10-14 13:20:00,0.2703735 33.0266424 1223.699951171875 4.0,0.2703735,33.0266424,1223.699951,4,Buikwe,Ngogwe,Wabusolo,EKUB1164,Namugalu Sylvia,Female,2000-06-12 00:00:00,26,Youth,Single,Yes,747493753,,,UCE,I am engaged in income generating activities and have an individual income,Self employment ,0,1,0,,,,,Female,UCE,1,0,,Farming,100000,,3,No,No,No,Firewood,0,0,1,0,,,,,,,,,Coffee,1,0,0,0,0,0,0,0,1000000,1000000,Coffee Avocado,1,0,0,0,0,1,0,,> 4 years,200,200,Kiboko,0,1,0,0,"Pests and diseases, Lack of access to quality inputs, Lack of or access to knowledge and extension services",1,1,0,0,0,0,1,,,,,,,,,,,,,,,,,,,,,,,,,,,,,,,,,,,,,,,,,,,,,,,,,,,,,,,,,,,,,,,,,,,>4 Years,6,5,Raw,1,0,0,Pests and diseases Lack of access to quality puts Price fluctuations Lack of access to knowledge and extension services,1,1,0,1,0,0,1,,,,,,,,,,,,,,,,,,,,,Yes,,No,,None of the above,0,0,0,0,1,Spraying with inorganic chemicals,1,0,0,<6 months ,Crop rotation and intercropping with legumes Mulch,0,1,0,0,0,"Fellow local farmers, Personal nursery Local nursery beds",1,0,1,0,0,0,1,Tarpaulin,1,0,0,0,Bag and keep on raised pallet,Burning,1,0,0,0,0,,,Yes,<10,Yes,20,No,,,,,0.2703883 33.0264867 1223.699951171875 4.6,0.2703883,33.0264867,1223.699951,4.6,0.2703499075300221 33.02643321454525 0.0 0.0;0.2708509 33.0270122 1223.699951171875 3.682;0.270706 33.0271259 1223.699951171875 3.434;0.2702285389225811 33.02656028419733 0.0 0.0;0.2703499075300221 33.02643321454525 0.0 0.0,,,ecc516c1-3c69-4e8c-a35b-5261a4f0799f,submitted_via_web,kenneth1elly,uuid:ecc516c1-3c69-4e8c-a35b-5261a4f0799f
Were Kenneth Elly,2025-10-14 13:29:00,0.270418 33.0268001 1195.6000000000001 4.3,0.270418,33.0268001,1195.6,4.3,Buikwe,Ngogwe,Wabusolo,EKUB1165,Kaziba Isaac,Male,1994-06-18 00:00:00,32,Youth,Single,Yes,701906192,,,UCE,I am engaged in income generating activities and have an individual income,Self employment ,0,1,0,,,,,Male,UCE,1,0,,Farming,100000,,3,No,No,No,Firewood,0,0,1,0,,,,,,,,,Coffee,1,0,0,0,0,0,0,0,1000000,1000000,Coffee,1,0,0,0,0,0,0,,> 4 years,280,280,Kiboko,0,1,0,0,Pests and diseases Lack of or access to knowledge and extension services Price fluctuations Lack of access to quality inputs,1,1,0,1,0,0,1,,,,,,,,,,,,,,,,,,,,,,,,,,,,,,,,,,,,,,,,,,,,,,,,,,,,,,,,,,,,,,,,,,,,,,,,,,,,,,,,,,,,,,,,,,,,,,,,,,,,,,Yes,,No,,None of the above,0,0,0,0,1,Spraying with inorganic chemicals,1,0,0,<6 months ,"Apply Manure, Purchase and apply organic fertilizers, Crop rotation and intercropping with legumes Mulch",0,1,0,0,0,"Fellow local farmers, Local nursery beds Personal nursery",1,0,1,0,0,0,1,Tarpaulin,1,0,0,0,Bag and keep on the floor in a store,Burning,1,0,0,0,0,,,Yes,10-50,Yes,50,No,,,,,0.2702668 33.0272097 1200.0 4.7,0.2702668,33.0272097,1200,4.7,0.2703031 33.0271129 1198.6000000000001 5.487;0.2705309 33.0272389 1201.7 4.868;0.2706831 33.0271677 1196.0 3.413;0.2705106 33.0269468 1197.6000000000001 3.55;0.2703031 33.0271129 1198.6000000000001 5.487,,,29a2e872-a9f1-49ba-8158-9fefbca1269d,submitted_via_web,kenneth1elly,uuid:29a2e872-a9f1-49ba-8158-9fefbca1269d
Were Kenneth Elly,2025-10-14 15:11:00,0.27885 33.0217397 1192.6000000000001 4.575,0.27885,33.0217397,1192.6,4.575,Buikwe,Ngogwe,Wabusolo,EKUB1166,Bossa Barbra,Female,1979-12-25 00:00:00,46,Adult,Married,No,742141381,,,PLE,I am engaged in income generating activities and have an individual income,Self employment ,0,1,0,,,,,Male,UCE,6,4,Yes,Farming,100000,,3,No,No,No,Firewood,0,0,1,0,,,,,,,,,"Coffee, Avocado Jackfruit Cassava Beans Maize",1,0,0,1,1,1,1,1,1000000,1000000,Coffee Jackfruit Cassava Avocado,1,0,0,1,0,1,1,,> 4 years,280,280,Kiboko,0,1,0,0,Pests and diseases Price fluctuations Lack of or access to knowledge and extension services Lack of access to quality inputs,1,1,0,1,0,0,1,,,,,,,,,,,,,,,,,,,,,,,,,,,,,,,,,,,>4 Years,6,3,Ripe,0,1,0,Pests and diseases Lack of access to knowledge and extension services,1,0,0,0,0,0,1,,,,,,,,,,,,,,,,,,>4 Years,4,4,Raw,1,0,0,Pests and diseases Price fluctuations Lack of access to knowledge and extension services,1,0,0,1,0,0,1,,>4 Years,150,150,Fresh Dried chips,1,1,0,0,Pests and diseases Low prices Price fluctuations Lack of access to knowledge and extension services Lack of access to quality puts,1,1,0,1,1,0,0,1,,,Yes,,No,,None of the above,0,0,0,0,1,Spraying with inorganic chemicals,1,0,0,<6 months ,Purchase and apply organic fertilizers Mulch Apply Manure ,0,1,1,1,0,"Fellow local farmers, Local nursery beds Personal nursery",1,0,1,0,0,0,1,Tarpaulin,1,0,0,0,Bag and keep on raised pallet,Burning,1,0,0,0,0,,,Yes,10-50,Yes,60,No,,,,,0.2791478 33.0215283 1183.4 4.25,0.2791478,33.0215283,1183.4,4.25,0.27935599121523774 33.02135277539492 0.0 0.0;0.2801354 33.021109 1175.9 3.556;0.2802038 33.0218773 1174.4 4.729;0.27945053795881136 33.021813444793224 0.0 0.0;0.27935599121523774 33.02135277539492 0.0 0.0,,,282b3bb2-5e0c-4757-8afc-52e2b681414b,submitted_via_web,kenneth1elly,uuid:282b3bb2-5e0c-4757-8afc-52e2b681414b
Were Kenneth Elly,2025-10-14 16:04:00,0.2766817 33.021085 1182.3000000000002 3.1,0.2766817,33.021085,1182.3,3.1,Buikwe,Ngogwe,Wabusolo,EKUB1167,Nalugo specioza,Female,1983-01-01 00:00:00,43,Adult,Married,No,704190849,,,No formal education,I am engaged in income generating activities and have an individual income,Self employment ,0,1,0,,,,,Male,PLE,3,1,Yes,Farming,90000,,3,No,No,No,Firewood,0,0,1,0,,,,,,,,,"Coffee, Beans, Maize",1,0,0,0,0,0,1,1,1000000,700000,Coffee Avocado,1,0,0,0,0,1,0,,> 4 years,250,250,Kiboko,0,1,0,0,"Pests and diseases, Lack of access to quality inputs, Price fluctuations, Lack of or access to knowledge and extension services Lack of labor",1,1,0,1,0,1,1,,,,,,,,,,,,,,,,,,,,,,,,,,,,,,,,,,,,,,,,,,,,,,,,,,,,,,,,,,,,,,,,,,,>4 Years,2,2,Raw,1,0,0,Price fluctuations Lack of access to quality puts,0,1,0,1,0,0,0,,,,,,,,,,,,,,,,,,,,,Yes,,No,,None of the above,0,0,0,0,1,Spraying with inorganic chemicals,1,0,0,<6 months ,Apply Manure  Mulch Crop rotation and intercropping with legumes,0,1,1,0,0,Personal nursery,0,0,0,0,0,0,1,Tarpaulin,1,0,0,0,Bag and keep on the floor in a store,Burning,1,0,0,0,0,,,Yes,10-50,Yes,30,No,,,,,0.2773817 33.0209217 1180.4 2.8,0.2773817,33.0209217,1180.4,2.8,0.2773861 33.0209255 1189.0 3.073; 0.2771705 33.021394 1196.0 12.975; 0.2768124 33.0211313 1192.4 3.703; 0.2770136 33.0208422 1193.8000000000002 3.709; 0.2773861 33.0209255 1189.0 3.073,,,a4dbee32-fdb7-4286-bf93-9d935f761ba1,submitted_via_web,kenneth1elly,uuid:a4dbee32-fdb7-4286-bf93-9d935f761ba1
Were Kenneth Elly,2025-10-14 16:59:00,0.276785 33.0236517 1195.5 3.0,0.276785,33.0236517,1195.5,3,Buikwe,Ngogwe,Wabusolo,EKUB1168,Galiwango Isaac,Male,1965-01-11 00:00:00,61,Adult,Married,No,772683856,,,UCE,I am engaged in income generating activities and have an individual income,Self employment ,0,1,0,,,,,Male,UCE,20,17,Yes,Farming,300000,,3,No,No,No,Firewood,0,0,1,0,,,,,,,,,Coffee,1,0,0,0,0,0,0,0,1500000,1500000,Coffee,1,0,0,0,0,0,0,,> 4 years,4500,4500,Kiboko,0,1,0,0,Pests and diseases Price fluctuations Lack of or access to knowledge and extension services,1,0,0,1,0,0,1,,,,,,,,,,,,,,,,,,,,,,,,,,,,,,,,,,,,,,,,,,,,,,,,,,,,,,,,,,,,,,,,,,,,,,,,,,,,,,,,,,,,,,,,,,,,,,,,,,,,,,Yes,,No,,None of the above,0,0,0,0,1,Spraying with inorganic chemicals,1,0,0,<6 months ,Crop rotation and intercropping with legumes Mulch,0,1,1,1,0,"Fellow local farmers, Local nursery beds Personal nursery",1,0,1,0,0,0,1,Tarpaulin,1,0,0,0,Bag and keep on raised pallet,Burning,1,0,0,0,0,,,Yes,10-50,Yes,80,No,,,,,0.276535 33.0250616 1172.9 3.9,0.276535,33.0250616,1172.9,3.9,0.2757943947161795 33.02671082317829 0.0 0.0;0.2749389 33.0267076 1190.2 3.533;0.2748647 33.0261772 1226.0999755859375 3.211;0.2757853423656133 33.02617605775595 0.0 0.0;0.2757943947161795 33.02671082317829 0.0 0.0,,,57ad632d-87b2-46e7-85ed-e4c31b8cde78,submitted_via_web,kenneth1elly,uuid:57ad632d-87b2-46e7-85ed-e4c31b8cde78
Bukenya Denis Stanley,2025-10-14 15:21:00,0.2791252 33.0215044 1197.3000000000002 4.24,0.2791252,33.0215044,1197.3,4.24,Buikwe,Ngogwe,Wabusolo,EKUB1169,Bbosa Samuel,Male,1960-05-10 00:00:00,66,Adult,Married,Yes,742141420,772568907,,No formal education,I am engaged in income generating activities and have an individual income,Self employment ,0,1,0,,,,,Male,No formal education,6,4,Yes,Farming,200000,,3,No,No,No,Firewood,0,0,1,,,,,,,,,,Coffee Maize Cassava Cocoa,1,1,0,0,1,0,0,1,2800000,2000000,Coffee Cocoa Vanilla Cassava Jackfruit Oysternut,1,1,1,1,1,0,1,,> 4 years,700,500,Hulled,0,0,1,0,Pests and diseases Price fluctuations Lack of or access to knowledge and extension services Lack of access to quality inputs,1,1,0,1,0,0,1,1 - 4 Years,30,30,"Fresh, Dry fermented",0,1,1,0,0,"Pest and diseases, Price fluctuations, Lack of access to quality inputs, Lack of or access to knowledge and extension services",1,1,0,1,0,0,1,,>4 years,60,60,Fresh Blanched,1,1,0,"Price fluctuations, Lack of access to knowledge and extension services Lack of access to quality puts",0,1,0,1,0,0,1,,>4 Years,7,7,Raw Ripe,1,1,0,Post harvest losses Price fluctuations Lack of access to knowledge and extension services,0,0,0,1,1,0,1,,>4 Years,7,7,Dry nuts,0,1,0,Lack of access to knowledge and extension services,0,0,0,0,0,0,1,,,,,,,,,,,,,,,,,,>4 Years,800,800,Fresh,1,0,0,0,Pests and diseases Low prices Price fluctuations Lack of access to knowledge and extension services Post harvest losses,1,0,0,1,1,1,0,1,,,Yes,,No,,None of the above,0,0,0,0,1,Use of integrated methods Using organic ,0,1,1,,Mulch Crop rotation and intercropping with legumes Apply Manure ,0,0,1,1,1,"Fellow local farmers, Local agro-inputs shops Licensed nursery beds, Government research institutions",1,1,0,1,1,0,0,Tarpaulin Bare ground,1,1,0,0,Bag and keep on the floor in a store,Burning Dump in a pit,1,1,0,0,0,,,Yes,10-50,Yes,30,Yes,Write in a book,1,0,0,0.2802652 33.0219268 1187.7 3.9,0.2802652,33.0219268,1187.7,3.9,0.2802688 33.0219401 1188.1000000000001 4.653; 0.2802646 33.022241 1189.1000000000001 1.633; 0.2790369 33.0220763 1199.8000000000002 1.7; 0.2789509 33.0215014 1198.5 1.566; 0.2802688 33.0219401 1188.1000000000001 4.653,,,aabf62e3-04b3-4aa9-8a8d-0b725628d7d8,submitted_via_web,denis_1,uuid:aabf62e3-04b3-4aa9-8a8d-0b725628d7d8
Bukenya Denis Stanley,2025-10-14 16:11:00,0.275355 33.0211133 1198.6000000000001 5.0,0.275355,33.0211133,1198.6,5,Buikwe,Ngogwe,Wabusolo,EKUB1170,Nakkonde Robinah,Female,1979-12-18 00:00:00,46,Adult,Widowed,No,759194753,,,PLE,I am engaged in income generating activities and have an individual income,Self employment ,0,1,0,,,,,Female,PLE,7,6,Yes,Farming,340000,,3,No,No,No,Firewood,0,0,1,,,,,,,,,,Coffee Cassava Beans Maize,1,0,0,0,1,0,1,1,1600000,1000000,"Coffee, Cassava",1,0,0,0,0,0,1,,> 4 years,800,800,"Fresh, Kiboko",1,1,0,0,"Pests and diseases, Lack of access to quality inputs, Price fluctuations, Lack of or access to knowledge and extension services",1,1,0,1,0,0,1,,,,,,,,,,,,,,,,,,,,,,,,,,,,,,,,,,,,,,,,,,,,,,,,,,,,,,,,,,,,,,,,,,,,,,,,,,,,,,,,,,,>4 Years,1300,1000,Fresh,1,0,0,0,Pests and diseases Low prices Price fluctuations Post harvest losses Lack of access to knowledge and extension services,1,0,0,1,1,1,0,1,,,Yes,,No,,None of the above,0,0,0,0,1,Use of integrated methods,0,0,1,,Apply Manure  Mulch,0,0,1,1,1,"Fellow local farmers, Local agro-inputs shops, Government research institutions",1,1,0,0,1,0,0,Tarpaulin Bare ground,1,1,0,0,Bag and keep on the floor in a store,Burning Dump in a pit,1,1,0,0,0,,,Yes,10-50,No,,Yes,Write in a book,1,0,0,0.275434 33.0211431 1220.0 3.28,0.275434,33.0211431,1220,3.28,0.2750758 33.0214828 1207.1000000000001 1.64; 0.2747189 33.0208971 1207.5 1.5; 0.2747745 33.0205948 1200.7 1.5; 0.2753247 33.0202753 1196.1000000000001 1.683; 0.2758702 33.021149 1208.4 1.55; 0.2750758 33.0214828 1207.1000000000001 1.64,,,64e00997-b22c-4a30-a15a-1df3c9d3d220,submitted_via_web,denis_1,uuid:64e00997-b22c-4a30-a15a-1df3c9d3d220
Bukenya Denis Stanley,2025-10-14 16:28:00,0.2756782 33.020867 1215.6000000000001 4.8,0.2756782,33.020867,1215.6,4.8,Buikwe,Ngogwe,Wabusolo,EKUB1171,Kasozi Gerald,Male,1998-08-02 00:00:00,27,Youth,Married,Yes,705433591,,,UACE,I am engaged in income generating activities and have an individual income,Self employment ,0,1,0,,,,,Male,UACE,3,1,Yes,Farming,300000,,3,No,No,No,Firewood,0,0,1,,,,,,,,,,"Coffee, Cocoa",1,1,0,0,0,0,0,0,1500000,1000000,Coffee Cocoa,1,1,0,0,0,0,0,,> 4 years,150,130,"Fresh, Kiboko",1,1,0,0,"Pests and diseases, Lack of access to quality inputs, Price fluctuations, Lack of or access to knowledge and extension services",1,1,0,1,0,0,1,1 - 4 Years,50,20,"Pods, Fresh",1,1,0,0,0,"Pest and diseases, Lack of access to quality puts Price fluctuations Lack of or access to knowledge and extension services",1,1,0,1,0,0,1,,,,,,,,,,,,,,,,,,,,,,,,,,,,,,,,,,,,,,,,,,,,,,,,,,,,,,,,,,,,,,,,,,,,,,,,,,,,,,,,,,,,,Yes,,No,,None of the above,0,0,0,0,1,Use of integrated methods,0,0,1,,Apply Manure  Mulch,0,0,1,1,1,"Fellow local farmers, Government research institutions Local nursery beds",1,0,1,0,1,0,0,Bare ground Tarpaulin,1,1,0,0,Bag and keep on the floor in a store,Burning Dump in a pit,1,1,0,0,0,,,Yes,10-50,Yes,10,Yes,Write in a book,1,0,0,0.2756614 33.0208804 1211.7 4.64,0.2756614,33.0208804,1211.7,4.64,0.2754835 33.0201778 1199.7 1.42; 0.2757643 33.0200149 1205.2 1.516; 0.2765142 33.0209037 1205.3000000000002 1.483; 0.2760563 33.0209992 1207.4 1.533; 0.2754835 33.0201778 1199.7 1.42,,,07fc17a6-dede-4eb7-9314-0e333df5ee85,submitted_via_web,denis_1,uuid:07fc17a6-dede-4eb7-9314-0e333df5ee85
Bukenya Denis Stanley,2025-10-14 13:01:00,0.2703433 33.026315 1169.4000244140625 4.9,0.2703433,33.026315,1169.400024,4.9,Buikwe,Ngogwe,Wabusolo,EKUB1172,Herbert Mutto,Male,2001-08-12 00:00:00,24,Youth,Single,Yes,748360959,,,UCE,I am engaged in income generating activities and have an individual income,Self employment ,0,1,0,,,,,Male,UCE,1,0,,Farming,70000,,3,No,No,No,Firewood,0,0,1,,,,,,,,,,Coffee Cassava,1,0,0,0,1,0,0,0,800000,700000,"Coffee, Cassava",1,0,0,0,0,0,1,,> 4 years,160,160,"Fresh, Kiboko",1,1,0,0,Pests and diseases Price fluctuations Lack of or access to knowledge and extension services Lack of access to quality inputs,1,1,0,1,0,0,1,,,,,,,,,,,,,,,,,,,,,,,,,,,,,,,,,,,,,,,,,,,,,,,,,,,,,,,,,,,,,,,,,,,,,,,,,,,,,,,,,,,>4 Years,700,500,Fresh,1,0,0,0,Pests and diseases Price fluctuations Low prices Lack of access to knowledge and extension services,1,0,0,1,1,0,0,1,,,Yes,,No,,None of the above,0,0,0,0,1,Use of integrated methods,0,0,1,,Apply Manure  Mulch,0,0,1,1,1,"Fellow local farmers, Government research institutions Local nursery beds",1,0,1,0,1,0,0,Tarpaulin Bare ground,1,1,0,0,Bag and keep on the floor in a store,Burning Dump in a pit,1,1,0,0,0,,,Yes,<10,No,,No,,,,,0.2706126 33.0269135 1208.5 4.9,0.2706126,33.0269135,1208.5,4.9,0.2706586 33.0270436 1208.6000000000001 6.36; 0.2700447 33.0273566 1204.4 2.48; 0.2702419 33.0276182 1199.8 2.36; 0.2705078 33.0273605 1213.3000000000002 2.02; 0.2706586 33.0270436 1208.6000000000001 6.36,,,8eeaea47-09ea-4873-bd0e-c740e0232b6b,submitted_via_web,denis_1,uuid:8eeaea47-09ea-4873-bd0e-c740e0232b6b
Bukenya Denis Stanley,2025-10-14 13:11:00,0.2704867 33.0273567 1214.4 4.4,0.2704867,33.0273567,1214.4,4.4,Buikwe,Ngogwe,Wabusolo,EKUB1173,Agnes Nalwoga,Female,2003-11-23 00:00:00,22,Youth,Single,Yes,747761832,,,UCE,I am engaged in income generating activities and have an individual income,Self employment ,0,1,0,,,,,Female,UCE,1,0,,Farming,100000,,3,No,No,No,Firewood,0,0,1,,,,,,,,,,"Coffee, Cocoa Cassava",1,1,0,0,1,0,0,0,750000,600000,"Coffee, Cocoa, Cassava",1,1,0,0,0,0,1,,> 4 years,150,150,"Kiboko, Fresh",1,1,0,0,Pests and diseases Price fluctuations Lack of access to quality inputs Lack of or access to knowledge and extension services,1,1,0,1,0,0,1,1 - 4 Years,50,20,Fresh,0,1,0,0,0,"Pest and diseases, Lack of access to quality puts Price fluctuations Lack of or access to knowledge and extension services",1,1,0,1,0,0,1,,,,,,,,,,,,,,,,,,,,,,,,,,,,,,,,,,,,,,,,,,,,,,,,,,,,,,,,,,,,,,,,,,1 - 4 Years,800,800,Fresh,1,0,0,0,Pests and diseases Low prices Price fluctuations Post harvest losses Lack of access to knowledge and extension services,1,0,0,1,1,1,0,1,,,Yes,,No,,None of the above,0,0,0,0,1,Use of integrated methods,0,0,1,,Apply Manure  Mulch,0,0,1,1,1,"Fellow local farmers, Government research institutions, Local agro-inputs shops",1,1,0,0,1,0,0,Tarpaulin Bare ground,1,1,0,0,Bag and keep on the floor in a store,Burning Dump in a pit,1,1,0,0,0,,,No,,No,,Yes,Write in a book,1,0,0,0.2704452 33.0274071 1210.5 2.8,0.2704452,33.0274071,1210.5,2.8,0.2703645 33.0275984 1212.1 1.916; 0.2703419 33.0276028 1210.6 2.1; 0.270997 33.0268558 1199.7 1.75; 0.271186 33.0270285 1198.9 1.7; 0.2703645 33.0275984 1212.1 1.916,,,7ccd76f5-02b0-47e7-ba86-3e0c610a4bfc,submitted_via_web,denis_1,uuid:7ccd76f5-02b0-47e7-ba86-3e0c610a4bfc
Bukenya Denis Stanley,2025-10-14 13:24:00,0.270453 33.0269736 1212.3000000000002 4.233,0.270453,33.0269736,1212.3,4.233,Buikwe,Ngogwe,Wabusolo,EKUB1174,Mboowa Fredrick,Male,1969-12-17 00:00:00,56,Adult,Married,Yes,704345256,782056924,,UCE,I am engaged in income generating activities and have an individual income,Self employment ,0,1,0,,,,,Male,UCE,20,18,Yes,Farming,400000,,3,No,No,No,Firewood,0,0,1,,,,,,,,,,"Coffee, Cocoa Cassava Jackfruit Avocado",1,1,0,1,1,1,0,0,1600000,1300000,"Coffee, Cocoa, Cassava",1,1,0,0,0,0,1,,> 4 years,650,500,"Fresh, Kiboko",1,1,0,0,"Pests and diseases, Lack of access to quality inputs, Price fluctuations, Lack of or access to knowledge and extension services",1,1,0,1,0,0,1,1 - 4 Years,150,45,"Fresh, Pods",1,1,0,0,0,"Pest and diseases, Lack of access to quality puts Price fluctuations Lack of or access to knowledge and extension services",1,1,0,1,0,0,1,,,,,,,,,,,,,,,,,,,,,,,,,,,,,,,,,,,,,,,,,,,,,,,,,,,,,,,,,,,,,,,,,,>4 Years,1000,800,Fresh,1,0,0,0,Pests and diseases Post harvest losses Price fluctuations Low prices Lack of access to knowledge and extension services,1,0,0,1,1,1,0,1,,,Yes,,No,,None of the above,0,0,0,0,1,Use of integrated methods,0,0,1,,Apply Manure  Mulch,0,0,1,1,1,"Fellow local farmers, Local agro-inputs shops, Government research institutions Local nursery beds",1,1,1,0,1,0,0,Tarpaulin Bare ground,1,1,0,0,Bag and keep on the floor in a store,Burning Dump in a pit,1,1,0,0,0,,,Yes,10-50,Yes,15,Yes,Write in a book,1,0,0,0.2704973 33.0269414 1212.6000000000001 4.966,0.2704973,33.0269414,1212.6,4.966,0.2706871 33.0269573 1212.6000000000001 5.45; 0.2705225 33.0270335 1213.2 3.983; 0.2702526 33.0269645 1213.4 2.02; 0.2700067 33.0271504 1207.9 1.983; 0.269922 33.0264796 1209.8000000000002 2.16; 0.2701955 33.0265143 1215.9 2.1; 0.2706871 33.0269573 1212.6000000000001 5.45,,,499f9ffd-9ba8-42dc-be5c-29fd89f40c83,submitted_via_web,denis_1,uuid:499f9ffd-9ba8-42dc-be5c-29fd89f40c83
Musisi paul Namugera,2025-10-14 13:16:00,0.2692506 33.0185907 1219.9 4.906,0.2692506,33.0185907,1219.9,4.906,Buikwe,Ngogwe,Ddungi,EKUB1175,Nakagiri Nuru,Female,1979-12-04 00:00:00,46,Adult,Divorced,No,759307213,,,No formal education,I am engaged in income generating activities and have an individual income,Self employment ,0,1,0,,,,,Female,No formal education,1,0,,Farming,300000,,3,Yes,No,No,Firewood,0,0,1,0,,,,,,,,,"Coffee, Jackfruit, Cassava, Avocado, Beans, Maize",1,0,0,1,1,1,1,1,400000,400000,"Coffee, Jackfruit, Avocado, Cassava",1,0,0,1,0,1,1,"Banana, Maize and Beans",> 4 years,300,300,"Fresh, Kiboko, Hulled",1,1,1,0,"Pests and diseases, Price fluctuations, Lack of access to market",1,0,1,1,0,0,0,,,,,,,,,,,,,,,,,,,,,,,,,,,,,,,,,,,>4 Years,7,6,Ripe,0,1,0,Price fluctuations Post harvest losses Lack of access to market,0,0,1,1,1,0,0,,,,,,,,,,,,,,,,,,>4 Years,2,2,Raw,1,0,0,Price fluctuations Lack of access to market Post harvest losses,0,0,1,1,1,0,0,,1 - 4 Years,45,15,Fresh,1,0,0,0,Pests and diseases Low prices Price fluctuations Lack of access to market,1,0,1,1,1,0,0,0,,,Yes,,No,,None of the above,0,0,0,0,1,Use of integrated methods,0,0,1,,Purchase and apply organic fertilizers,0,0,1,0,1,"Personal nursery Fellow local farmers, Local agro-inputs shops",1,1,0,0,0,0,1,Tarpaulin,1,0,0,0,Bag and keep on raised pallet,Dump in a pit,0,1,0,0,0,,,No,,Yes,15,No,,,,,0.2689713 33.0182201 1168.8000000000002 5.0,0.2689713,33.0182201,1168.8,5,0.2689705 33.0182344 1169.8000000000002 1.814; 0.2692525 33.0182187 1180.0 1.783; 0.2695653 33.0185491 1221.7 2.175; 0.2695181 33.0186049 1221.6000000000001 1.766; 0.2693195 33.0184287 1221.6000000000001 1.816; 0.2691877 33.0184632 1218.7 1.816; 0.2693521 33.0186966 1218.8000000000002 1.783; 0.2692654 33.0187661 1217.5 1.866; 0.2689705 33.0182344 1169.8000000000002 1.814,,1760438860075.amr,a5fcec8f-e230-4a61-9c70-118d00123e82,submitted_via_web,katwesiime_1,uuid:a5fcec8f-e230-4a61-9c70-118d00123e82
Musisi paul Namugera,2025-10-14 14:12:00,0.2701217 33.0180667 1213.3000000000002 4.6,0.2701217,33.0180667,1213.3,4.6,Buikwe,Ngogwe,Ddungi,EKUB1176,Mukasa Musa,Male,1980-06-15 00:00:00,46,Adult,Married,No,704013142,783900371,,PLE,I am engaged in income generating activities and have an individual income,Self employment ,0,1,0,,,,,Male,PLE,8,6,Yes,Farming,150000,,2,Yes,No,No,Firewood,0,0,1,0,,,,,,,,,"Coffee, Jackfruit, Cassava, Avocado, Beans, Maize",1,0,0,1,1,1,1,1,800000,800000,"Coffee, Jackfruit, Avocado, Cassava",1,0,0,1,0,1,1,"Banana, Maize and Beans",> 4 years,200,200,Hulled,0,0,1,0,Lack of access to quality inputs Pests and diseases Price fluctuations,1,1,0,1,0,0,0,,,,,,,,,,,,,,,,,,,,,,,,,,,,,,,,,,,>4 Years,6,6,Ripe,0,1,0,Post harvest losses Price fluctuations Lack of access to market,0,0,1,1,1,0,0,,,,,,,,,,,,,,,,,,>4 Years,3,3,Raw,1,0,0,Post harvest losses Price fluctuations Lack of access to market,0,0,1,1,1,0,0,,>4 Years,100,0,Fresh,1,0,0,0,Pests and diseases Low prices Lack of access to market,1,0,1,1,0,0,0,0,,,Yes,,No,,None of the above,0,0,0,0,1,Use of integrated methods,0,0,1,,Apply Manure  Mulch,0,0,0,0,1,Personal nursery Local agro-inputs shops,0,1,0,0,0,0,1,Tarpaulin,1,0,0,0,Bag and keep on the floor in a store,Dump in a pit,0,1,0,0,0,,,Yes,<10,Yes,6,No,,,,,0.2701535 33.0179368 1224.5 3.566,0.2701535,33.0179368,1224.5,3.566,0.2701617 33.0179283 1223.0 3.2; 0.270102 33.017745 1211.3000000000002 4.3; 0.2697561 33.0178444 1213.4 2.05; 0.269867 33.0181224 1215.9 1.866; 0.2700268 33.0180969 1215.0 1.75; 0.2698984 33.0179334 1216.4 2.15; 0.2700417 33.0178842 1215.5 1.783; 0.2700999 33.0179717 1213.8000000000002 1.916; 0.2701617 33.0179283 1223.0 3.2,,1760442231345.amr,81bb4ed4-6659-4663-bc2c-579ff803c978,submitted_via_web,katwesiime_1,uuid:81bb4ed4-6659-4663-bc2c-579ff803c978
Musisi paul Namugera,2025-10-14 14:56:00,0.271923 33.0164433 1229.7 3.542,0.271923,33.0164433,1229.7,3.542,Buikwe,Ngogwe,Ddungi,EKUB1177,Nakimbugwe Merab,Female,1990-06-15 00:00:00,36,Adult,Married,No,703353689,752410246,,PLE,I am engaged in income generating activities and have an individual income,Self employment ,0,1,0,,,,,Male,PLE,10,8,Yes,Farming,100000,,2,Yes,No,No,Firewood,0,0,1,20000,,,,,,,,,"Coffee, Jackfruit, Cassava, Avocado, Beans, Maize",1,0,0,1,1,1,1,1,1200000,1200000,"Coffee, Jackfruit, Avocado, Cassava",1,0,0,1,0,1,1,"Banana, Beans and Maize",> 4 years,100,100,Fresh,1,0,0,0,Pests and diseases Lack of access to quality inputs Price fluctuations,1,1,0,1,0,0,0,,,,,,,,,,,,,,,,,,,,,,,,,,,,,,,,,,,>4 Years,3,3,Ripe,0,1,0,Post harvest losses Price fluctuations Lack of access to market,0,0,1,1,1,0,0,,,,,,,,,,,,,,,,,,>4 Years,1,1,Raw,1,0,0,Price fluctuations Lack of access to market Lack of access to quality puts Post harvest losses,0,1,1,1,1,0,0,,>4 Years,200,50,Fresh Dried chips,1,1,0,0,Pests and diseases Lack of access to market Low prices Price fluctuations,1,0,1,1,1,0,0,0,,,Yes,,No,,None of the above,0,0,0,0,1,Spraying with inorganic chemicals,1,0,0,<6 months ,Crop rotation and intercropping with legumes Mulch,0,0,1,0,1,Personal nursery Local agro-inputs shops Local nursery beds Fellow local farmers,1,1,1,0,0,0,1,Tarpaulin,1,0,0,0,Bag and keep on the floor in a store,Dump at a heap around the farm,0,0,0,1,0,,,No,,No,,No,,,,,0.2718205 33.0163112 1221.6000000000001 4.857,0.2718205,33.0163112,1221.6,4.857,0.2717186 33.0162023 1216.7 1.683; 0.2717339 33.0163037 1215.9 1.833; 0.2716637 33.0163159 1211.4 1.816; 0.27164 33.016195 1204.9 1.95; 0.2717186 33.0162023 1216.7 1.683,,1760444132153.amr,3a40aa12-e025-43ac-942e-2c521f505d31,submitted_via_web,katwesiime_1,uuid:3a40aa12-e025-43ac-942e-2c521f505d31
Musisi paul Namugera,2025-10-14 15:35:00,0.2731796 33.0159958 1207.0 4.08,0.2731796,33.0159958,1207,4.08,Buikwe,Ngogwe,Ddungi,EKUB1178,Nansubuga Prossy,Female,1983-07-31 00:00:00,42,Adult,Married,Yes,76246187,756109344,,UCE,I am engaged in income generating activities and have an individual income,Self employment ,0,1,0,,,,,Male,UCE,8,6,Yes,Farming,225000,,3,Yes,No,No,"Firewood, Charcoal",0,1,1,65000,,,,,,,,,Coffee Jackfruit Cassava Avocado Maize Beans,1,0,0,1,1,1,1,1,300000,300000,"Coffee, Jackfruit, Avocado, Cassava",1,0,0,1,0,1,1,"Banana, Maize and Beans",> 4 years,1000,500,"Fresh, Kiboko",1,1,0,0,Pests and diseases Lack of access to quality inputs Lack of labor Price fluctuations,1,1,0,1,0,1,0,,,,,,,,,,,,,,,,,,,,,,,,,,,,,,,,,,,>4 Years,2,2,Raw,1,0,0,Post harvest losses Price fluctuations Lack of access to market,0,0,1,1,1,0,0,,,,,,,,,,,,,,,,,,>4 Years,4,4,Raw,1,0,0,"Pests and diseases Price fluctuations, Post harvest losses, Lack of access to market",1,0,1,1,1,0,0,,>4 Years,45,17,Fresh,1,0,0,0,Pests and diseases Price fluctuations Low prices,1,0,0,1,1,0,0,0,,,Yes,,No,,None of the above,0,0,0,0,1,Spraying with inorganic chemicals,1,0,0,<6 months ,"Mulch, Apply Manure, Crop rotation and intercropping with legumes",0,0,1,0,1,"Fellow local farmers, Personal nursery Local agro-inputs shops Local nursery beds",1,1,1,0,0,0,1,Bare ground,0,1,0,0,Bag and keep on the floor in a store,Burning Dump at a heap around the farm,1,0,0,1,0,,,Yes,<10,Yes,7,No,,,,,0.2722188 33.0164426 1214.7 3.45,0.2722188,33.0164426,1214.7,3.45,0.2722648 33.0164582 1213.8000000000002 2.033; 0.2722505 33.0166802 1213.6000000000001 1.416; 0.2721892 33.0167274 1213.5 1.516; 0.2722153 33.0169128 1214.3000000000002 1.566; 0.2720014 33.0168807 1212.9 1.45; 0.2719663 33.0172448 1214.1000000000001 1.466; 0.2716668 33.0172057 1216.6000000000001 1.516; 0.2715876 33.0168039 1210.8000000000002 1.55; 0.2722648 33.0164582 1213.8000000000002 2.033,,1760447093852.amr,6565e3b1-42cd-4f08-b48f-492c83f63dd1,submitted_via_web,katwesiime_1,uuid:6565e3b1-42cd-4f08-b48f-492c83f63dd1
Musisi paul Namugera,2025-10-14 16:36:00,0.2723113 33.0163156 1185.0 4.862,0.2723113,33.0163156,1185,4.862,Buikwe,Ngogwe,Ddungi,EKUB1179,Namukwaya Ruth,Female,1993-11-11 00:00:00,32,Youth,Married,Yes,759048471,773703780,,PLE,I am engaged in income generating activities and have an individual income,Self employment ,0,1,0,,,,,Male,UCE,16,11,Yes,Farming,300000,,2,Yes,No,No,"Firewood, Charcoal",0,1,1,50000,,,,,,,,,"Coffee, Jackfruit, Cassava, Avocado, Beans, Maize",1,0,0,1,1,1,1,1,500000,500000,"Coffee, Jackfruit, Avocado, Cassava",1,0,0,1,0,1,1,"Banana, Maize and Beans",> 4 years,400,400,"Fresh, Kiboko",1,1,0,0,Pests and diseases Lack of access to market Price fluctuations Lack of access to quality inputs Lack of labor,1,1,1,1,0,1,0,,,,,,,,,,,,,,,,,,,,,,,,,,,,,,,,,,,>4 Years,9,9,Raw,1,0,0,Lack of access to market Price fluctuations Post harvest losses,0,0,1,1,1,0,0,,,,,,,,,,,,,,,,,,>4 Years,5,5,Raw,1,0,0,Price fluctuations Lack of access to market Post harvest losses,0,0,1,1,1,0,0,,>4 Years,1500,150,Fresh Dried chips,1,1,0,0,Low prices Price fluctuations Lack of access to market Pests and diseases,1,0,1,1,1,0,0,0,,,Yes,,No,,None of the above,0,0,0,0,1,Spraying with inorganic chemicals,1,0,0,<6 months ,Crop rotation and intercropping with legumes Apply Manure ,0,0,1,0,1,"Local agro-inputs shops, Fellow local farmers, Personal nursery",1,1,0,0,0,0,1,Tarpaulin,1,0,0,0,Bag and keep on the floor in a store,Burning Dump in a pit,1,1,0,0,0,,,Yes,10-50,Yes,20,No,,,,,0.2714498 33.0159455 1199.6000000000001 4.642,0.2714498,33.0159455,1199.6,4.642,0.2715246 33.0163468 1207.9 1.737; 0.2714065 33.0164066 1204.9 1.45; 0.2714856 33.0165302 1206.6000000000001 1.5; 0.2715881 33.0165126 1206.4 1.433; 0.2715246 33.0163468 1207.9 1.737,,1760450768456.amr,3a79d2e6-7d21-4ef9-b075-5dab5dfed5c3,submitted_via_web,katwesiime_1,uuid:3a79d2e6-7d21-4ef9-b075-5dab5dfed5c3
Musisi paul Namugera,2025-10-14 17:17:00,0.2706421 33.0197096 1228.6000000000001 3.666,0.2706421,33.0197096,1228.6,3.666,Buikwe,Ngogwe,Ddungi,EKUB1180,Nanyombi Violet,Female,1986-11-21 00:00:00,39,Adult,Married,No,758791415,743470753,,UCE,I am engaged in income generating activities and have an individual income,Self employment ,0,1,0,,,,,Male,PLE,10,8,Yes,Farming,300000,,3,Yes,No,No,Firewood,0,0,1,0,,,,,,,,,"Coffee, Jackfruit, Cassava, Avocado, Beans, Maize",1,0,0,1,1,1,1,1,800000,800000,"Coffee, Jackfruit, Avocado, Cassava",1,0,0,1,0,1,1,"Banana, Maize and Beans",> 4 years,400,400,Fresh,1,0,0,0,"Pests and diseases, Price fluctuations, Lack of access to market",1,0,1,1,0,0,0,,,,,,,,,,,,,,,,,,,,,,,,,,,,,,,,,,,>4 Years,6,6,Ripe,0,1,0,Post harvest losses Price fluctuations Lack of access to market,0,0,1,1,1,0,0,,,,,,,,,,,,,,,,,,>4 Years,4,4,Raw,1,0,0,"Price fluctuations, Post harvest losses, Lack of access to market",0,0,1,1,1,0,0,,>4 Years,200,150,Fresh,1,0,0,0,Low prices Price fluctuations Lack of access to market,0,0,1,1,1,0,0,0,,,Yes,,No,,None of the above,0,0,0,0,1,Using organic ,0,1,0,,Apply Manure  Crop rotation and intercropping with legumes,0,0,1,0,1,"Personal nursery Fellow local farmers, Local agro-inputs shops",1,1,0,0,0,0,1,Tarpaulin,1,0,0,0,Bag and keep on the floor in a store,Burning,1,0,0,0,0,,,Yes,<10,Yes,5,No,,,,,0.2707314 33.0194734 1217.2 4.8,0.2707314,33.0194734,1217.2,4.8,0.2706694 33.0196531 1210.7 1.433; 0.2707983 33.01949 1210.0 1.45; 0.2711465 33.0195665 1206.6000000000001 1.416; 0.2709994 33.0200116 1207.3000000000002 2.48; 0.2707227 33.0199304 1207.3000000000002 1.4; 0.2707334 33.0198911 1208.5 1.466; 0.2708053 33.0198891 1209.2 1.55; 0.2708652 33.0197724 1208.4 1.4; 0.2706694 33.0196531 1210.7 1.433,,1760452632202.amr,bd8750a6-21d9-4a9b-b569-1b29974531e4,submitted_via_web,katwesiime_1,uuid:bd8750a6-21d9-4a9b-b569-1b29974531e4
Ngabirano Deus,2025-10-13 14:08:00,0.2668963 33.0275834 1304.4 3.6,0.2668963,33.0275834,1304.4,3.6,Buikwe,Ngogwe,Wabusolo,EKUB1181,Nanozi Zaitun,Female,1972-05-10 00:00:00,54,Adult,Married,Yes,744218985,,,PLE,I am engaged in income generating activities and have an individual income,Self employment ,0,1,0,,,,,Female,UCE,6,4,Yes,Farming,200000,,2,No,No,No,Firewood,0,0,1,0,,,,,,,,,"Coffee, Avocado",1,0,0,0,0,1,0,0,500000,700000,Coffee Avocado,1,0,0,0,0,1,0,,> 4 years,150,100,"Hulled, Kiboko",0,1,1,0,Pests and diseases Lack of access to market Price fluctuations,1,0,1,1,0,0,0,,,,,,,,,,,,,,,,,,,,,,,,,,,,,,,,,,,,,,,,,,,,,,,,,,,,,,,,,,,,,,,,,,,>4 Years,2,2,Raw,1,0,0,Price fluctuations Lack of access to market,0,0,1,1,0,0,0,,,,,,,,,,,,,,,,,,,,,No,,No,,None of the above,0,0,0,0,1,Spraying with inorganic chemicals,1,0,0,<6 months ,Apply Manure  Crop rotation and intercropping with legumes,0,0,1,1,0,"Fellow local farmers, Local nursery beds",1,0,1,0,0,0,0,Tarpaulin Raised platforms,1,0,0,1,Bag and keep on raised pallet,Dump in a pit Temporarily stored and occasionally collected by local council,0,1,1,0,0,,,Yes,<10,Yes,5,No,,,,,0.2687066 33.0266423 1235.9 2.98,0.2687066,33.0266423,1235.9,2.98,0.26871 33.026665 1239.1 1.6;0.2688633 33.026595 1239.0 2.0;0.268864 33.0265932 1239.0 1.6;0.2689408 33.0265327 1240.3 2.1;0.2686434 33.0260598 1238.6 2.0;0.26871 33.026665 1239.1 1.6,,,4657dbf8-9f7a-49ec-9d7d-363348212435,submitted_via_web,deus_1,uuid:4657dbf8-9f7a-49ec-9d7d-363348212435
Ngabirano Deus,2025-10-13 15:53:00,0.2704357 33.0245458 1229.9 4.39,0.2704357,33.0245458,1229.9,4.39,Buikwe,Ngogwe,Wabusolo,EKUB1182,Namata Mariam,Female,2000-11-15 00:00:00,25,Youth,Married,No,742738588,,,No formal education,I am engaged in income generating activities and have an individual income,Self employment ,0,1,0,,,,,Male,No formal education,6,4,Yes,Farming,400000,,2,No,No,No,Firewood,0,0,1,0,,,,,,,,,"Coffee, Vanilla",1,0,1,0,0,0,0,0,700000,500000,Coffee Vanilla,1,0,1,0,0,0,0,,> 4 years,700,600,Fresh Hulled,1,0,1,0,Pests and diseases Lack of access to market Price fluctuations,1,0,1,1,0,0,0,,,,,,,,,,,,,,,,,,,>4 years,400,400,Fresh,1,0,0,Price fluctuations Lack of access to market,0,0,1,1,0,0,0,,,,,,,,,,,,,,,,,,,,,,,,,,,,,,,,,,,,,,,,,,,,,,,,,,,,,,,,,,,,,,,,,,,,,No,,No,,None of the above,0,0,0,0,1,Using organic ,0,1,0,,Crop rotation and intercropping with legumes,0,0,1,1,0,Fellow local farmers,1,0,0,0,0,0,0,Tarpaulin,1,0,0,0,Bag and keep on raised pallet,Dump in a pit Dump at a heap around the farm,0,1,0,1,0,,,No,,Yes,15,No,,,,,0.2704364 33.0244858 1247.3 4.6,0.2704364,33.0244858,1247.3,4.6,0.2704883 33.0245617 1231.8 4.181;0.2704561 33.0245731 1236.8 1.7;0.2704841 33.0246183 1227.0 1.65;0.2707406 33.0246586 1229.0 136.788;0.2704569 33.024441 1227.7 3.349;0.2704883 33.0245617 1231.8 4.181,,,d777d6c7-c8fe-4172-af63-b6a5a88bf276,submitted_via_web,deus_1,uuid:d777d6c7-c8fe-4172-af63-b6a5a88bf276
Ngabirano Deus,2025-10-13 16:20:00,0.2700576 33.0257385 1146.0 4.9,0.2700576,33.0257385,1146,4.9,Buikwe,Ngogwe,Wabusolo,EKUB1183,Lwanga James,Male,1994-11-17 00:00:00,31,Youth,Married,No,758312912,,,PLE,I am engaged in income generating activities and have an individual income,Self employment ,0,1,0,,,,,Male,PLE,4,2,Yes,Farming,600000,,3,No,No,No,Firewood,0,0,1,0,,,,,,,,,Coffee,1,0,0,0,0,0,0,0,500000,400000,Coffee,1,0,0,0,0,0,0,,> 4 years,200,180,Fresh,1,0,0,0,Price fluctuations Lack of access to market,0,0,1,1,0,0,0,,,,,,,,,,,,,,,,,,,,,,,,,,,,,,,,,,,,,,,,,,,,,,,,,,,,,,,,,,,,,,,,,,,,,,,,,,,,,,,,,,,,,,,,,,,,,,,,,,,,,,No,,No,,None of the above,0,0,0,0,1,Spraying with inorganic chemicals,1,0,0,<6 months ,Crop rotation and intercropping with legumes Apply Manure ,0,1,1,0,0,"Local agro-inputs shops, Fellow local farmers",1,1,0,0,0,0,0,,,,,,Keep on the floor,Dump in a pit Dump at a heap around the farm,0,1,0,1,0,,,No,,Yes,15,No,,,,,0.2698503 33.0257624 1186.5 4.1,0.2698503,33.0257624,1186.5,4.1,0.2698503 33.0257624 1186.5 4.1;0.2698353 33.025779 1191.6 1.8;0.2698105 33.0258779 1192.2 2.1;0.2696674 33.0258179 1193.0 3.75;0.2698503 33.0257624 1186.5 4.1,,,681e88bb-f47b-4a9a-91d2-aedbd62618b1,submitted_via_web,deus_1,uuid:681e88bb-f47b-4a9a-91d2-aedbd62618b1
Ngabirano Deus,2025-10-13 16:46:00,0.2706016 33.0251762 1205.1 4.48,0.2706016,33.0251762,1205.1,4.48,Buikwe,Ngogwe,Wabusolo,EKUB1184,Kabengano Bena,Female,1950-12-15 00:00:00,75,Adult,Widowed,No,781857789,,,PLE,I am engaged in income generating activities and have an individual income,Self employment ,0,1,0,,,,,Female,PLE,5,4,Yes,Farming,150000,,2,No,No,No,Firewood,0,0,1,0,,,,,,,,,Coffee,1,0,0,0,0,0,0,0,500000,300000,Coffee Vanilla Avocado,1,0,1,0,0,1,0,,> 4 years,200,190,Kiboko,0,1,0,0,Pests and diseases Lack of access to market,1,0,1,0,0,0,0,,,,,,,,,,,,,,,,,,,>4 years,100,70,Fresh,1,0,0,Price fluctuations Lack of access to market,0,0,1,1,0,0,0,,,,,,,,,,,,,,,,,,,,,,,,,,,,,,,,,,>4 Years,4,4,Raw,1,0,0,Price fluctuations Lack of access to market,0,0,1,1,0,0,0,,,,,,,,,,,,,,,,,,,,,No,,No,,None of the above,0,0,0,0,1,Using organic ,0,1,0,,Crop rotation and intercropping with legumes,0,0,1,1,0,Fellow local farmers,1,0,0,0,0,0,0,Tarpaulin,1,0,0,0,Bag and keep on raised pallet,Dump in a pit Dump at a heap around the farm,0,1,0,1,0,,,No,,Yes,7,No,,,,,0.270547 33.0252018 1210.1 4.933,0.270547,33.0252018,1210.1,4.933,0.2705564 33.0247818 1223.7 1.6;0.2704567 33.0248683 1221.6 34.197;0.2705599 33.0252103 1222.9 1.5;0.2705564 33.0247818 1223.7 1.6,,,0dc926a0-d705-4465-ab49-ca22242995f5,submitted_via_web,deus_1,uuid:0dc926a0-d705-4465-ab49-ca22242995f5
Ngabirano Deus,2025-10-14 13:10:00,0.2677133 33.0206674 1212.3 4.6,0.2677133,33.0206674,1212.3,4.6,Buikwe,Ngogwe,Ddungi,EKUB1185,Mbiro Joseph,Male,1950-01-10 00:00:00,76,Adult,Married,No,701194014,765673899,,PLE,I am engaged in income generating activities and have an individual income,Self employment ,0,1,0,,,,,Male,PLE,7,5,Yes,Farming,10000,,2,Yes,Yes,Yes,Firewood,0,0,1,10000,,,,,,,,,"Coffee, Beans, Maize",1,0,0,0,0,0,1,1,500000,300000,Coffee,1,0,0,0,0,0,0,,> 4 years,150,120,Fresh,1,0,0,0,Pests and diseases Lack of access to market Price fluctuations,1,0,1,1,0,0,0,,,,,,,,,,,,,,,,,,,,,,,,,,,,,,,,,,,,,,,,,,,,,,,,,,,,,,,,,,,,,,,,,,,,,,,,,,,,,,,,,,,,,,,,,,,,,,,,,,,,,,Yes,,No,,None of the above,0,0,0,0,1,Using organic ,0,1,0,,Purchase and apply inorganic fertilizer Apply Manure  Mulch,0,0,1,1,0,"Fellow local farmers, Local agro-inputs shops",1,1,0,0,0,0,0,,,,,,Bag and keep on the floor in a store,Dump at a heap around the farm,0,0,0,1,0,,,Yes,<10,No,,No,,,,,0.2675112 33.0203381 1250.6 4.2,0.2675112,33.0203381,1250.6,4.2,0.2675106 33.0203428 1251.3 3.933; 0.2676185 33.0201947 1250.1 1.95; 0.2678883 33.0209 1249.5 1.8; 0.267845 33.0210017 1247.4 1.7; 0.2675106 33.0203428 1251.3 3.933,,1760438282921.amr,cfb90e0c-e814-4579-b381-ad5921772eca,submitted_via_web,deus_1,uuid:cfb90e0c-e814-4579-b381-ad5921772eca
Ngabirano Deus,2025-10-14 14:14:00,0.2699952 33.0203712 1222.3 3.6,0.2699952,33.0203712,1222.3,3.6,Buikwe,Ngogwe,Ddungi,EKUB1186,Naluyombya Annet,Female,1990-10-25 00:00:00,35,Youth,Married,No,758439713,,,PLE,I am engaged in income generating activities and have an individual income,Self employment ,0,1,0,,,,,Male,UCE,10,6,Yes,Farming,100000,,3,No,No,No,Firewood,0,0,1,20000,,,,,,,,,"Coffee, Avocado Cassava Beans",1,0,0,0,1,1,1,0,3000000,500000,"Coffee, Cassava Jackfruit Avocado",1,0,0,1,0,1,1,,> 4 years,300,200,"Fresh, Hulled, Kiboko",1,1,1,0,Pests and diseases Price fluctuations,1,0,0,1,0,0,0,,,,,,,,,,,,,,,,,,,,,,,,,,,,,,,,,,,>4 Years,10,10,Raw,1,0,0,Price fluctuations Post harvest losses,0,0,0,1,1,0,0,,,,,,,,,,,,,,,,,,>4 Years,3,3,Raw,1,0,0,Price fluctuations Pests and diseases,1,0,0,1,0,0,0,,>4 Years,500,500,Fresh,1,0,0,0,Pests and diseases Low prices Lack of access to market Price fluctuations,1,0,1,1,1,0,0,0,,,No,,No,,None of the above,0,0,0,0,1,Spraying with inorganic chemicals,1,0,0,<6 months ,Purchase and apply inorganic fertilizer,0,0,1,1,0,Personal nursery,0,0,0,0,0,0,1,Tarpaulin,1,0,0,0,Bag and keep on raised pallet,Dump in a pit,0,1,0,0,0,,,No,,Yes,3,Yes,Write in a book,1,0,0,0.2699733 33.0203767 1201.4 4.7,0.2699733,33.0203767,1201.4,4.7,0.2699269 33.0201684 1219.5 1.65; 0.2699733 33.0203767 1201.4 4.7; 0.269855 33.0203032 1223.6 1.7; 0.2698982 33.0205592 1224.6 1.9; 0.2707964 33.0206759 1222.0 1.7; 0.2699269 33.0201684 1219.5 1.65,,1760442052080.amr,a9fab817-2bc6-4d84-af49-7e019a10f4ac,submitted_via_web,deus_1,uuid:a9fab817-2bc6-4d84-af49-7e019a10f4ac
Ngabirano Deus,2025-10-14 15:03:00,0.2658154 33.0212755 1234.1 4.4,0.2658154,33.0212755,1234.1,4.4,Buikwe,Ngogwe,Ddungi,EKUB1187,Margaret Nakiyimba,Female,1958-04-08 00:00:00,68,Adult,Married,Yes,773223441,,,PLE,I am engaged in income generating activities and have an individual income,Self employment ,0,1,0,,,,,Male,PLE,6,7,Yes,Farming,200000,,3,Yes,Yes,No,Firewood,0,0,1,0,,,,,,,,,"Coffee, Beans, Maize",1,0,0,0,0,0,1,1,500000,300000,"Coffee, Jackfruit, Avocado",1,0,0,1,0,1,0,,> 4 years,300,200,Hulled,0,0,1,0,"Pests and diseases, Price fluctuations, Lack of access to market",1,0,1,1,0,0,0,,,,,,,,,,,,,,,,,,,,,,,,,,,,,,,,,,,>4 Years,10,10,,,,,Post harvest losses Lack of access to market,0,0,1,0,1,0,0,,,,,,,,,,,,,,,,,,>4 Years,3,3,Raw,1,0,0,Lack of access to market,0,0,1,0,0,0,0,,,,,,,,,,,,,,,,,,,,,No,,No,,Organic,0,1,0,0,0,Spraying with inorganic chemicals,1,0,0,<6 months ,Purchase and apply inorganic fertilizer,0,0,1,1,0,Fellow local farmers,1,0,0,0,0,0,0,Tarpaulin,1,0,0,0,Bag and keep on the floor in a store,Burning,1,0,0,0,0,,,Yes,<10,Yes,5,No,,,,,0.2649179 33.0201101 1228.4 3.554,0.2649179,33.0201101,1228.4,3.554,0.2644798 33.0197903 1214.9 1.5; 0.2644699 33.0198049 1215.6 3.509; 0.2650681 33.0197165 1217.0 5.161; 0.2650383 33.019875 1219.7 38.685; 0.2644798 33.0197903 1214.9 1.5,,1760446105447.amr,e79718e7-c96a-4f7a-a23f-933f4e2f4d5c,submitted_via_web,deus_1,uuid:e79718e7-c96a-4f7a-a23f-933f4e2f4d5c
Were Kenneth Elly,2025-10-15 12:07:00,0.1170001 32.9591256 1253.2 4.2,0.1170001,32.9591256,1253.2,4.2,Buikwe,Ssi,Musomoko,EKUB1188,Namugalu Stella,Female,1992-05-02 00:00:00,34,Youth,Married,No,753621422,,,No formal education,I am engaged in income generating activities and have an individual income,Self employment ,0,1,0,,,,,Male,No formal education,10,8,Yes,Farming,100000,,3,No,No,No,Firewood,0,0,1,0,,,,,,,,,"Coffee, Cocoa",1,1,0,0,0,0,0,0,800000,800000,Coffee Cocoa,1,1,0,0,0,0,0,,> 4 years,200,200,Kiboko,0,1,0,0,Pests and diseases Price fluctuations Lack of or access to knowledge and extension services Lack of access to quality inputs,1,1,0,1,0,0,1,>4 Years,40,30,Dry fermented,0,0,1,0,0,"Pest and diseases, Lack of access to quality puts, Lack of or access to knowledge and extension services Price fluctuations",1,1,0,1,0,0,1,,,,,,,,,,,,,,,,,,,,,,,,,,,,,,,,,,,,,,,,,,,,,,,,,,,,,,,,,,,,,,,,,,,,,,,,,,,,,,,,,,,,,Yes,,No,,None of the above,0,0,0,0,1,Spraying with inorganic chemicals,1,0,0,<6 months ,Purchase and apply inorganic fertilizer Apply Manure  Mulch,0,1,1,0,0,"Fellow local farmers, Local nursery beds Personal nursery",1,0,1,0,0,0,1,Tarpaulin,1,0,0,0,Bag and keep on raised pallet,Burning,1,0,0,0,0,,,Yes,51-100,Yes,15,No,,,,,0.1152399 32.9730734 1174.8 4.955,0.1152399,32.9730734,1174.8,4.955,0.1152489 32.9730787 1174.6 5.007;0.1150031 32.9735203 1171.2 6.351;0.11368267229615538 32.97308407723904 0.0 0.0;0.1139686 32.9723825 1180.9 6.055;0.1152489 32.9730787 1174.6 5.007,,1760433009042.amr,e9ededbc-3f2e-4bb4-beec-526c73933709,submitted_via_web,kenneth1elly,uuid:e9ededbc-3f2e-4bb4-beec-526c73933709
Were Kenneth Elly,2025-10-15 12:22:00,0.1167986 32.9661804 1220.8 4.35,0.1167986,32.9661804,1220.8,4.35,Buikwe,Ssi,Musomoko,EKUB1189,Mutebi vitus,Male,1985-01-15 00:00:00,41,Adult,Married,No,757011084,,,PLE,I am engaged in income generating activities and have an individual income,Self employment ,0,1,0,,,,,Male,PLE,5,3,Yes,Farming,100000,,3,No,No,No,Firewood,0,0,1,0,,,,,,,,,"Coffee, Cocoa",1,1,0,0,0,0,0,0,500000,500000,Coffee Cocoa,1,1,0,0,0,0,0,,> 4 years,30,30,Kiboko,0,1,0,0,Pests and diseases Lack of or access to knowledge and extension services Lack of access to market,1,0,1,0,0,0,1,>4 Years,500,500,Dry fermented,0,0,1,0,0,Lack of or access to knowledge and extension services Pest and diseases Lack of access to market,1,0,1,0,0,0,1,,,,,,,,,,,,,,,,,,,,,,,,,,,,,,,,,,,,,,,,,,,,,,,,,,,,,,,,,,,,,,,,,,,,,,,,,,,,,,,,,,,,,Yes,,No,,None of the above,0,0,0,0,1,Spraying with inorganic chemicals,1,0,0,<6 months ,Purchase and apply inorganic fertilizer Apply Manure ,1,0,1,0,0,"Fellow local farmers, Local nursery beds Personal nursery",1,0,1,0,0,0,1,Tarpaulin,1,0,0,0,Bag and keep on raised pallet,Burning,1,0,0,0,0,,,Yes,<10,Yes,20,No,,,,,0.1167868 32.9660366 1212.2 4.0,0.1167868,32.9660366,1212.2,4,0.1140779620689324 32.97084107995033 0.0 0.0;0.1143984854091099 32.97068014740944 0.0 0.0;0.1140675 32.9703876 1188.7 6.201;0.113765 32.9705712 1187.2 5.219;0.1140779620689324 32.97084107995033 0.0 0.0,,1760434442190.amr,a0f91107-bec9-464d-8cde-212cb267dd67,submitted_via_web,kenneth1elly,uuid:a0f91107-bec9-464d-8cde-212cb267dd67
Were Kenneth Elly,2025-10-15 12:34:00,0.1167467 32.9662617 1250.2 3.7,0.1167467,32.9662617,1250.2,3.7,Buikwe,Ssi,Musomoko,EKUB1190,Kagoya Zaina,Female,1994-10-05 00:00:00,31,Youth,Married,Yes,701315795,,,PLE,I am engaged in income generating activities and have an individual income,Self employment ,0,1,0,,,,,Male,PLE,5,3,Yes,Farming,100000,,3,No,No,No,Firewood,0,0,1,0,,,,,,,,,"Coffee, Cocoa",1,1,0,0,0,0,0,0,800000,800000,Coffee Cocoa,1,1,0,0,0,0,0,,> 4 years,50,50,Fresh,1,0,0,0,"Pests and diseases, Lack of access to quality inputs, Price fluctuations, Lack of or access to knowledge and extension services",1,1,0,1,0,0,1,>4 Years,200,200,Dry fermented,0,0,1,0,0,Pest and diseases Price fluctuations Lack of or access to knowledge and extension services,1,0,0,1,0,0,1,,,,,,,,,,,,,,,,,,,,,,,,,,,,,,,,,,,,,,,,,,,,,,,,,,,,,,,,,,,,,,,,,,,,,,,,,,,,,,,,,,,,,Yes,,No,,None of the above,0,0,0,0,1,Spraying with inorganic chemicals,1,0,0,<6 months ,Purchase and apply inorganic fertilizer Mulch Apply Manure ,0,1,0,0,0,"Fellow local farmers, Local nursery beds Personal nursery",1,0,1,0,0,0,1,Tarpaulin,1,0,0,0,Bag and keep on raised pallet,Burning,1,0,0,0,0,,,Yes,<10,Yes,15,No,,,,,0.1167417 32.9660767 1231.7 3.8,0.1167417,32.9660767,1231.7,3.8,0.1167853 32.9662457 1247.3 486.038; 0.1169393 32.966202 1249.4 157.807; 0.1170997 32.9664449 1251.2 3.579; 0.1167853 32.9662457 1247.3 486.038,,1760435047150.amr,0e848fc6-e5b2-4678-952b-f2b0759ca85b,submitted_via_web,kenneth1elly,uuid:0e848fc6-e5b2-4678-952b-f2b0759ca85b
Were Kenneth Elly,2025-10-15 13:01:00,0.1165923 32.966409 1240.0 4.925,0.1165923,32.966409,1240,4.925,Buikwe,Ssi,Musomoko,EKUB1191,Lyazzi Francis,Male,1960-08-18 00:00:00,65,Adult,Married,No,756015807,,,No formal education,I am engaged in income generating activities and have an individual income,Self employment ,0,1,0,,,,,Male,No formal education,10,8,Yes,Farming,100000,,3,No,No,No,Firewood,0,0,1,0,,,,,,,,,"Coffee, Cocoa",1,1,0,0,0,0,0,0,2000000,2000000,Coffee Cocoa,1,1,0,0,0,0,0,,> 4 years,1000,1000,Kiboko,0,1,0,0,"Pests and diseases, Lack of access to quality inputs, Price fluctuations, Lack of or access to knowledge and extension services",1,1,0,1,0,0,1,>4 Years,800,800,Dry fermented,0,0,1,0,0,"Pest and diseases, Lack of access to quality puts Price fluctuations Lack of or access to knowledge and extension services Post harvest losses",1,1,0,1,1,0,1,,,,,,,,,,,,,,,,,,,,,,,,,,,,,,,,,,,,,,,,,,,,,,,,,,,,,,,,,,,,,,,,,,,,,,,,,,,,,,,,,,,,,Yes,,No,,None of the above,0,0,0,0,1,Spraying with inorganic chemicals,1,0,0,<6 months ,Apply Manure  Mulch Crop rotation and intercropping with legumes,0,1,1,0,0,"Fellow local farmers, Local nursery beds Personal nursery",1,0,1,0,0,0,1,Tarpaulin,1,0,0,0,Bag and keep on raised pallet,Burning,1,0,0,0,0,,,Yes,10-50,Yes,20,No,,,,,0.116005 32.96661 1224.2 4.4,0.116005,32.96661,1224.2,4.4,0.1159116 32.9665653 1233.6 4.007; 0.1158636 32.9664451 1224.3 3.172; 0.1162103 32.9662172 1226.7 3.799; 0.1162437 32.9662782 1233.5 5.654; 0.1159116 32.9665653 1233.6 4.007,,1760436554466.amr,7c2afba9-1b9a-4f57-b30d-264a43390306,submitted_via_web,kenneth1elly,uuid:7c2afba9-1b9a-4f57-b30d-264a43390306
Were Kenneth Elly,2025-10-15 13:28:00,0.1169833 32.9591617 1252.7 1.6,0.1169833,32.9591617,1252.7,1.6,Buikwe,Ssi,Musomoko,EKUB1192,Namutebi Sylvia,Female,1982-02-15 00:00:00,44,Adult,Married,No,709137535,,,PLE,I am engaged in income generating activities and have an individual income,Self employment ,0,1,0,,,,,Male,PLE,12,9,Yes,Farming,100000,,3,No,No,No,Firewood,0,0,1,0,,,,,,,,,"Coffee, Cocoa",1,1,0,0,0,0,0,0,1000000,1000000,Coffee Cocoa,1,1,0,0,0,0,0,,> 4 years,200,200,Fresh,1,0,0,0,Pests and diseases Price fluctuations Lack of or access to knowledge and extension services,1,0,0,1,0,0,1,>4 Years,200,50,Dry fermented,0,0,1,0,0,Pest and diseases Lack of or access to knowledge and extension services,1,0,0,0,0,0,1,,,,,,,,,,,,,,,,,,,,,,,,,,,,,,,,,,,,,,,,,,,,,,,,,,,,,,,,,,,,,,,,,,,,,,,,,,,,,,,,,,,,,Yes,,No,,None of the above,0,0,0,0,1,Spraying with inorganic chemicals,1,0,0,> 1 Year,Mulch Crop rotation and intercropping with legumes Apply Manure ,0,1,1,0,0,"Fellow local farmers, Personal nursery",1,0,0,0,0,0,1,Tarpaulin,1,0,0,0,Bag and keep on raised pallet,Burning,1,0,0,0,0,,,Yes,<10,Yes,30,No,,,,,0.1169883 32.9591633 1252.4 2.1,0.1169883,32.9591633,1252.4,2.1,0.1163232 32.969352 1220.4 8.073;0.1162881 32.9690011 1218.3 7.386;0.1156982 32.9690953 1215.1 12.575;0.11577479113338504 32.96929880976677 0.0 0.0;0.1163232 32.969352 1220.4 8.073,,1760438443861.amr,240db89b-24b7-47e3-83a7-c00d01bb6de6,submitted_via_web,kenneth1elly,uuid:240db89b-24b7-47e3-83a7-c00d01bb6de6
Were Kenneth Elly,2025-10-15 13:49:00,0.1171017 32.9590417 1253.3 4.8,0.1171017,32.9590417,1253.3,4.8,Buikwe,Ssi,Musomoko,EKUB1193,Mubiru Charles,Male,1978-05-05 00:00:00,48,Adult,Married,No,753976841,,,UCE,I am engaged in income generating activities and have an individual income,Self employment ,0,1,0,,,,,Male,UCE,10,8,Yes,Farming,100000,,3,No,No,No,Firewood,0,0,1,0,,,,,,,,,"Coffee, Cocoa",1,1,0,0,0,0,0,0,1000000,1000000,Coffee Cocoa,1,1,0,0,0,0,0,,> 4 years,2000,2000,Kiboko,0,1,0,0,Pests and diseases Price fluctuations Lack of or access to knowledge and extension services Lack of access to quality inputs,1,1,0,1,0,0,1,>4 Years,100,30,Dry fermented,0,0,1,0,0,"Pest and diseases, Lack of access to quality puts, Lack of or access to knowledge and extension services Price fluctuations",1,1,0,1,0,0,1,,,,,,,,,,,,,,,,,,,,,,,,,,,,,,,,,,,,,,,,,,,,,,,,,,,,,,,,,,,,,,,,,,,,,,,,,,,,,,,,,,,,,Yes,,No,,None of the above,0,0,0,0,1,Spraying with inorganic chemicals,1,0,0,<6 months ,"Mulch, Apply Manure, Crop rotation and intercropping with legumes",0,1,1,0,0,"Fellow local farmers, Personal nursery Local nursery beds",1,0,1,0,0,0,1,Tarpaulin,1,0,0,0,Bag and keep on raised pallet,Burning,1,0,0,0,0,,,Yes,10-50,Yes,30,No,,,,,0.1149644 32.9725266 1183.6 4.798,0.1149644,32.9725266,1183.6,4.798,0.11445615278793571 32.97285508364439 0.0 0.0;0.1151535 32.972391 1188.0 6.848;0.11551126463445512 32.97292917966843 0.0 0.0;0.11478740493840352 32.97333285212517 0.0 0.0;0.11445615278793571 32.97285508364439 0.0 0.0,,1760439373562.amr,62c24e6d-e671-476f-bad1-dda5c77a332a,submitted_via_web,kenneth1elly,uuid:62c24e6d-e671-476f-bad1-dda5c77a332a
Were Kenneth Elly,2025-10-15 14:35:00,0.116127 32.9698275 1214.0 4.879,0.116127,32.9698275,1214,4.879,Buikwe,Ssi,Musomoko,EKUB1194,Suuna Elvis,Male,1981-08-16 00:00:00,44,Adult,Married,No,752006328,,,PLE,I am engaged in income generating activities and have an individual income,Self employment ,0,1,0,,,,,Male,PLE,9,7,Yes,Farming,70000,,3,No,No,No,Firewood,0,0,1,0,,,,,,,,,Coffee,1,0,0,0,0,0,0,0,800000,800000,Coffee Cocoa,1,1,0,0,0,0,0,,> 4 years,60,60,Kiboko,0,1,0,0,"Pests and diseases, Lack of access to quality inputs, Price fluctuations, Lack of or access to knowledge and extension services",1,1,0,1,0,0,1,>4 Years,70,30,Dry fermented,0,0,1,0,0,"Pest and diseases, Lack of access to quality puts, Lack of or access to knowledge and extension services",1,1,0,0,0,0,1,,,,,,,,,,,,,,,,,,,,,,,,,,,,,,,,,,,,,,,,,,,,,,,,,,,,,,,,,,,,,,,,,,,,,,,,,,,,,,,,,,,,,Yes,,No,,None of the above,0,0,0,0,1,Spraying with inorganic chemicals,1,0,0,<6 months ,Mulch Crop rotation and intercropping with legumes Apply Manure ,0,1,0,0,0,"Fellow local farmers, Personal nursery Local nursery beds",1,0,1,0,0,0,1,Tarpaulin,1,0,0,0,Bag and keep on raised pallet,Burning,1,0,0,0,0,,,Yes,51-100,Yes,15,No,,,,,0.1164911 32.9657229 1260.6 4.85,0.1164911,32.9657229,1260.6,4.85,0.1166788 32.9656859 1252.7 4.729; 0.11676150674313092 32.9656620696187 0.0 0.0; 0.1168564 32.9656003 1247.2 3.109; 0.1169017 32.9658079 1251.8 3.203; 0.1166788 32.9656859 1252.7 4.729,,1760441921214.amr,4a3b682a-b5e2-42e3-a4e5-cbf5c1dbe830,submitted_via_web,kenneth1elly,uuid:4a3b682a-b5e2-42e3-a4e5-cbf5c1dbe830
Were Kenneth Elly,2025-10-15 14:47:00,0.1170151 32.95908 1258.6 3.1,0.1170151,32.95908,1258.6,3.1,Buikwe,Ssi,Musomoko,EKUB1195,Namayanja Justine,Female,1990-02-10 00:00:00,36,Adult,Single,No,755738681,,,PLE,I am engaged in income generating activities and have an individual income,Self employment ,0,1,0,,,,,Female,PLE,5,3,Yes,Farming,100000,,3,No,No,No,Firewood,0,0,1,600000,,,,,,,,,"Coffee, Cocoa",1,1,0,0,0,0,0,0,600000,600000,Coffee Cocoa,1,1,0,0,0,0,0,,> 4 years,140,140,Kiboko,0,1,0,0,"Pests and diseases, Lack of access to quality inputs, Price fluctuations, Lack of or access to knowledge and extension services",1,1,0,1,0,0,1,1 - 4 Years,30,6,Dry fermented,0,0,1,0,0,Pest and diseases Lack of access to market Price fluctuations Lack of or access to knowledge and extension services,1,0,1,1,0,0,1,,,,,,,,,,,,,,,,,,,,,,,,,,,,,,,,,,,,,,,,,,,,,,,,,,,,,,,,,,,,,,,,,,,,,,,,,,,,,,,,,,,,,Yes,,No,,None of the above,0,0,0,0,1,Spraying with inorganic chemicals,1,0,0,<6 months ,Apply Manure  Mulch Crop rotation and intercropping with legumes,0,1,1,0,0,"Fellow local farmers, Local nursery beds Personal nursery",1,0,1,0,0,0,1,Tarpaulin,1,0,0,0,Bag and keep on raised pallet,Burning,1,0,0,0,0,,,Yes,10-50,Yes,5,No,,,,,,,,,,0.1159682 32.970039 1214.9 12.324;0.1161615 32.9702436 1214.1 6.749;0.11561821750136053 32.9706285148859 0.0 0.0;0.11543582765911216 32.97036599367857 0.0 0.0;0.1159682 32.970039 1214.9 12.324,,1760442861149.amr,cc28b95b-b8ef-47c7-afa6-0b5f38b8c848,submitted_via_web,kenneth1elly,uuid:cc28b95b-b8ef-47c7-afa6-0b5f38b8c848
Bukenya Denis Stanley,2025-10-15 12:27:00,0.1148627 32.9643052 1236.3 4.98,0.1148627,32.9643052,1236.3,4.98,Buikwe,Ssi,Musomoko,EKUB1196,Namuswe Christine,Female,1962-01-01 00:00:00,64,Adult,Widowed,No,753639895,,,No formal education,I am engaged in income generating activities and have an individual income,Self employment ,0,1,0,,,,,Female,No formal education,6,5,Yes,Farming,150000,,3,No,No,No,Firewood,0,0,1,80000,,,,,,,,,"Coffee, Cocoa, Maize, Beans, Cassava",1,1,0,0,1,0,1,1,1800000,700000,"Coffee, Cocoa, Cassava",1,1,0,0,0,0,1,"Matooke, Sugarcane ",> 4 years,250,250,"Kiboko, Fresh",1,1,0,0,"Pests and diseases, Lack of access to quality inputs, Price fluctuations, Lack of or access to knowledge and extension services",1,1,0,1,0,0,1,>4 Years,260,200,"Fresh, Dry fermented",0,1,1,0,0,"Pest and diseases, Lack of access to quality puts Price fluctuations Lack of or access to knowledge and extension services",1,1,0,1,0,0,1,,,,,,,,,,,,,,,,,,,,,,,,,,,,,,,,,,,,,,,,,,,,,,,,,,,,,,,,,,,,,,,,,,>4 Years,700,700,Fresh,1,0,0,0,Pests and diseases Low prices Price fluctuations Post harvest losses Lack of access to knowledge and extension services,1,0,0,1,1,1,0,1,,,Yes,,No,,None of the above,0,0,0,0,1,Use of integrated methods,0,0,1,,Mulch Crop rotation and intercropping with legumes Apply Manure ,0,0,1,1,0,"Fellow local farmers, Government research institutions Personal nursery",1,0,0,0,1,0,1,Tarpaulin Bare ground,1,1,0,0,Bag and keep on the floor in a store,Burning Dump in a pit,1,1,0,0,0,,,Yes,10-50,Yes,50,No,,,,,0.1148697 32.9642712 1236.4 5.0,0.1148697,32.9642712,1236.4,5,0.1147126 32.9644188 1237.4 2.3; 0.1143867 32.9645517 1238.7 1.66; 0.114422 32.9647211 1235.0 1.78; 0.1150189 32.9645642 1241.8 1.84; 0.1147126 32.9644188 1237.4 2.3,,1760434490110.amr,c583ce0b-9848-43cb-add6-234b97bc265f,submitted_via_web,denis_1,uuid:c583ce0b-9848-43cb-add6-234b97bc265f
Bukenya Denis Stanley,2025-10-15 12:35:00,0.1150068 32.9645378 1241.8 4.25,0.1150068,32.9645378,1241.8,4.25,Buikwe,Ssi,Musomoko,EKUB1197,Nampeera Josephine,Female,2000-04-01 00:00:00,26,Youth,Single,Yes,708251128,,,UCE,I am engaged in income generating activities and have an individual income,Wage,1,0,0,,,,,Female,UCE,1,0,,Formal job,500000,,3,No,No,No,"Charcoal, Firewood",0,1,1,50000,,,,,,,,,"Coffee, Cocoa",1,1,0,0,0,0,0,0,900000,600000,"Coffee, Cocoa, Cassava",1,1,0,0,0,0,1,Matooke,> 4 years,200,200,"Kiboko, Fresh",1,1,0,0,"Pests and diseases, Lack of access to quality inputs, Price fluctuations, Lack of or access to knowledge and extension services",1,1,0,1,0,0,1,1 - 4 Years,100,100,Dry fermented,0,0,1,0,0,"Pest and diseases, Lack of access to quality puts Price fluctuations Lack of or access to knowledge and extension services",1,1,0,1,0,0,1,,,,,,,,,,,,,,,,,,,,,,,,,,,,,,,,,,,,,,,,,,,,,,,,,,,,,,,,,,,,,,,,,,1 - 4 Years,500,500,Fresh,1,0,0,0,Pests and diseases Low prices Price fluctuations Lack of access to knowledge and extension services,1,0,0,1,1,0,0,1,,,No,,No,,None of the above,0,0,0,0,1,Use of integrated methods,0,0,1,,Crop rotation and intercropping with legumes Apply Manure ,0,0,1,1,1,"Fellow local farmers, Government research institutions Local nursery beds",1,0,1,0,1,0,0,Tarpaulin Bare ground,1,1,0,0,Bag and keep on the floor in a store,Burning,1,0,0,0,0,,,No,,No,,Yes,Write in a book,1,0,0,0.1147718 32.9642319 1241.5 4.86,0.1147718,32.9642319,1241.5,4.86,0.1147077 32.9640313 1240.0 2.733; 0.1140316 32.9640727 1224.8 1.85; 0.1141124 32.9643031 1220.2 1.75; 0.1143181 32.9643794 1219.2 1.94; 0.1146637 32.9642842 1224.7 2.133; 0.1147077 32.9640313 1240.0 2.733,,1760434889994.amr,79d76f0b-908c-42fb-852e-7bded3222fe4,submitted_via_web,denis_1,uuid:79d76f0b-908c-42fb-852e-7bded3222fe4
Bukenya Denis Stanley,2025-10-15 12:54:00,0.1113265 32.9643052 1185.0 4.62,0.1113265,32.9643052,1185,4.62,Buikwe,Ssi,Musomoko,EKUB1198,Yagina Joseph,Male,1998-07-17 00:00:00,28,Youth,Married,No,752694289,,,No formal education,I am engaged in income generating activities and have an individual income,Self employment ,0,1,0,,,,,Male,No formal education,2,0,,Casual labor,250000,,3,No,No,No,Firewood,0,0,1,40000,,,,,,,,,"Coffee, Cocoa, Maize, Cassava",1,1,0,0,1,0,0,1,1500000,1000000,"Coffee, Cocoa, Cassava",1,1,0,0,0,0,1,"Eggplants, Matooke ",> 4 years,300,200,Fresh,1,0,0,0,"Pests and diseases, Lack of access to quality inputs, Price fluctuations, Lack of or access to knowledge and extension services",1,1,0,1,0,0,1,1 - 4 Years,350,200,"Pods, Dry fermented",1,0,1,0,0,"Pest and diseases, Lack of access to quality puts Price fluctuations Lack of or access to knowledge and extension services",1,1,0,1,0,0,1,,,,,,,,,,,,,,,,,,,,,,,,,,,,,,,,,,,,,,,,,,,,,,,,,,,,,,,,,,,,,,,,,,>4 Years,500,400,Fresh,1,0,0,0,Pests and diseases Price fluctuations Low prices Lack of access to knowledge and extension services Post harvest losses,1,0,0,1,1,1,0,1,,,Yes,,No,,None of the above,0,0,0,0,1,Use of integrated methods,0,0,1,,Crop rotation and intercropping with legumes,0,0,1,1,1,"Fellow local farmers, Local nursery beds",1,0,1,0,0,0,0,Tarpaulin Bare ground,1,1,0,0,Bag and keep on the floor in a store,Burning Dump in a pit,1,1,0,0,0,,,Yes,10-50,No,,No,,,,,0.1113638 32.9643283 1171.7 4.58,0.1113638,32.9643283,1171.7,4.58,0.1113688 32.9643235 1171.7 5.675; 0.1113746 32.9649044 1188.3 1.82; 0.1116353 32.9649373 1192.5 1.95; 0.1116987 32.9642677 1193.5 1.62; 0.1113688 32.9643235 1171.7 5.675,,1760436360442.amr,f7faa45e-d67b-4fa2-95ce-219b3807bdd2,submitted_via_web,denis_1,uuid:f7faa45e-d67b-4fa2-95ce-219b3807bdd2
Bukenya Denis Stanley,2025-10-15 13:28:00,0.1168245 32.964259 1249.8 4.78,0.1168245,32.964259,1249.8,4.78,Buikwe,Ssi,Musomoko,EKUB1199,Nakato Milly,Female,1986-12-20 00:00:00,39,Adult,Widowed,No,704690125,783060818,,No formal education,I am engaged in income generating activities and have an individual income,Self employment ,0,1,0,,,,,Female,No formal education,2,1,Yes,Farming,200000,,3,No,No,No,Firewood,0,0,1,50000,,,,,,,,,"Coffee, Cocoa, Maize, Beans, Cassava",1,1,0,0,1,0,1,1,800000,600000,"Coffee, Cocoa, Cassava Avocado Jackfruit",1,1,0,1,0,1,1,"Matooke, Gonja",> 4 years,75,75,"Kiboko, Fresh",1,1,0,0,"Pests and diseases, Lack of access to quality inputs, Price fluctuations, Lack of or access to knowledge and extension services",1,1,0,1,0,0,1,>4 Years,45,45,"Pods, Dry fermented",1,0,1,0,0,"Pest and diseases, Lack of access to quality puts Price fluctuations Lack of or access to knowledge and extension services",1,1,0,1,0,0,1,,,,,,,,,,,,,,,,,,>4 Years,7,7,Raw Ripe,1,1,0,"Lack of access to market, Post harvest losses, Lack of access to knowledge and extension services",0,0,1,0,1,0,1,,,,,,,,,,,,,,,,,,>4 Years,5,5,Raw,1,0,0,Lack of access to market Lack of access to knowledge and extension services,0,0,1,0,0,0,1,,>4 Years,700,500,Fresh,1,0,0,0,Pests and diseases Price fluctuations Low prices Lack of access to market Lack of access to knowledge and extension services,1,0,1,1,1,0,0,1,,,No,,No,,None of the above,0,0,0,0,1,Use of integrated methods,0,0,1,,Apply Manure  Crop rotation and intercropping with legumes,0,0,1,1,1,"Fellow local farmers, Local agro-inputs shops, Government research institutions",1,1,0,0,1,0,0,Tarpaulin Bare ground,1,1,0,0,Bag and keep on the floor in a store,Burning Dump in a pit,1,1,0,0,0,,,Yes,<10,No,,No,,,,,0.1167823 32.9642487 1254.5 4.883,0.1167823,32.9642487,1254.5,4.883,0.116851 32.9641627 1254.3 2.02; 0.1167544 32.9642859 1254.0 2.016; 0.1164811 32.9643275 1253.2 1.76; 0.1164237 32.9641022 1252.8 1.8; 0.1166928 32.9641021 1246.9 1.866; 0.116851 32.9641627 1254.3 2.02,,1760438495674.amr,dbc82ef5-a84e-4fd7-a726-cf548e89e152,submitted_via_web,denis_1,uuid:dbc82ef5-a84e-4fd7-a726-cf548e89e152
Bukenya Denis Stanley,2025-10-15 13:43:00,0.1167825 32.9641657 1245.5 4.42,0.1167825,32.9641657,1245.5,4.42,Buikwe,Ssi,Musomoko,EKUB1200,Sembuya John,Male,2002-12-20 00:00:00,23,Youth,Married,No,709627378,783195881,,PLE,I am engaged in income generating activities and have an individual income,Self employment ,0,1,0,,,,,Male,PLE,3,1,No,Farming,170000,,3,No,No,No,Firewood,0,0,1,40000,,,,,,,,,"Coffee, Cocoa, Beans, Cassava",1,1,0,0,1,0,1,0,800000,650000,"Coffee, Cocoa, Cassava",1,1,0,0,0,0,1,"Matooke, ",> 4 years,45,45,"Fresh, Kiboko",1,1,0,0,"Pests and diseases, Lack of access to quality inputs, Price fluctuations, Lack of or access to knowledge and extension services",1,1,0,1,0,0,1,1 - 4 Years,110,90,"Pods, Dry fermented",1,0,1,0,0,"Pest and diseases, Lack of access to quality puts Price fluctuations Lack of or access to knowledge and extension services",1,1,0,1,0,0,1,,,,,,,,,,,,,,,,,,,,,,,,,,,,,,,,,,,,,,,,,,,,,,,,,,,,,,,,,,,,,,,,,,>4 Years,500,500,Fresh,1,0,0,0,Pests and diseases Price fluctuations Post harvest losses Lack of access to knowledge and extension services,1,0,0,0,1,1,0,1,,,No,,No,,None of the above,0,0,0,0,1,Use of integrated methods,0,0,1,,Apply Manure  Crop rotation and intercropping with legumes,0,0,1,1,1,"Fellow local farmers, Local agro-inputs shops, Local nursery beds",1,1,1,0,0,0,0,Tarpaulin Bare ground,1,1,0,0,Bag and keep on the floor in a store,Burning Dump in a pit,1,1,0,0,0,,,Yes,<10,No,,No,,,,,0.1169486 32.964015 1246.0 4.64,0.1169486,32.964015,1246,4.64,0.1168814 32.9640364 1248.2 4.3; 0.117504 32.9640088 1262.8 1.983; 0.1175464 32.9642509 1270.8 1.833; 0.1170056 32.9642886 1263.6 1.983; 0.1168814 32.9640364 1248.2 4.3,,1760439064385.amr,9a1d0e11-ba3b-404f-8dc8-89a777a6c339,submitted_via_web,denis_1,uuid:9a1d0e11-ba3b-404f-8dc8-89a777a6c339
Bukenya Denis Stanley,2025-10-15 13:59:00,0.1129025 32.9661682 1216.0 4.766,0.1129025,32.9661682,1216,4.766,Buikwe,Ssi,Musomoko,EKUB1201,Nsubuga Stephen,Male,1996-01-02 00:00:00,30,Youth,Married,No,778571775,708857856,,PLE,I am engaged in income generating activities and have an individual income,Self employment ,0,1,0,,,,,Male,PLE,3,1,Yes,Farming,150000,,3,No,No,No,Firewood,0,0,1,40000,,,,,,,,,"Coffee, Cocoa, Cassava, Beans, Maize",1,1,0,0,1,0,1,1,1000000,800000,"Coffee, Cocoa, Cassava",1,1,0,0,0,0,1,"Matooke, Gonja ",> 4 years,150,150,"Kiboko, Fresh",1,1,0,0,"Pests and diseases, Lack of access to quality inputs, Price fluctuations, Lack of or access to knowledge and extension services",1,1,0,1,0,0,1,>4 Years,340,200,"Pods, Dry fermented",1,0,1,0,0,"Pest and diseases, Lack of access to quality puts Price fluctuations Lack of or access to knowledge and extension services",1,1,0,1,0,0,1,,,,,,,,,,,,,,,,,,,,,,,,,,,,,,,,,,,,,,,,,,,,,,,,,,,,,,,,,,,,,,,,,,>4 Years,800,500,Fresh,1,0,0,0,Pests and diseases Low prices Price fluctuations Lack of access to knowledge and extension services Post harvest losses,1,0,0,1,1,1,0,1,,,Yes,,No,,None of the above,0,0,0,0,1,Use of integrated methods,0,0,1,,Crop rotation and intercropping with legumes Apply Manure ,0,0,1,1,1,"Fellow local farmers, Local agro-inputs shops",1,1,0,0,0,0,0,Tarpaulin Bare ground,1,1,0,0,Bag and keep on the floor in a store,Burning Dump in a pit,1,1,0,0,0,,,Yes,10-50,Yes,5,No,,,,,0.1128628 32.9662267 1212.9 5.0,0.1128628,32.9662267,1212.9,5,0.1127704 32.9662306 1214.2 2.26; 0.1128506 32.9659448 1211.0 1.72; 0.1125644 32.9659905 1206.3 1.916; 0.1125368 32.9659271 1205.4 1.45; 0.1122423 32.9659934 1200.6 1.65; 0.1123251 32.9663734 1202.7 1.8; 0.1127704 32.9662306 1214.2 2.26,,1760439951146.amr,843040f3-7629-4484-8a0c-9ba87656c1a5,submitted_via_web,denis_1,uuid:843040f3-7629-4484-8a0c-9ba87656c1a5
Bukenya Denis Stanley,2025-10-15 12:42:00,0.1113188 32.9642605 1187.6 4.0,0.1113188,32.9642605,1187.6,4,Buikwe,Ssi,Musomoko,EKUB1202,Jjumba Anthony,Male,1992-11-18 00:00:00,33,Youth,Married,Yes,756503313,,,UCE,I am engaged in income generating activities and have an individual income,Self employment ,0,1,0,,,,,Male,UCE,6,4,Yes,Business,400000,,3,No,No,No,Firewood,0,0,1,80000,,,,,,,,,"Coffee, Cocoa, Maize, Cassava, Beans",1,1,0,0,1,0,1,1,1700000,1000000,"Coffee, Cocoa, Cassava",1,1,0,0,0,0,1,Matooke ' sugarcane ,> 4 years,300,300,"Fresh, Kiboko",1,1,0,0,"Pests and diseases, Lack of access to quality inputs, Price fluctuations, Lack of or access to knowledge and extension services",1,1,0,1,0,0,1,>4 Years,500,250,Dry fermented Pods,1,0,1,0,0,"Pest and diseases, Lack of access to quality puts Price fluctuations Lack of or access to knowledge and extension services",1,1,0,1,0,0,1,,,,,,,,,,,,,,,,,,,,,,,,,,,,,,,,,,,,,,,,,,,,,,,,,,,,,,,,,,,,,,,,,,>4 Years,600,600,Fresh,1,0,0,0,Pests and diseases Low prices Price fluctuations Lack of access to knowledge and extension services,1,0,0,1,1,0,0,1,,,Yes,,No,,None of the above,0,0,0,0,1,Use of integrated methods,0,0,1,,Apply Manure  Crop rotation and intercropping with legumes,0,0,1,1,1,"Fellow local farmers, Government research institutions Local nursery beds Personal nursery",1,0,1,0,1,0,1,Tarpaulin Bare ground,1,1,0,0,Bag and keep on the floor in a store,Burning Dump in a pit,1,1,0,0,0,,,Yes,10-50,Yes,10,Yes,Write in a book,1,0,0,0.1113003 32.9642729 1188.6 4.925,0.1113003,32.9642729,1188.6,4.925,0.1113157 32.9642903 1188.5 4.06; 0.1112978 32.9648702 1182.7 1.833; 0.1109292 32.9648294 1179.5 2.0; 0.1110808 32.9644447 1183.6 1.8; 0.1113157 32.9642903 1188.5 4.06,,1760435582160.amr,1d84f763-f84b-4d4d-8a1d-c1ce2715d85c,submitted_via_web,denis_1,uuid:1d84f763-f84b-4d4d-8a1d-c1ce2715d85c
Musisi paul Namugera,2025-10-15 16:12:00,0.2732969 33.0175298 1195.6000000000001 3.45,0.2732969,33.0175298,1195.6,3.45,Buikwe,Ngogwe,Ddungi,EKUB1203,Kibirango Nichodemus,Male,2025-08-13 00:00:00,0,Youth,Married,No,703930808,759254409,,PLE,I am engaged in income generating activities and have an individual income,Self employment ,0,1,0,,,,,Male,PLE,7,5,Yes,Farming,150000,,3,Yes,No,No,"Firewood, Charcoal",0,1,1,0,,,,,,,,,"Coffee, Vanilla, Jackfruit, Cassava, Avocado, Beans, Maize",1,0,1,1,1,1,1,1,1000000,1000000,"Coffee, Vanilla, Jackfruit, Avocado, Cassava",1,0,1,1,0,1,1,"Banana,Maize and Beans",> 4 years,400,400,"Fresh, Kiboko",1,1,0,0,Pests and diseases Lack of access to quality inputs Price fluctuations,1,1,0,1,0,0,0,,,,,,,,,,,,,,,,,,,>4 years,10,10,Fresh,1,0,0,Lack of access to market Price fluctuations Post harvest losses,0,0,1,1,1,0,0,,>4 Years,6,3,Ripe,0,1,0,"Price fluctuations, Lack of access to market, Post harvest losses",0,0,1,1,1,0,0,,,,,,,,,,,,,,,,,,>4 Years,10,10,Raw,1,0,0,Lack of access to market Price fluctuations Post harvest losses,0,0,1,1,1,0,0,,>4 Years,170,20,Fresh,1,0,0,0,Low prices Price fluctuations Pests and diseases Lack of access to market,1,0,1,1,1,0,0,0,,,Yes,,No,,None of the above,0,0,0,0,1,Using organic ,0,1,0,,Apply Manure  Mulch,0,0,1,0,1,"Fellow local farmers, Local agro-inputs shops, Personal nursery Local nursery beds",1,1,1,0,0,0,1,Tarpaulin,1,0,0,0,Bag and keep on raised pallet,Burning,1,0,0,0,0,,,No,,Yes,30,No,,,,,0.2732957 33.0174623 1208.4 4.757,0.2732957,33.0174623,1208.4,4.757,0.2732829 33.0174912 1205.8000000000002 1.64; 0.2730613 33.0173896 1201.5 2.483; 0.2729018 33.0177232 1204.9 1.566; 0.2727823 33.01775 1202.7 1.616; 0.2731882 33.0181021 1198.8000000000002 1.583; 0.2733042 33.0178273 1195.8000000000002 1.55; 0.2732829 33.0174912 1205.8000000000002 1.64,,1760536072563.amr,fa98f631-8a17-454a-9580-f397a6443547,submitted_via_web,katwesiime_1,uuid:fa98f631-8a17-454a-9580-f397a6443547
Musisi paul Namugera,2025-10-15 16:49:00,0.273415 33.0175783 1194.9 3.5,0.273415,33.0175783,1194.9,3.5,Buikwe,Ngogwe,Ddungi,EKUB1204,Nalumansi Miriam,Female,1982-06-15 00:00:00,44,Adult,Married,No,703930808,759254407,,PLE,I am engaged in income generating activities and have an individual income,Self employment ,0,1,0,,,,,Male,PLE,7,5,Yes,Farming,150000,,3,Yes,No,No,Firewood,0,0,1,0,,,,,,,,,"Coffee, Jackfruit, Cassava, Avocado, Beans, Maize",1,0,0,1,1,1,1,1,500000,500000,"Coffee, Jackfruit, Avocado Vanilla Cassava",1,0,1,1,0,1,1,"Banana, Maize and Beans",> 4 years,300,300,"Fresh, Kiboko",1,1,0,0,Pests and diseases Lack of access to market Post harvest losses Price fluctuations,1,0,1,1,1,0,0,,,,,,,,,,,,,,,,,,,>4 years,7,7,Fresh,1,0,0,Lack of access to market Price fluctuations,0,0,1,1,0,0,0,,>4 Years,3,3,Ripe,0,1,0,Lack of access to market Price fluctuations Post harvest losses,0,0,1,1,1,0,0,,,,,,,,,,,,,,,,,,>4 Years,3,3,Raw,1,0,0,Lack of access to market Price fluctuations Post harvest losses,0,0,1,1,1,0,0,,>4 Years,50,0,Fresh,1,0,0,0,Pests and diseases Lack of access to market Low prices Price fluctuations,1,0,1,1,1,0,0,0,,,Yes,,No,,None of the above,0,0,0,0,1,Use of integrated methods,0,0,1,,Apply Manure  Mulch,0,0,1,0,1,"Fellow local farmers, Local agro-inputs shops, Personal nursery Local nursery beds",1,1,1,0,0,0,1,Tarpaulin,1,0,0,0,Bag and keep on raised pallet,Burning,1,0,0,0,0,,,No,,Yes,15,No,,,,,0.2734463 33.0175335 1194.5 3.8,0.2734463,33.0175335,1194.5,3.8,0.2735067 33.0174945 1195.9 2.916; 0.2738394 33.0175431 1194.2 1.433; 0.2736009 33.0181288 1192.4 2.324; 0.2734608 33.0179458 1195.4 1.566; 0.2735067 33.0174945 1195.9 2.916,,1760536752109.amr,77496e64-4f43-461a-a735-e6a340407e9f,submitted_via_web,katwesiime_1,uuid:77496e64-4f43-461a-a735-e6a340407e9f
Musisi paul Namugera,2025-10-15 15:24:00,0.2718371 33.016296 1206.4 4.737,0.2718371,33.016296,1206.4,4.737,Buikwe,Ngogwe,Ddungi,EKUB1205,Lutimba Christopher,Male,1965-06-15 00:00:00,61,Adult,Married,No,752410246,,,PLE,I am engaged in income generating activities and have an individual income,Self employment ,0,1,0,,,,,Male,PLE,10,8,Yes,Farming,100000,,2,Yes,No,No,Firewood,0,0,1,20000,,,,,,,,,Coffee,1,0,0,0,0,0,0,0,1200000,1200000,Coffee,1,0,0,0,0,0,0,"Banana, Maize and Beans",> 4 years,150,150,"Fresh, Kiboko",1,1,0,0,Pests and diseases Price fluctuations Lack of access to quality inputs,1,1,0,1,0,0,0,,,,,,,,,,,,,,,,,,,,,,,,,,,,,,,,,,,,,,,,,,,,,,,,,,,,,,,,,,,,,,,,,,,,,,,,,,,,,,,,,,,,,,,,,,,,,,,,,,,,,,Yes,,No,,None of the above,0,0,0,0,1,Use of integrated methods,0,0,1,,"Apply Manure, Purchase and apply inorganic fertilizer",0,1,1,0,1,"Personal nursery Fellow local farmers, Local agro-inputs shops, Local nursery beds",1,1,1,0,0,0,1,Tarpaulin,1,0,0,0,Bag and keep on raised pallet,Burning Dump in a pit,1,1,0,0,0,,,No,,Yes,5,No,,,,,0.2723049 33.0175139 1217.6000000000001 4.983,0.2723049,33.0175139,1217.6,4.983,0.2719554 33.0162639 1206.6000000000001 6.633; 0.2721442 33.0162548 1208.5 1.733; 0.2720794 33.0163587 1210.5 1.683; 0.2719518 33.0163983 1208.5 1.9; 0.2719554 33.0162639 1206.6000000000001 6.633,,1760444990111.amr,7f31a2b6-ee70-48ce-800f-183a14f44b18,submitted_via_web,katwesiime_1,uuid:7f31a2b6-ee70-48ce-800f-183a14f44b18
Musisi paul Namugera,2025-10-15 15:02:00,0.2721681 33.0176513 1217.7 4.833,0.2721681,33.0176513,1217.7,4.833,Buikwe,Ngogwe,Ddungi,EKUB1206,Kafeero Mike,Male,2005-06-15 00:00:00,21,Youth,Single,No,700646087,704571149,,UCE,I am engaged in income generating activities and have an individual income,Self employment ,0,1,0,,,,,Male,UCE,6,5,Yes,Farming,8000,,1,Yes,Yes,Yes,Firewood,0,0,1,0,,,,,,,,,"Coffee, Jackfruit, Cassava, Beans, Avocado, Maize",1,0,0,1,1,1,1,1,300000,300000,"Coffee, Jackfruit, Avocado, Cassava",1,0,0,1,0,1,1,"Banana, Maize and Beans",> 4 years,100,100,"Fresh, Kiboko, Hulled",1,1,1,0,Pests and diseases Lack of access to market Price fluctuations Lack of access to quality inputs Post harvest losses,1,1,1,1,1,0,0,,,,,,,,,,,,,,,,,,,,,,,,,,,,,,,,,,,>4 Years,4,4,Ripe,0,1,0,Lack of access to market Price fluctuations Post harvest losses,0,0,1,1,1,0,0,,,,,,,,,,,,,,,,,,>4 Years,7,5,Raw,1,0,0,"Price fluctuations, Post harvest losses, Lack of access to market",0,0,1,1,1,0,0,,>4 Years,207,7,Fresh,1,0,0,0,Pests and diseases Low prices Price fluctuations,1,0,0,1,1,0,0,0,,,Yes,,No,,None of the above,0,0,0,0,1,Use of integrated methods,0,0,1,,Apply Manure  Mulch,0,0,1,0,1,"Local agro-inputs shops, Fellow local farmers, Personal nursery Local nursery beds",1,1,1,0,0,0,1,Tarpaulin,1,0,0,0,Bag and keep on the floor in a store,Burning,1,0,0,0,0,,,Yes,<10,Yes,5,No,,,,,0.2721285 33.0176008 1213.1000000000001 3.55,0.2721285,33.0176008,1213.1,3.55,0.2721049 33.017647 1215.5 1.45; 0.2720353 33.0176184 1216.2 1.6; 0.2720544 33.017719 1218.0 1.65; 0.2721049 33.017647 1215.5 1.45,,1760531254138.amr,1ba2a0bb-9593-4f89-8e20-54945541f0da,submitted_via_web,katwesiime_1,uuid:1ba2a0bb-9593-4f89-8e20-54945541f0da
Musisi paul Namugera,2025-10-15 17:56:00,0.2677533 33.0199886 1226.7 4.2,0.2677533,33.0199886,1226.7,4.2,Buikwe,Ngogwe,Ddungi,EKUB1207,Nabakooza Scovia,Female,1986-11-02 00:00:00,39,Adult,Married,No,704539119,,,UCE,I am engaged in income generating activities and have an individual income,Self employment ,0,1,0,,,,,Male,PLE,8,6,Yes,Farming,50000,,3,Yes,No,No,Firewood,0,0,1,5000,,,,,,,,,"Coffee, Jackfruit, Cassava, Avocado, Beans, Maize",1,0,0,1,1,1,1,1,1500000,1500000,"Coffee, Jackfruit, Avocado, Cassava",1,0,0,1,0,1,1,"Banana, Maize and Beans",> 4 years,200,200,Fresh,1,0,0,0,Pests and diseases Lack of access to quality inputs Price fluctuations Lack of access to market,1,1,1,1,0,0,0,,,,,,,,,,,,,,,,,,,,,,,,,,,,,,,,,,,>4 Years,1,1,Ripe,0,1,0,Price fluctuations Post harvest losses Lack of access to market,0,0,1,1,1,0,0,,,,,,,,,,,,,,,,,,>4 Years,1,1,Raw,1,0,0,Price fluctuations Lack of access to market Post harvest losses,0,0,1,1,1,0,0,,>4 Years,150,20,Fresh,1,0,0,0,Price fluctuations Low prices Lack of access to market Pests and diseases,1,0,1,1,1,0,0,0,,,Yes,,No,,None of the above,0,0,0,0,1,Spraying with inorganic chemicals,1,0,0,<6 months ,Mulch Apply Manure ,1,0,1,0,0,"Fellow local farmers, Local agro-inputs shops",1,1,0,0,0,0,0,Tarpaulin,1,0,0,0,Bag and keep on the floor in a store,Dump at a heap around the farm,0,0,0,1,0,,,Yes,<10,Yes,5,No,,,,,0.2677477 33.0201732 1227.0 3.523,0.2677477,33.0201732,1227,3.523,0.2675998 33.0201154 1226.7 3.441; 0.2676661 33.020107 1226.8000000000002 1.7; 0.2677013 33.0201811 1227.5 1.516; 0.2676287 33.0202254 1226.5 1.583; 0.2675998 33.0201154 1226.7 3.441,,1760455251041.amr,8813e644-531d-4b8e-bc6b-0a82c1909721,submitted_via_web,katwesiime_1,uuid:8813e644-531d-4b8e-bc6b-0a82c1909721
Musisi paul Namugera,2025-10-15 13:47:00,0.270455 33.019585 1228.4 3.9,0.270455,33.019585,1228.4,3.9,Buikwe,Ngogwe,Ddungi,EKUB1208,Nalutya Allen,Female,1998-10-09 00:00:00,27,Youth,Married,No,708618439,757881298,,PLE,I am engaged in income generating activities and have an individual income,Self employment ,0,1,0,,,,,Male,UCE,10,8,Yes,Farming,120000,,3,Yes,Yes,Yes,Firewood,0,0,1,30000,,,,,,,,,"Coffee, Vanilla, Jackfruit, Cassava, Avocado, Beans, Maize",1,0,1,1,1,1,1,1,500000,500000,"Coffee, Jackfruit, Vanilla, Avocado, Cassava",1,0,1,1,0,1,1,"Banana, Maize and Beans",> 4 years,250,30,Fresh,1,0,0,0,Post harvest losses Price fluctuations Lack of access to quality inputs,0,1,0,1,1,0,0,,,,,,,,,,,,,,,,,,,>4 years,3,0,Fresh,1,0,0,Post harvest losses Price fluctuations Lack of access to market,0,0,1,1,1,0,0,,>4 Years,2,2,Ripe,0,1,0,Post harvest losses Price fluctuations Lack of access to market,0,0,1,1,1,0,0,,,,,,,,,,,,,,,,,,>4 Years,2,2,Raw,1,0,0,Price fluctuations Lack of access to market Lack of access to quality puts,0,1,1,1,0,0,0,,>4 Years,120,40,Fresh,1,0,0,0,Pests and diseases Low prices Price fluctuations Lack of access to market,1,0,1,1,1,0,0,0,,,Yes,,No,,None of the above,0,0,0,0,1,Spraying with inorganic chemicals,1,0,0,<6 months ,Apply Manure  Mulch,0,0,1,0,1,"Fellow local farmers, Personal nursery Local agro-inputs shops",1,1,0,0,0,0,1,Tarpaulin,1,0,0,0,Bag and keep on the floor in a store,Burning,1,0,0,0,0,,,No,,Yes,10,No,,,,,0.2706653 33.0196495 1217.7 3.85,0.2706653,33.0196495,1217.7,3.85,0.2706181 33.0196747 1217.7 4.622; 0.2707406 33.0194898 1218.0 1.65; 0.2704883 33.0193733 1212.4 62.406; 0.2701449 33.0194427 1214.3000000000002 1.716; 0.2702992 33.0195716 1215.3000000000002 1.75; 0.2704061 33.0194956 1213.3000000000002 1.7; 0.2706181 33.0196747 1217.7 4.622,,1760527048079.amr,a7f18016-e0a7-407b-981b-a16fc5034792,submitted_via_web,katwesiime_1,uuid:a7f18016-e0a7-407b-981b-a16fc5034792
Ngabirano Deus,2025-10-14 16:13:00,0.2643149 33.0264351 1231.2 4.5,0.2643149,33.0264351,1231.2,4.5,Buikwe,Ngogwe,Ddungi,EKUB1209,Byansi Alice,Female,1960-07-13 00:00:00,66,Adult,Widowed,No,756767755,,,No formal education,I am engaged in income generating activities and have an individual income,Self employment ,0,1,0,,,,,Female,No formal education,5,4,No,Farming,50000,,3,Yes,No,No,Firewood,0,0,1,0,,,,,,,,,"Coffee, Cassava, Vanilla",1,0,1,0,1,0,0,0,50000,50000,Coffee Vanilla Cocoa,1,1,1,0,0,0,0,,> 4 years,100,100,Fresh,1,0,0,0,"Pests and diseases, Price fluctuations, Lack of access to market",1,0,1,1,0,0,0,>4 Years,3,3,,,,,,,Lack of access to market,0,0,1,0,0,0,0,,>4 years,5,5,Fresh,1,0,0,Lack of access to market,0,0,1,0,0,0,0,,,,,,,,,,,,,,,,,,,,,,,,,,,,,,,,,,,,,,,,,,,,,,,,,,,,,,,,,,,,,,,,,,,,,No,,No,,None of the above,0,0,0,0,1,Using organic ,0,1,0,,Apply Manure  Mulch,0,0,1,1,0,Personal nursery,0,0,0,0,0,0,1,Tarpaulin,1,0,0,0,Bag and keep on raised pallet,Dump in a pit,0,1,0,0,0,,,No,,Yes,5,No,,,,,0.2643388 33.0264028 1258.4 4.2,0.2643388,33.0264028,1258.4,4.2,0.26433 33.0265817 1251.2 4.789; 0.2642603 33.0267083 1249.2 1.6; 0.2639632 33.0265851 1251.4 2.771; 0.2640152 33.0265991 1251.3 3.861; 0.26433 33.0265817 1251.2 4.789,,1760449318370.amr,a8ce6af8-a867-47d4-ba37-d1fde51b03a9,submitted_via_web,deus_1,uuid:a8ce6af8-a867-47d4-ba37-d1fde51b03a9
Ngabirano Deus,2025-10-14 16:48:00,0.2647154 33.0268728 1248.0 4.408,0.2647154,33.0268728,1248,4.408,Buikwe,Ngogwe,Ddungi,EKUB1210,Najjuko Milly,Female,1980-01-01 00:00:00,46,Adult,Married,No,758427906,,,PLE,I am engaged in income generating activities and have an individual income,Self employment ,0,1,0,,,,,Male,PLE,8,6,Yes,Farming,80000,,2,Yes,No,No,Firewood,0,0,1,20000,,,,,,,,,"Coffee, Avocado",1,0,0,0,0,1,0,0,300000,150000,Coffee Avocado,1,0,0,0,0,1,0,,> 4 years,150,100,Fresh,1,0,0,0,Pests and diseases Lack of access to market Price fluctuations,1,0,1,1,0,0,0,,,,,,,,,,,,,,,,,,,,,,,,,,,,,,,,,,,,,,,,,,,,,,,,,,,,,,,,,,,,,,,,,,,>4 Years,1,1,Raw,1,0,0,"Pests and diseases, Lack of access to market",1,0,1,0,0,0,0,,,,,,,,,,,,,,,,,,,,,Yes,,No,,None of the above,0,0,0,0,1,Spraying with inorganic chemicals,1,0,0,<6 months ,Purchase and apply inorganic fertilizer Apply Manure ,0,0,1,1,0,Personal nursery,0,0,0,0,0,0,1,Tarpaulin,1,0,0,0,Bag and keep on the floor in a store,Dump in a pit,0,1,0,0,0,,,Yes,<10,No,,No,,,,,0.2646779 33.0266592 1277.6 4.633,0.2646779,33.0266592,1277.6,4.633,0.2645271 33.0266269 1261.9 1.7; 0.2645571 33.0264926 1255.9 1.6; 0.2650051 33.026551 1256.4 1.8; 0.2645271 33.0266269 1261.9 1.7,,1760451058547.amr,8c7616cf-9aa7-4005-af24-1336b5cd9c69,submitted_via_web,deus_1,uuid:8c7616cf-9aa7-4005-af24-1336b5cd9c69
Ngabirano Deus,2025-10-14 17:30:00,0.2649585 33.0270862 1275.6 4.45,0.2649585,33.0270862,1275.6,4.45,Buikwe,Ngogwe,Ddungi,EKUB1211,Nasuna Juliet,Female,1975-08-13 00:00:00,50,Adult,Married,No,755620779,,,No formal education,I am engaged in income generating activities and have an individual income,Self employment ,0,1,0,,,,,Male,PLE,8,6,No,Farming,200000,,2,No,No,No,Firewood,0,0,1,50000,,,,,,,,,Coffee,1,0,0,0,0,0,0,0,500000,300000,"Coffee, Jackfruit, Avocado",1,0,0,1,0,1,0,,> 4 years,120,80,Fresh,1,0,0,0,Pests and diseases Lack of access to market Price fluctuations,1,0,1,1,0,0,0,,,,,,,,,,,,,,,,,,,,,,,,,,,,,,,,,,,>4 Years,9,8,Raw Ripe,1,1,0,Price fluctuations Lack of access to market,0,0,1,1,0,0,0,,,,,,,,,,,,,,,,,,>4 Years,7,4,Raw,1,0,0,Price fluctuations Lack of access to market,0,0,1,1,0,0,0,,,,,,,,,,,,,,,,,,,,,No,,No,,None of the above,0,0,0,0,1,Spraying with inorganic chemicals,1,0,0,<6 months ,Purchase and apply organic fertilizers Apply Manure ,0,0,1,0,0,Fellow local farmers,1,0,0,0,0,0,0,Tarpaulin,1,0,0,0,Bag and keep on raised pallet,Dump in a pit,0,1,0,0,0,,,No,,Yes,5,No,,,,,0.2648467 33.0272533 1260.9 4.9,0.2648467,33.0272533,1260.9,4.9,0.2643984 33.0278447 1259.4 3.765; 0.2642089 33.027993 1257.6 3.973; 0.2644479 33.0282062 1261.1 1.7; 0.2643984 33.0278447 1259.4 3.765,,1760453769895.amr,9752adf0-32e1-4009-b9f3-2033a03dde5a,submitted_via_web,deus_1,uuid:9752adf0-32e1-4009-b9f3-2033a03dde5a
Ngabirano Deus,2025-10-15 13:41:00,0.1157481 32.9699568 1301.7 4.52,0.1157481,32.9699568,1301.7,4.52,Buikwe,Ssi,Musomoko,EKUB1212,Nambi Sirista,Female,1949-04-28 00:00:00,77,Adult,Widowed,No,757835033,,,No formal education,I am engaged in income generating activities and have an individual income,Self employment ,0,1,0,,,,,Female,No formal education,4,2,Yes,Farming,50000,,2,Yes,Yes,No,Firewood,0,0,1,0,,,,,,,,,"Coffee, Beans, Avocado, Jackfruit",1,0,0,1,0,1,1,0,300000,200000,Coffee Cocoa Jackfruit Avocado,1,1,0,1,0,1,0,,> 4 years,100,70,Fresh,1,0,0,0,Pests and diseases Lack of access to market Price fluctuations,1,0,1,1,0,0,0,1 - 4 Years,30,,Dry fermented,0,0,1,0,0,Price fluctuations Pest and diseases,1,0,0,1,0,0,0,,,,,,,,,,,,,,,,,,>4 Years,5,5,Ripe,0,1,0,Lack of access to market,0,0,1,0,0,0,0,,,,,,,,,,,,,,,,,,>4 Years,5,5,Raw,1,0,0,Lack of access to market,0,0,1,0,0,0,0,,,,,,,,,,,,,,,,,,,,,Yes,,No,,None of the above,0,0,0,0,1,Using organic ,0,1,0,,Purchase and apply inorganic fertilizer,0,0,1,1,0,"Fellow local farmers, Local nursery beds",1,0,1,0,0,0,0,Tarpaulin,1,0,0,0,Bag and keep on raised pallet,Dump in a pit,0,1,0,0,0,,,No,,Yes,10,No,,,,,0.1158283 32.9699533 1294.7 4.6,0.1158283,32.9699533,1294.7,4.6,0.1159949 32.9699668 1239.4 1.611; 0.1162085 32.9702355 1240.2 1.66; 0.1155747 32.9700682 1240.4 1.82; 0.1159949 32.9699668 1239.4 1.611,,1760527146492.amr,784df17f-f2d6-4f76-87fd-49e3070b6d2a,submitted_via_web,deus_1,uuid:784df17f-f2d6-4f76-87fd-49e3070b6d2a
Ngabirano Deus,2025-10-15 14:33:00,0.1139583 32.9630867 1240.2 4.5,0.1139583,32.9630867,1240.2,4.5,Buikwe,Ssi,Musomoko,EKUB1213,Nakanyike Teopista,Female,1969-02-04 00:00:00,57,Adult,Single,No,704676339,,,No formal education,I am engaged in income generating activities and have an individual income,Self employment ,0,1,0,,,,,Female,No formal education,2,,,Farming,40000,,3,No,No,No,Firewood,0,0,1,0,,,,,,,,,"Coffee, Cassava, Avocado",1,0,0,0,1,1,0,0,300000,200000,Coffee Avocado,1,0,0,0,0,1,0,,> 4 years,200,150,Fresh,1,0,0,0,Pests and diseases Lack of access to market Price fluctuations,1,0,1,1,0,0,0,,,,,,,,,,,,,,,,,,,,,,,,,,,,,,,,,,,,,,,,,,,,,,,,,,,,,,,,,,,,,,,,,,,>4 Years,3,3,Raw,1,0,0,Lack of access to market,0,0,1,0,0,0,0,,,,,,,,,,,,,,,,,,,,,No,,No,,None of the above,0,0,0,0,1,Using organic ,0,1,0,,Purchase and apply inorganic fertilizer Apply Manure ,0,0,1,1,0,Fellow local farmers,1,0,0,0,0,0,0,,,,,,Keep on the floor,Dump in a pit,0,1,0,0,0,,,Yes,<10,No,,No,,,,,0.1155728 32.9691762 1156.2 4.55,0.1155728,32.9691762,1156.2,4.55,0.1155383 32.9691517 1162.4 1.94; 0.1155484 32.9691559 1160.8 4.15; 0.1150016 32.9694721 1208.9 1.942; 0.1151527 32.9691085 1218.3 1.96; 0.1155383 32.9691517 1162.4 1.94,,1760528725224.amr,89e521bc-6caa-467e-af4c-c282f38e43bc,submitted_via_web,deus_1,uuid:89e521bc-6caa-467e-af4c-c282f38e43bc
Ngabirano Deus,2025-10-15 14:59:00,0.1149623 32.968975 1220.2 3.86,0.1149623,32.968975,1220.2,3.86,Buikwe,Ssi,Musomoko,EKUB1214,Mugaru Gerald,Male,1991-12-25 00:00:00,34,Youth,Married,Yes,707104950,,,UCE,I am engaged in income generating activities and have an individual income,Self employment ,0,1,0,,,,,Male,UCE,6,4,Yes,Farming,150000,,3,No,No,No,Firewood,0,0,1,0,,,,,,,,,"Coffee, Cocoa, Vanilla, Cassava, Avocado",1,1,1,0,1,1,0,0,500000,700000,Coffee Cocoa Vanilla Jackfruit Avocado Cassava,1,1,1,1,0,1,1,,> 4 years,200,200,Fresh,1,0,0,0,Pests and diseases Lack of access to market Price fluctuations,1,0,1,1,0,0,0,>4 Years,300,200,Dry fermented,0,0,1,0,0,"Pest and diseases, Price fluctuations, Lack of access to market",1,0,1,1,0,0,0,,>4 years,50,50,Fresh,1,0,0,Lack of access to market Price fluctuations Pests and diseases,1,0,1,1,0,0,0,,>4 Years,4,4,Raw,1,0,0,Pests and diseases Price fluctuations,1,0,0,1,0,0,0,,,,,,,,,,,,,,,,,,>4 Years,6,6,Raw,1,0,0,Price fluctuations Lack of access to market,0,0,1,1,0,0,0,,>4 Years,200,200,Fresh,1,0,0,0,Low prices Lack of access to market Pests and diseases,1,0,1,1,0,0,0,0,,,Yes,,No,,Global GAP,0,0,0,1,0,Spraying with inorganic chemicals,1,0,0,<6 months ,Purchase and apply inorganic fertilizer Apply Manure ,0,1,1,0,0,Personal nursery,0,0,0,0,0,0,1,Tarpaulin,1,0,0,0,Bag and keep on raised pallet,Dump in a pit,0,1,0,0,0,,,Yes,10-50,Yes,100,Yes,Write in a book,1,0,0,0.1149055 32.9689405 1239.6 3.74,0.1149055,32.9689405,1239.6,3.74,0.1150092 32.9691758 1232.4 1.96; 0.1150271 32.9691584 1232.2 1.6; 0.1139243 32.969411 1230.8 1.8; 0.1149763 32.9688083 1231.1 1.96; 0.1150092 32.9691758 1232.4 1.96,,1760531736188.amr,b287ba2a-4446-4b52-b48f-9f2c47f9b983,submitted_via_web,deus_1,uuid:b287ba2a-4446-4b52-b48f-9f2c47f9b983
Ngabirano Deus,2025-10-15 15:57:00,0.1148421 32.9685034 1234.6 4.7,0.1148421,32.9685034,1234.6,4.7,Buikwe,Ssi,Musomoko,EKUB1215,Zawomye Steven,Male,1962-04-26 00:00:00,64,Adult,Single,No,,,701315795,No formal education,I am engaged in income generating activities and have an individual income,Self employment ,0,1,0,,,,,Male,No formal education,1,0,,Farming,150000,,2,Yes,Yes,No,Firewood,0,0,1,0,,,,,,,,,"Cocoa, Jackfruit",0,1,0,1,0,0,0,0,1500000,700000,Cocoa Jackfruit,0,1,0,1,0,0,0,,,,,,,,,,,,,,,,,,>4 Years,300,300,Dry fermented,0,0,1,0,0,Pest and diseases Price fluctuations,1,0,0,1,0,0,0,,,,,,,,,,,,,,,,,,>4 Years,7,7,Raw,1,0,0,Lack of access to market,0,0,1,0,0,0,0,,,,,,,,,,,,,,,,,,,,,,,,,,,,,,,,,,,,,,,,,,,,,,,,,,,,,No,,No,,RFA Organic Global GAP,1,1,0,1,0,Using organic ,0,1,0,,Purchase and apply inorganic fertilizer Apply Manure ,0,0,1,1,0,Personal nursery,0,0,0,0,0,0,1,Tarpaulin,1,0,0,0,Bag and keep on raised pallet,Dump in a pit,0,1,0,0,0,,,No,,No,,No,,,,,0.1149545 32.9685664 1246.9 4.5,0.1149545,32.9685664,1246.9,4.5,0.1151182 32.9685624 1238.7 1.6; 0.1151269 32.9685693 1239.4 1.7; 0.1150756 32.9687392 1238.1 1.85; 0.1147129 32.9685442 1234.7 2.125; 0.1151182 32.9685624 1238.7 1.6,,1760533000214.amr,2d50a8ab-f4ae-4e3a-a4a6-6d917c96f28c,submitted_via_web,deus_1,uuid:2d50a8ab-f4ae-4e3a-a4a6-6d917c96f28c
Sserunjogi Ladis,2025-10-15 13:37:00,0.1167985 32.9660294 1260.0 3.7,0.1167985,32.9660294,1260,3.7,Buikwe,Ssi,Musomoko,EKUB1216,Sauna Lawrence,Male,1955-05-12 00:00:00,71,Adult,Widowed,No,752498920,,,Junior,I am engaged in income generating activities and have an individual income,Self employment ,0,1,0,,,,,Male,Junior,5,4,Yes,Farming,1200000,,2,No,No,No,Firewood,0,0,1,0,,,,,,,,,"Cocoa, Coffee",1,1,0,0,0,0,0,0,800000,0,"Coffee, Cocoa, Cassava",1,1,0,0,0,0,1,Matooke,> 4 years,100,90,Fresh,1,0,0,0,Pests and diseases Price fluctuations Lack of access to quality inputs Post harvest losses,1,1,0,1,1,0,0,1 - 4 Years,300,120,"Fresh, Dry fermented",0,1,1,0,0,Post harvest losses Price fluctuations,0,0,0,1,1,0,0,,,,,,,,,,,,,,,,,,,,,,,,,,,,,,,,,,,,,,,,,,,,,,,,,,,,,,,,,,,,,,,,,,>4 Years,100,100,,,,,,,,,,,,,,,,,Yes,,No,,None of the above,0,0,0,0,1,Use of integrated methods,0,0,1,,Purchase and apply inorganic fertilizer,0,0,1,1,1,Personal nursery,0,0,0,0,0,0,1,Tarpaulin,1,0,0,0,Bag and keep on raised pallet,Burning,1,0,0,0,0,,,No,,Yes,12,No,,,,,0.1167633 32.9660512 1256.0 4.4,0.1167633,32.9660512,1256,4.4,0.1166438 32.9662767 1251.0 1.6; 0.1166092 32.9658898 1250.0 2.0; 0.1170107 32.9658483 1259.0 1.833; 0.1170058 32.9659875 1255.0 1.833; 0.1168407 32.9660114 1253.0 1.9; 0.1168255 32.9661425 1253.0 1.9; 0.1170324 32.9661136 1258.0 2.0; 0.1170153 32.9662084 1257.0 1.7; 0.1166753 32.9662573 1252.0 2.5; 0.1166438 32.9662767 1251.0 1.6,,1760528394338.amr,f75c3e5f-52f7-4fd4-a108-45a3d88cd7b4,submitted_via_web,ladis00,uuid:f75c3e5f-52f7-4fd4-a108-45a3d88cd7b4
Sserunjogi Ladis,2025-10-15 15:06:00,0.1165714 32.9643861 1250.0 4.833,0.1165714,32.9643861,1250,4.833,Buikwe,Ssi,Musomoko,EKUB1217,Nankinga Rose,Female,1992-06-18 00:00:00,34,Youth,Married,No,756302989,,,UCE,I am engaged in income generating activities and have an individual income,Self employment ,0,1,0,,,,,Male,No formal education,9,7,No,Farming,50000,,2,Yes,No,No,Firewood,0,0,1,0,,,,,,,,,"Cocoa, Coffee, Cassava",1,1,0,0,1,0,0,0,300000,0,"Coffee, Cocoa, Cassava",1,1,0,0,0,0,1,"Beans,",> 4 years,45,40,Fresh,1,0,0,0,"Pests and diseases, Price fluctuations, Lack of access to market",1,0,1,1,0,0,0,1 - 4 Years,50,4,Dry fermented,0,0,1,0,0,Price fluctuations Lack of access to quality puts Pest and diseases,1,1,0,1,0,0,0,,,,,,,,,,,,,,,,,,,,,,,,,,,,,,,,,,,,,,,,,,,,,,,,,,,,,,,,,,,,,,,,,,>4 Years,500,500,Dried chips,0,1,0,0,Low prices Pests and diseases Post harvest losses,1,0,0,1,0,1,0,0,,,No,,No,,None of the above,0,0,0,0,1,Use of integrated methods,0,0,1,,Purchase and apply inorganic fertilizer Apply Manure ,0,0,1,1,0,Fellow local farmers,1,0,0,0,0,0,0,Tarpaulin,1,0,0,0,Bag and keep on raised pallet,Burning,1,0,0,0,0,,,Yes,<10,Yes,3,Yes,Write in a book,1,0,0,0.1165578 32.964432 1247.0 4.7,0.1165578,32.964432,1247,4.7,0.116479 32.9644441 1255.0 1.5; 0.1165148 32.9645927 1252.0 1.5; 0.1171813 32.9645302 1263.0 1.833; 0.1171992 32.9643614 1262.0 1.5; 0.1167297 32.9643624 1254.0 1.833; 0.1167203 32.9644762 1251.0 1.916; 0.1164676 32.964435 1251.0 1.5; 0.116479 32.9644441 1255.0 1.5,,1760532232506.amr,081e8eec-1070-4fa4-a163-a561a24e6dee,submitted_via_web,ladis00,uuid:081e8eec-1070-4fa4-a163-a561a24e6dee
Sserunjogi Ladis,2025-10-15 16:01:00,0.1162431 32.9645433 1244.0 4.9,0.1162431,32.9645433,1244,4.9,Buikwe,Ssi,Musomoko,EKUB1218,Lukwago Bashri kigongo,Male,1971-05-21 00:00:00,55,Adult,Single,No,757074858,,,No formal education,I am engaged in income generating activities and have an individual income,Self employment ,0,1,0,,,,,Male,No formal education,5,4,Yes,Farming,100000,,3,No,No,No,Firewood,0,0,1,0,,,,,,,,,Cocoa,0,1,0,0,0,0,0,0,5000000,0,Cocoa,0,1,0,0,0,0,0,Sugar cane,,,,,,,,,,,,,,,,,1 - 4 Years,120,50,Dry fermented,0,0,1,0,0,Lack of access to quality puts Pest and diseases,1,1,0,0,0,0,0,,,,,,,,,,,,,,,,,,,,,,,,,,,,,,,,,,,,,,,,,,,,,,,,,,,,,,,,,,,,,,,,,,,,,,,,,,,,,,,,,,,,,Yes,,No,,None of the above,0,0,0,0,1,Use of integrated methods,0,0,1,,Mulch Apply Manure ,0,0,0,1,1,Local nursery beds,0,0,1,0,0,0,0,Tarpaulin,1,0,0,0,Bag and keep on raised pallet,Burning,1,0,0,0,0,,,Yes,10-50,No,,No,,,,,0.1162155 32.9645138 1247.0 4.5,0.1162155,32.9645138,1247,4.5,0.1151616 32.9645569 1229.0 2.5; 0.1149471 32.964601 1230.0 1.833; 0.1148779 32.9648633 1230.0 1.5; 0.1150036 32.9649429 1230.0 1.75; 0.1152517 32.964904 1234.0 1.6; 0.1153456 32.9651475 1234.0 1.6; 0.1155143 32.9651082 1234.0 1.666; 0.1151827 32.9645559 1235.0 2.0; 0.1151616 32.9645569 1229.0 2.5,,1760534873045.amr,14e0452b-671d-4456-ab4a-658da1611c5d,submitted_via_web,ladis00,uuid:14e0452b-671d-4456-ab4a-658da1611c5d
Sserunjogi Ladis,2025-10-15 16:51:00,0.1164356 32.9640137 1251.0 5.0,0.1164356,32.9640137,1251,5,Buikwe,Ssi,Musomoko,EKUB1219,Lugonjo Nasani,Male,1988-08-18 00:00:00,37,Adult,Married,No,756962006,,,UCE,I am engaged in income generating activities and have an individual income,Self employment ,0,1,0,,,,,Male,UCE,5,3,Yes,Farming,200000,,3,No,No,No,Firewood,0,0,1,0,,,,,,,,,"Cocoa, Coffee",1,1,0,0,0,0,0,0,6000000,0,Coffee Cocoa,1,1,0,0,0,0,0,"Sugar cane,bogoya",> 4 years,500,500,Hulled,0,0,1,0,Pests and diseases Lack of access to quality inputs Price fluctuations,1,1,0,1,0,0,0,>4 Years,1000,800,Dry fermented,0,0,1,0,0,Pest and diseases,1,0,0,0,0,0,0,,,,,,,,,,,,,,,,,,,,,,,,,,,,,,,,,,,,,,,,,,,,,,,,,,,,,,,,,,,,,,,,,,,,,,,,,,,,,,,,,,,,,Yes,,No,,Organic,0,1,0,0,0,Use of integrated methods,0,0,1,,Apply Manure  Mulch Crop rotation and intercropping with legumes,0,0,0,1,0,Personal nursery,0,0,0,0,0,0,1,Tarpaulin,1,0,0,0,Bag and keep on raised pallet,Burning,1,0,0,0,0,,,Yes,51-100,Yes,100,No,,,,,0.1164425 32.9640649 1258.0 4.7,0.1164425,32.9640649,1258,4.7,0.1147061 32.9631923 1226.0 8.5; 0.1145365 32.9630497 1235.0 2.0; 0.1143341 32.9630995 1232.0 2.0; 0.1143184 32.9633433 1229.0 2.333; 0.1146313 32.9633582 1228.0 1.9; 0.1146135 32.9631581 1229.0 2.0; 0.1147061 32.9631923 1226.0 8.5,,1760538250185.amr,ef0db708-6df8-4547-9bc2-312721a2ecbe,submitted_via_web,ladis00,uuid:ef0db708-6df8-4547-9bc2-312721a2ecbe
Rwancwende Abert,2025-10-15 14:25:00,0.1157422 32.9694918 1221.3 3.342,0.1157422,32.9694918,1221.3,3.342,Buikwe,Ssi,Musomoko,EKUB1220,Mutesi Robinah,Female,1960-05-02 00:00:00,66,Adult,Widowed,No,709235818,708748160,,PLE,I am engaged in income generating activities and have an individual income,Self employment ,0,1,0,,,,,Female,Junior,6,2,Yes,Farming,1000000,,3,No,No,No,Firewood,0,0,1,0,,,,,,,,,"Coffee, Cocoa, Cassava, Avocado, Beans, Maize",1,1,0,0,1,1,1,1,3000000,1500000,Coffee Cocoa Jackfruit Avocado Cassava,1,1,0,1,0,1,1,,> 4 years,600,200,Kiboko,0,1,0,0,Pests and diseases Lack of access to quality inputs Lack of labor,1,1,0,0,0,1,0,>4 Years,200,100,Dry fermented,0,0,1,0,0,Pest and diseases Lack of labor Lack of access to quality puts,1,1,0,0,0,1,0,,,,,,,,,,,,,,,,,,>4 Years,1,0,,,,,Pests and diseases Lack of access to knowledge and extension services Lack of access to market,1,0,1,0,0,0,1,,,,,,,,,,,,,,,,,,>4 Years,2,2,Raw,1,0,0,Pests and diseases Lack of access to quality puts Lack of access to knowledge and extension services,1,1,0,0,0,0,1,,>4 Years,100,60,Fresh Dried chips,1,1,0,0,Low prices Pests and diseases Lack of labor,1,0,0,1,0,0,1,0,,,No,,No,,None of the above,0,0,0,0,1,Use of integrated methods Spraying with inorganic chemicals,1,0,1,<6 months ,Apply Manure  Mulch Crop rotation and intercropping with legumes,1,0,1,0,1,Fellow local farmers,1,0,0,0,0,0,0,Tarpaulin Bare ground,1,1,0,0,Bag and keep on the floor in a store,Burning,1,0,0,0,0,,,Yes,<10,Yes,5,No,,,,,,,,,,0.115765 32.9697233 1221.3 8.7;0.1156866 32.9696108 1202.4 2.283;0.1156036 32.96967 1216.1 1.716;0.11555 32.9696717 1218.7 1.733;0.1154261 32.9697861 1213.3 1.816;0.1153261 32.9698901 1212.2 1.783;0.1154306 32.9700951 1215.7 1.7;0.1155457 32.9700737 1217.5 1.633;0.1156133 32.9700194 1215.0 1.8;0.1157149 32.9698694 1217.4 1.8;0.1158008 32.9698057 1215.8 1.7;0.1157542 32.9696563 1223.7 1.7;0.115765 32.9697233 1221.3 8.7,,1760529786072.amr,06ceaebf-78af-4f91-92b4-5e8cdd5c4327,submitted_via_web,abert_1,uuid:06ceaebf-78af-4f91-92b4-5e8cdd5c4327
Rwancwende Abert,2025-10-15 15:15:00,0.1149445 32.9673574 1220.5 3.762,0.1149445,32.9673574,1220.5,3.762,Buikwe,Ssi,Muboko,EKUB1221,Namugalu Rebecca,Female,1990-09-19 00:00:00,35,Youth,Single,No,752043415,,,PLE,I am engaged in income generating activities and have an individual income,Self employment ,0,1,0,,,,,Female,PLE,6,6,Yes,Farming,200000,,3,No,No,No,Firewood,0,0,1,0,,,,,,,,,"Coffee, Cocoa, Jackfruit, Cassava, Avocado, Beans, Maize",1,1,0,1,1,1,1,1,150000,100000,Coffee Cocoa Avocado Cassava Jackfruit,1,1,0,1,0,1,1,,> 4 years,200,60,Fresh,1,0,0,0,,,,,,,,,>4 Years,20,0,,,,,,,Lack of access to quality puts Lack of access to market,0,1,1,0,0,0,0,,,,,,,,,,,,,,,,,,1 - 4 Years,1,0,,,,,Pests and diseases Lack of access to quality puts Lack of labor,1,1,0,0,0,1,0,,,,,,,,,,,,,,,,,,>4 Years,1,0,,,,,Pests and diseases,1,0,0,0,0,0,0,,>4 Years,80,50,Fresh,1,0,0,0,Pests and diseases Low prices Lack of labor,1,0,0,1,0,0,1,0,,,Yes,,No,,None of the above,0,0,0,0,1,Use of integrated methods Using organic ,0,1,1,,Mulch Crop rotation and intercropping with legumes Apply Manure ,0,0,1,1,1,Fellow local farmers,1,0,0,0,0,0,0,,,,,,Bag and keep on the floor in a store,Burning,1,0,0,0,0,,,No,,Yes,5,No,,,,,0.1150702 32.9675738 1233.0 4.74,0.1150702,32.9675738,1233,4.74,0.115129 32.9675962 1219.6 1.65;0.115165 32.9677017 1232.1 1.55;0.115165 32.9677017 1232.1 1.683;0.1147842 32.9678578 1221.6 1.833;0.1147439 32.9677474 1221.4 1.7;0.1147402 32.9677041 1222.9 1.75;0.1147602 32.967638 1224.1 1.8;0.114763 32.9675795 1224.3 1.716;0.1147462 32.9674116 1223.5 1.616;0.114953 32.9673065 1224.2 1.683;0.1149961 32.9673756 1225.9 1.566;0.1148989 32.9674813 1226.4 1.733;0.1148669 32.9675373 1226.9 1.75;0.1150721 32.9675239 1224.6 1.666;0.115129 32.9675962 1219.6 1.65,,1760531644057.amr,202a0c1c-718e-41f3-87da-a4a3b5cd374e,submitted_via_web,abert_1,uuid:202a0c1c-718e-41f3-87da-a4a3b5cd374e
Rwancwende Abert,2025-10-15 15:54:00,0.1150059 32.9670111 1228.3 4.1,0.1150059,32.9670111,1228.3,4.1,Buikwe,Ssi,Musomoko,EKUB1222,Nakibirango Jane,Female,1990-05-04 00:00:00,36,Adult,Married,No,703064916,,,PLE,I am engaged in income generating activities and have an individual income,Self employment ,0,1,0,,,,,Male,Junior,6,5,No,Farming,250000,,3,No,No,No,Firewood,0,0,1,0,,,,,,,,,"Coffee, Cocoa, Beans, Maize",1,1,0,0,0,0,1,1,380000,420000,"Coffee, Cocoa, Cassava",1,1,0,0,0,0,1,,> 4 years,450,280,"Fresh, Kiboko",1,1,0,0,Pests and diseases Lack of access to quality inputs Price fluctuations,1,1,0,1,0,0,0,>4 Years,90,45,"Fresh, Dry fermented",0,1,1,0,0,Pest and diseases Price fluctuations Lack of access to quality puts,1,1,0,1,0,0,0,,,,,,,,,,,,,,,,,,,,,,,,,,,,,,,,,,,,,,,,,,,,,,,,,,,,,,,,,,,,,,,,,,>4 Years,200,50,Fresh,1,0,0,0,Low prices Price fluctuations Post harvest losses,0,0,0,1,1,1,0,0,,,Yes,,No,,None of the above,0,0,0,0,1,Use of integrated methods,0,0,1,,"Mulch, Apply Manure, Crop rotation and intercropping with legumes",0,0,0,0,1,"Fellow local farmers, Local nursery beds",1,0,1,0,0,0,0,Bare ground Tarpaulin,1,1,0,0,Bag and keep on the floor in a store,Burning,1,0,0,0,0,,,Yes,<10,Yes,8,No,,,,,0.1151161 32.9672121 1221.1 3.95,0.1151161,32.9672121,1221.1,3.95,0.1147225 32.9676686 1224.5 8.42; 0.1147756 32.9678616 1223.8 1.983; 0.1146824 32.9679296 1223.8 1.566; 0.1146569 32.9680182 1222.7 1.616; 0.11466 32.9681567 1220.9 1.666; 0.1145594 32.9682191 1218.1 1.75; 0.114461 32.96825 1217.2 1.616; 0.1143767 32.9682902 1216.6 1.533; 0.1143337 32.9683155 1215.4 1.6; 0.1142946 32.9683359 1215.0 1.616; 0.1142567 32.9683444 1214.2 1.666; 0.1142299 32.9682622 1213.4 1.583; 0.1142556 32.9680474 1216.8 1.65; 0.1142725 32.9679002 1215.3 1.566; 0.1141124 32.9678054 1214.0 1.6; 0.1140443 32.9676786 1216.1 1.65; 0.1140917 32.96763 1216.0 1.6; 0.1145 32.9676567 1217.1 2.1; 0.1147225 32.9676686 1224.5 8.42,,1760532662302.amr,e9be7ef4-ab2c-4c41-a9ed-90cff6786ab9,submitted_via_web,abert_1,uuid:e9be7ef4-ab2c-4c41-a9ed-90cff6786ab9
Rwancwende Abert,2025-10-15 16:11:00,0.1156235 32.9690821 1222.7 3.65,0.1156235,32.9690821,1222.7,3.65,Buikwe,Ssi,Masopo,EKUB1223,Namutebi Sylvia,Female,1982-02-12 00:00:00,44,Adult,Married,No,709137535,,,PLE,I am engaged in income generating activities and have an individual income,Self employment ,0,1,0,,,,,Female,PLE,11,9,Yes,Farming,250000,,3,No,No,No,Firewood,0,0,1,0,,,,,,,,,"Coffee, Cocoa, Vanilla, Beans, Maize",1,1,1,0,0,0,1,1,500000,800000,Cassava Coffee Cocoa Vanilla Avocado Jackfruit,1,1,1,1,0,1,1,,> 4 years,450,310,"Fresh, Kiboko",1,1,0,0,Pests and diseases Price fluctuations Lack of access to quality inputs,1,1,0,1,0,0,0,>4 Years,180,150,"Fresh, Pods, Dry fermented",1,1,1,0,0,Pest and diseases Price fluctuations Lack of access to quality puts,1,1,0,1,0,0,0,,>4 years,40,40,Fresh,1,0,0,Price fluctuations Lack of labor Post harvest losses,0,0,0,1,1,1,0,,>4 Years,5,3,,,,,Lack of access to market Lack of access to quality puts Pests and diseases,1,1,1,0,0,0,0,,,,,,,,,,,,,,,,,,>4 Years,7,4,,,,,Price fluctuations Lack of access to market Lack of access to quality puts,0,1,1,1,0,0,0,,>4 Years,200,50,Fresh,1,0,0,0,Low prices Price fluctuations Post harvest losses,0,0,0,1,1,1,0,0,,,Yes,,No,,None of the above,0,0,0,0,1,Use of integrated methods,0,0,1,,"Mulch, Apply Manure, Crop rotation and intercropping with legumes",0,0,0,0,1,"Fellow local farmers, Local nursery beds",1,0,1,0,0,0,0,Tarpaulin Bare ground,1,1,0,0,Bag and keep on the floor in a store,Burning,1,0,0,0,0,,,Yes,10-50,Yes,12,No,,,,,0.1156069 32.9690843 1225.1 4.9,0.1156069,32.9690843,1225.1,4.9,0.1156121 32.9690847 1226.4 3.487; 0.1157222 32.9692369 1222.5 1.866; 0.1158069 32.9693121 1227.1 1.85; 0.1159967 32.9694667 1225.5 3.7; 0.1161644 32.9695362 1226.0 1.84; 0.1161896 32.9695224 1227.6 1.633; 0.1162455 32.9694651 1228.7 1.65; 0.116276 32.9694697 1229.5 1.616; 0.1163262 32.9694851 1229.7 1.6; 0.1164228 32.9694499 1230.0 1.4; 0.1164301 32.9691055 1233.9 1.7; 0.1164755 32.9689182 1237.2 2.3; 0.1163294 32.9689088 1232.4 1.64; 0.1161531 32.9689843 1228.2 1.733; 0.1160503 32.968984 1227.4 1.6; 0.1157769 32.9690111 1225.8 2.2; 0.1156121 32.9690847 1226.4 3.487,,1760534542904.amr,d07ac1c6-f1df-40f7-ac21-1570a8c652d8,submitted_via_web,abert_1,uuid:d07ac1c6-f1df-40f7-ac21-1570a8c652d8
Rwancwende Abert,2025-10-15 16:39:00,0.1155058 32.9687703 1206.5 4.0,0.1155058,32.9687703,1206.5,4,Buikwe,Ssi,Musomoko ,EKUB1224,Lunkuse Megre,Female,1967-06-08 00:00:00,59,Adult,Married,No,756695422,,,No formal education,I am engaged in income generating activities and have an individual income,Self employment ,0,1,0,,,,,Female,No formal education,5,3,No,Farming,100000,,2,Yes,No,No,"Charcoal, Firewood",0,1,1,0,,,,,,,,,"Coffee, Beans, Maize",1,0,0,0,0,0,1,1,280000,195000,Coffee Cocoa Avocado Jackfruit Cassava,1,1,0,1,0,1,1,,> 4 years,75,50,Fresh,1,0,0,0,Pests and diseases Lack of access to quality inputs Price fluctuations,1,1,0,1,0,0,0,<1 Year,20,0,,,,,,,Lack of or access to knowledge and extension services Lack of access to quality puts Lack of labor,0,1,0,0,0,1,1,,,,,,,,,,,,,,,,,,>4 Years,2,2,,,,,Lack of access to market Lack of access to quality puts Pests and diseases,1,1,1,0,0,0,0,,,,,,,,,,,,,,,,,,>4 Years,1,1,,,,,Lack of access to market Lack of access to quality puts Pests and diseases,1,1,1,0,0,0,0,,>4 Years,450,120,Fresh,1,0,0,0,Price fluctuations Lack of labor Low prices,0,0,0,1,1,0,1,0,,,Yes,,No,,None of the above,0,0,0,0,1,Use of integrated methods Spraying with inorganic chemicals,1,0,1,<6 months ,Apply Manure  Mulch Crop rotation and intercropping with legumes,0,0,0,0,1,Fellow local farmers,1,0,0,0,0,0,0,Bare ground,0,1,0,0,Bag and keep on the floor in a store,Burning,1,0,0,0,0,,,Yes,<10,Yes,6,No,,,,,0.1154948 32.9689173 1222.5 4.887,0.1154948,32.9689173,1222.5,4.887,0.1154066 32.9688345 1207.5 3.175; 0.1155062 32.9689616 1207.8 1.733; 0.1155571 32.9689684 1209.1 1.883; 0.1155991 32.9689474 1211.8 1.733; 0.1158107 32.9689848 1220.0 1.783; 0.1159636 32.9689725 1225.9 1.683; 0.1160792 32.9689874 1226.6 1.6; 0.1161417 32.9689758 1227.6 1.733; 0.1162175 32.968932 1230.9 1.7; 0.1161508 32.9688512 1232.5 1.6; 0.1160884 32.9686504 1230.8 1.633; 0.1159523 32.9686486 1230.2 2.1; 0.1156372 32.9687376 1229.7 4.633; 0.1155293 32.9688783 1223.7 1.816; 0.1154066 32.9688345 1207.5 3.175,,1760536200557.amr,d15c2bc6-b188-4112-a90b-824780f9197e,submitted_via_web,abert_1,uuid:d15c2bc6-b188-4112-a90b-824780f9197e
Rwancwende Abert,2025-10-15 13:38:00,0.1164133 32.9687517 1214.2 4.1,0.1164133,32.9687517,1214.2,4.1,Buikwe,Ssi,Musomoko,EKUB1225,Mubiru Sunday Yudah,Male,1981-06-10 00:00:00,45,Adult,Married,No,707503605,,,Junior,I am engaged in income generating activities and have an individual income,Self employment ,0,1,0,,,,,Male,Junior,7,5,Yes,Farming,600000,,3,Yes,No,No,"Charcoal, Firewood",0,1,1,0,,,,,,,,,"Coffee, Cocoa Beans",1,1,0,0,0,0,1,0,600000,,Coffee Cocoa Jackfruit Cassava Avocado Oysternut,1,1,0,1,1,1,1,,> 4 years,450,300,"Kiboko, Fresh",1,1,0,0,Pests and diseases Price fluctuations Lack of access to quality inputs,1,1,0,1,0,0,0,1 - 4 Years,100,0,,,,,,,Pest and diseases Lack of labor Lack of or access to knowledge and extension services,1,0,0,0,0,1,1,,,,,,,,,,,,,,,,,,>4 Years,6,6,Ripe,0,1,0,Pests and diseases Lack of access to market Post harvest losses,1,0,1,0,1,0,0,,< 1 Year,1,0,,,,,,,,,,,,,,>4 Years,6,6,,,,,,,,,,,,,,>4 Years,265,40,Fresh,1,0,0,0,Pests and diseases Post harvest losses Lack of access to market,1,0,1,0,0,1,0,0,,,Yes,,No,,None of the above,0,0,0,0,1,Spraying with inorganic chemicals Use of integrated methods,1,0,1,<6 months ,Apply Manure  Crop rotation and intercropping with legumes,0,0,1,0,1,"Fellow local farmers, Local nursery beds",1,0,1,0,0,0,0,Tarpaulin,1,0,0,0,Bag and keep on the floor in a store,Burning,1,0,0,0,0,,,Yes,10-50,Yes,10,No,,,,,0.1157962 32.9707691 1217.8 2.585,0.1157962,32.9707691,1217.8,2.585,0.1158105 32.9707872 1216.0 2.85;0.1158813 32.9709626 1217.1 1.666;0.1158645 32.9709908 1215.5 1.533;0.1155226 32.9712672 1206.9 1.666;0.1151714 32.9715232 1200.4 1.7;0.1150804 32.9715053 1199.9 1.7;0.1149096 32.9712543 1201.8 1.6;0.1148447 32.9711539 1204.3 1.583;0.1148384 32.9710182 1205.3 1.65;0.1149034 32.9709019 1203.7 1.533;0.1152757 32.9708357 1207.7 1.616;0.1153982 32.9708455 1209.4 1.6;0.115458 32.9708677 1209.9 1.5;0.1158105 32.9707872 1216.0 2.85,,1760527295743.amr,d45d47d3-734d-4243-b9ba-d766f5891287,submitted_via_web,abert_1,uuid:d45d47d3-734d-4243-b9ba-d766f5891287
Musisi paul Namugera,2025-10-16 13:35:00,0.1162199 32.9630201 1248.9 3.866,0.1162199,32.9630201,1248.9,3.866,Buikwe,Ssi,Busomoko,EKUB1226,Katantazi Gerald,Male,1986-10-16 00:00:00,39,Adult,Married,No,745376915,,,PLE,I am engaged in income generating activities and have an individual income,Self employment ,0,1,0,,,,,Male,PLE,4,2,Yes,Farming,100000,,2,No,No,No,Firewood,0,0,1,0,,,,,,,,,"Coffee, Cocoa, Vanilla, Jackfruit, Cassava, Avocado, Maize, Beans",1,1,1,1,1,1,1,1,1000000,1000000,Coffee Cocoa Vanilla Jackfruit Avocado Cassava,1,1,1,1,0,1,1,"Banana, Maize and Beans",> 4 years,300,300,Hulled,0,0,1,0,Pests and diseases Lack of access to quality inputs Price fluctuations,1,1,0,1,0,0,0,>4 Years,80,10,Dry fermented,0,0,1,0,0,Lack of access to market Price fluctuations Lack of access to quality puts,0,1,1,1,0,0,0,,>4 years,50,30,Fresh,1,0,0,Lack of access to market Lack of access to quality puts Price fluctuations,0,1,1,1,0,0,0,,>4 Years,5,5,Ripe,0,1,0,"Price fluctuations, Lack of access to market, Post harvest losses",0,0,1,1,1,0,0,,,,,,,,,,,,,,,,,,>4 Years,10,5,Raw,1,0,0,Price fluctuations Lack of access to market Post harvest losses,0,0,1,1,1,0,0,,>4 Years,300,0,Fresh,1,0,0,0,Low prices Lack of access to market Price fluctuations,0,0,1,1,1,0,0,0,,,Yes,,No,,None of the above,0,0,0,0,1,Use of integrated methods,0,0,1,,Apply Manure  Crop rotation and intercropping with legumes,0,0,1,0,1,"Fellow local farmers, Personal nursery Local agro-inputs shops",1,1,0,0,0,0,1,Tarpaulin,1,0,0,0,Bag and keep on raised pallet,Burning,1,0,0,0,0,,,No,,Yes,5,No,,,,,0.1161084 32.9628888 1250.2 4.5,0.1161084,32.9628888,1250.2,4.5,0.1155389 32.9631034 1239.7 2.495; 0.1155724 32.9633869 1240.4 1.533; 0.1160446 32.9632721 1240.0 1.72; 0.1161017 32.963055 1245.9 1.416; 0.1155389 32.9631034 1239.7 2.495,,1760612330229.amr,fd9f9f63-04f8-405d-b693-76f26a6fb05e,submitted_via_web,katwesiime_1,uuid:fd9f9f63-04f8-405d-b693-76f26a6fb05e
Musisi paul Namugera,2025-10-16 14:22:00,0.1143965 32.9592991 1222.3 4.333,0.1143965,32.9592991,1222.3,4.333,Buikwe,Ssi,Zitwe,EKUB1227,Nsubuga Zeruba,Male,1997-03-08 00:00:00,29,Youth,Married,No,745554740,,,PLE,I am engaged in income generating activities and have an individual income,Self employment ,0,1,0,,,,,Male,PLE,6,4,Yes,Farming,300000,,2,No,No,No,Firewood,0,0,1,0,,,,,,,,,"Coffee, Cocoa, Jackfruit, Avocado, Cassava, Beans, Maize",1,1,0,1,1,1,1,1,500000,500000,Coffee Cocoa Jackfruit Avocado Cassava,1,1,0,1,0,1,1,"Banana, Maize, potatoes and Beans",> 4 years,300,300,"Fresh, Kiboko",1,1,0,0,Pests and diseases Price fluctuations Lack of access to quality inputs,1,1,0,1,0,0,0,>4 Years,100,100,Dry fermented,0,0,1,0,0,"Pest and diseases, Price fluctuations, Lack of access to market Post harvest losses",1,0,1,1,1,0,0,,,,,,,,,,,,,,,,,,>4 Years,1,1,Ripe,0,1,0,"Price fluctuations, Lack of access to market, Post harvest losses",0,0,1,1,1,0,0,,,,,,,,,,,,,,,,,,<1 Year,4,0,Raw,1,0,0,"Price fluctuations, Post harvest losses, Lack of access to market",0,0,1,1,1,0,0,,>4 Years,100,0,Fresh,1,0,0,0,Pests and diseases Lack of access to market Low prices Price fluctuations,1,0,1,1,1,0,0,0,,,Yes,,No,,None of the above,0,0,0,0,1,Use of integrated methods,0,0,1,,Apply Manure  Crop rotation and intercropping with legumes Purchase and apply inorganic fertilizer,0,0,1,0,1,"Fellow local farmers, Personal nursery Local agro-inputs shops",1,1,0,0,0,0,1,Tarpaulin,1,0,0,0,Bag and keep on raised pallet,Burning,1,0,0,0,0,,,No,,Yes,5,No,,,,,0.1142324 32.9592056 1230.6 4.25,0.1142324,32.9592056,1230.6,4.25,0.1139331 32.9593704 1224.9 1.683; 0.1138428 32.959773 1225.6 1.733; 0.1143339 32.95938 1227.2 1.833; 0.114369 32.9592784 1225.8 1.8; 0.1139331 32.9593704 1224.9 1.683,,1760614889718.amr,57c6d6fd-4f4c-4b14-ae29-674670f87154,submitted_via_web,katwesiime_1,uuid:57c6d6fd-4f4c-4b14-ae29-674670f87154
Musisi paul Namugera,2025-10-16 14:47:00,0.1137804 32.959372 1238.9 4.125,0.1137804,32.959372,1238.9,4.125,Buikwe,Ssi,Zitwe,EKUB1228,Kiberu Jimmy,Male,1990-06-15 00:00:00,36,Adult,Married,No,757641762,75491947,,UCE,I am engaged in income generating activities and have an individual income,Self employment ,0,1,0,,,,,Male,UCE,4,2,Yes,Farming,100000,,2,Yes,No,No,Firewood,0,0,1,0,,,,,,,,,"Coffee, Cocoa Avocado Cassava Beans Maize",1,1,0,0,1,1,1,1,400000,400000,Coffee Cocoa Jackfruit Avocado Cassava,1,1,0,1,0,1,1,"Banana, Maize and Beans",> 4 years,400,400,Fresh,1,0,0,0,Pests and diseases Lack of access to quality inputs Price fluctuations,1,1,0,1,0,0,0,>4 Years,100,100,Dry fermented,0,0,1,0,0,Lack of access to market Price fluctuations Pest and diseases,1,0,1,1,0,0,0,,,,,,,,,,,,,,,,,,>4 Years,1,1,Ripe,0,1,0,Lack of access to market Price fluctuations Post harvest losses,0,0,1,1,1,0,0,,,,,,,,,,,,,,,,,,>4 Years,1,1,Ripe,0,1,0,"Price fluctuations, Post harvest losses, Lack of access to market",0,0,1,1,1,0,0,,>4 Years,150,50,Fresh,1,0,0,0,Low prices Lack of access to market Price fluctuations,0,0,1,1,1,0,0,0,,,Yes,,No,,None of the above,0,0,0,0,1,Use of integrated methods,0,0,1,,Apply Manure  Crop rotation and intercropping with legumes,0,0,1,0,1,"Fellow local farmers, Personal nursery Local agro-inputs shops",1,1,0,0,0,0,1,Tarpaulin,1,0,0,0,Bag and keep on raised pallet,Burning,1,0,0,0,0,,,No,,Yes,4,No,,,,,0.1137073 32.9595153 1220.5 2.283,0.1137073,32.9595153,1220.5,2.283,0.1136664 32.9595711 1222.5 1.616; 0.1136153 32.9596618 1220.1 1.733; 0.1138216 32.959755 1220.5 1.5; 0.1138805 32.9595645 1221.0 1.75; 0.1136664 32.9595711 1222.5 1.616,,1760615959280.amr,8817aa7f-8d66-4b3c-8756-64b2700586d3,submitted_via_web,katwesiime_1,uuid:8817aa7f-8d66-4b3c-8756-64b2700586d3
Musisi paul Namugera,2025-10-16 15:20:00,0.1078593 32.9614837 1217.1 4.15,0.1078593,32.9614837,1217.1,4.15,Buikwe,Ssi,Zitwe,EKUB1229,Kitikyamuwogo Paul,Male,1998-06-15 00:00:00,28,Youth,Married,No,750493965,708537086,,PLE,I am engaged in income generating activities and have an individual income,Self employment ,0,1,0,,,,,Male,PLE,3,1,No,Farming,150000,,2,Yes,No,No,Firewood,0,0,1,0,,,,,,,,,"Coffee, Cocoa, Beans, Maize",1,1,0,0,0,0,1,1,200000,2000000,"Coffee, Cocoa, Cassava",1,1,0,0,0,0,1,Banana,> 4 years,500,150,Hulled,0,0,1,0,Pests and diseases Price fluctuations Lack of access to quality inputs,1,1,0,1,0,0,0,>4 Years,1000,200,Dry fermented,0,0,1,0,0,"Price fluctuations Pest and diseases, Lack of access to quality puts Lack of access to market",1,1,1,1,0,0,0,,,,,,,,,,,,,,,,,,,,,,,,,,,,,,,,,,,,,,,,,,,,,,,,,,,,,,,,,,,,,,,,,,>4 Years,20,20,Fresh,1,0,0,0,Lack of access to market Low prices Price fluctuations,0,0,1,1,1,0,0,0,,,Yes,,No,,None of the above,0,0,0,0,1,Use of integrated methods,0,0,1,,"Apply Manure, Purchase and apply organic fertilizers",0,0,1,0,1,"Fellow local farmers, Personal nursery Local agro-inputs shops",1,1,0,0,0,0,1,Tarpaulin,1,0,0,0,Bag and keep on raised pallet,Burning,1,0,0,0,0,,,No,,Yes,12,No,,,,,0.1078851 32.9614041 1233.8 4.95,0.1078851,32.9614041,1233.8,4.95,0.1078593 32.9613675 1231.1 1.987; 0.107771 32.9613499 1228.7 1.566; 0.1076698 32.9614284 1221.1 1.633; 0.1077824 32.9614673 1222.4 1.683; 0.1078593 32.9613675 1231.1 1.987,,1760617999584.amr,266d2c00-9d7d-45ce-93ad-6a404762d0bb,submitted_via_web,katwesiime_1,uuid:266d2c00-9d7d-45ce-93ad-6a404762d0bb
Musisi paul Namugera,2025-10-16 15:56:00,0.1069001 32.9652005 1223.5 4.95,0.1069001,32.9652005,1223.5,4.95,Buikwe,Ssi,Zitwe,EKUB1230,Kasajja Michael,Male,1994-03-29 00:00:00,32,Youth,Married,Yes,742959847,763494098,,UCE,I am engaged in income generating activities and have an individual income,Self employment ,0,1,0,,,,,Male,UCE,6,4,Yes,Farming,280000,,2,No,No,No,Firewood,0,0,1,0,,,,,,,,,"Coffee, Cocoa Vanilla Cassava Beans Maize Avocado",1,1,1,0,1,1,1,1,500000,500000,Coffee Vanilla Cocoa Jackfruit Avocado Cassava,1,1,1,1,0,1,1,"Banana, Maize and Beans",> 4 years,70,70,Fresh,1,0,0,0,"Pests and diseases, Price fluctuations, Lack of access to market Post harvest losses",1,0,1,1,1,0,0,>4 Years,1000,50,Dry fermented,0,0,1,0,0,Pest and diseases Lack of access to market Price fluctuations,1,0,1,1,0,0,0,,>4 years,10,10,Fresh,1,0,0,Price fluctuations Lack of access to market,0,0,1,1,0,0,0,,>4 Years,4,4,Ripe,0,1,0,Lack of access to market Price fluctuations Post harvest losses,0,0,1,1,1,0,0,,,,,,,,,,,,,,,,,,>4 Years,2,2,Raw,1,0,0,Lack of access to market Price fluctuations Post harvest losses,0,0,1,1,1,0,0,,>4 Years,150,50,Fresh,1,0,0,0,Lack of access to market Low prices Price fluctuations,0,0,1,1,1,0,0,0,,,Yes,,No,,None of the above,0,0,0,0,1,Use of integrated methods,0,0,1,,Apply Manure  Crop rotation and intercropping with legumes,0,0,1,0,1,"Fellow local farmers, Personal nursery Local agro-inputs shops Local nursery beds",1,1,1,0,0,0,1,Tarpaulin,1,0,0,0,Bag and keep on raised pallet,Burning,1,0,0,0,0,,,No,,Yes,5,No,,,,,0.1057726 32.9644941 1225.6 3.92,0.1057726,32.9644941,1225.6,3.92,0.1057396 32.9642317 1225.7 1.716; 0.1054978 32.9646806 1225.4 1.7; 0.1057307 32.9648124 1225.9 1.616; 0.1058109 32.9648396 1225.2 1.55; 0.1059384 32.9644305 1223.9 3.6; 0.1057396 32.9642317 1225.7 1.716,,1760620759418.amr,d8ce0bd8-e0a0-491c-bbda-93d7e3ff59de,submitted_via_web,katwesiime_1,uuid:d8ce0bd8-e0a0-491c-bbda-93d7e3ff59de
Ngabirano Deus,2025-10-15 16:34:00,0.1153483 32.96815 1207.9 5.0,0.1153483,32.96815,1207.9,5,Buikwe,Ssi,Musomoko,EKUB1231,Kizito David,Male,1957-07-16 00:00:00,69,Adult,Married,No,745378024,,,PLE,I am engaged in income generating activities and have an individual income,Self employment ,0,1,0,,,,,Male,PLE,2,0,,Farming,100000,,2,No,No,No,Charcoal,0,1,0,50000,,,,,,,,,Cocoa,0,1,0,0,0,0,0,0,0,0,Cocoa Jackfruit Avocado,0,1,0,1,0,1,0,Yellow banana,,,,,,,,,,,,,,,,,1 - 4 Years,200,0,,,,,,,Pest and diseases,1,0,0,0,0,0,0,,,,,,,,,,,,,,,,,,>4 Years,7,7,Raw,1,0,0,Pests and diseases,1,0,0,0,0,0,0,,,,,,,,,,,,,,,,,,>4 Years,10,10,,,,,Pests and diseases,1,0,0,0,0,0,0,,,,,,,,,,,,,,,,,,,,,No,,No,,None of the above,0,0,0,0,1,Using organic ,0,1,0,,Apply Manure  Mulch,0,0,1,1,0,Fellow local farmers,1,0,0,0,0,0,0,,,,,,,Dump in a pit,0,1,0,0,0,,,No,,Yes,20,No,,,,,0.1153828 32.9680621 1234.7 4.6,0.1153828,32.9680621,1234.7,4.6,0.1153367 32.9681998 1236.1 1.7; 0.1153828 32.9680621 1234.7 4.6; 0.1148433 32.9679333 1235.0 3.7; 0.1148433 32.9679333 1235.0 1.86; 0.1153367 32.9681998 1236.1 1.7,,1760536513623.amr,54c8778e-78a9-415a-bef1-a856e5a5af7d,submitted_via_web,deus_1,uuid:54c8778e-78a9-415a-bef1-a856e5a5af7d
Ngabirano Deus,2025-10-15 17:05:00,0.1165883 32.9668177 1259.3 3.3,0.1165883,32.9668177,1259.3,3.3,Buikwe,Ssi,Busomoka,EKUB1232,Richard Katongole,Male,1993-07-07 00:00:00,33,Youth,Married,No,759294216,,,PLE,I am engaged in income generating activities and have an individual income,Self employment ,0,1,0,,,,,Male,PLE,8,5,Yes,Farming,600000,,2,No,No,No,Firewood,0,0,1,0,,,,,,,,,"Coffee, Avocado",1,0,0,0,0,1,0,0,1000000,800000,Coffee Cocoa Jackfruit,1,1,0,1,0,0,0,,> 4 years,200,200,Fresh,1,0,0,0,Price fluctuations Pests and diseases Lack of access to market,1,0,1,1,0,0,0,>4 Years,300,0,,,,,,,Pest and diseases,1,0,0,0,0,0,0,,,,,,,,,,,,,,,,,,>4 Years,4,4,Raw,1,0,0,Pests and diseases Lack of access to market Price fluctuations,1,0,1,1,0,0,0,,,,,,,,,,,,,,,,,,,,,,,,,,,,,,,,,,,,,,,,,,,,,,,,,,,,,No,,No,,None of the above,0,0,0,0,1,Using organic  Spraying with inorganic chemicals,1,1,0,<6 months ,Apply Manure  Mulch,0,0,1,1,0,Fellow local farmers,1,0,0,0,0,0,0,Tarpaulin,1,0,0,0,Bag and keep on the floor in a store,Dump in a pit Dump at a heap around the farm,0,1,0,1,0,,,Yes,<10,Yes,200,No,,,,,0.116558 32.9668481 1272.9 3.347,0.116558,32.9668481,1272.9,3.347,0.1164197 32.9667825 1271.9 1.805; 0.1162191 32.966849 1270.1 2.52; 0.1162267 32.966885 1269.7 2.2; 0.1164488 32.9670187 1268.6 2.977; 0.1164197 32.9667825 1271.9 1.805,,1760538226519.amr,483fae4a-9a92-43e6-934a-e5bf77ce8430,submitted_via_web,deus_1,uuid:483fae4a-9a92-43e6-934a-e5bf77ce8430
Ngabirano Deus,2025-10-16 13:45:00,0.1146399 32.9625679 1211.6 4.94,0.1146399,32.9625679,1211.6,4.94,Buikwe,Ssi,Zitwe,EKUB1233,Nanyonga Specioza,Female,1969-12-25 00:00:00,56,Adult,Widowed,No,755312526,,,No formal education,I am engaged in income generating activities and have an individual income,Self employment ,0,1,0,,,,,Female,No formal education,7,2,Yes,Farming,60000,,2,Yes,No,No,Firewood,0,0,1,0,,,,,,,,,Coffee Beans,1,0,0,0,0,0,1,0,1500000,800000,Coffee Cocoa,1,1,0,0,0,0,0,,> 4 years,300,250,Kiboko,0,1,0,0,Pests and diseases Lack of access to market Price fluctuations,1,0,1,1,0,0,0,>4 Years,120,70,Dry fermented,0,0,1,0,0,Pest and diseases Price fluctuations,1,0,0,1,0,0,0,,,,,,,,,,,,,,,,,,,,,,,,,,,,,,,,,,,,,,,,,,,,,,,,,,,,,,,,,,,,,,,,,,,,,,,,,,,,,,,,,,,,,Yes,,No,,None of the above,0,0,0,0,1,Using organic ,0,1,0,,Apply Manure ,0,0,1,1,0,Fellow local farmers,1,0,0,0,0,0,0,Tarpaulin,1,0,0,0,Bag and keep on raised pallet,Dump in a pit,0,1,0,0,0,,,Yes,<10,Yes,10,No,,,,,0.1145649 32.9625816 1239.3 4.6,0.1145649,32.9625816,1239.3,4.6,0.1139061 32.9623085 1238.6 2.85; 0.1139029 32.9623041 1238.6 3.583; 0.114365 32.9627567 1238.1 4.1; 0.114235 32.963145 1237.2 4.2; 0.1139061 32.9623085 1238.6 2.85,,1760612669034.amr,0f2b0fbc-bee9-4aa6-803c-59b17e9024c9,submitted_via_web,deus_1,uuid:0f2b0fbc-bee9-4aa6-803c-59b17e9024c9
Ngabirano Deus,2025-10-16 14:19:00,0.1147826 32.959248 1281.3 4.28,0.1147826,32.959248,1281.3,4.28,Buikwe,Ssi,Zitwe,EKUB1234,Ssekatawa Benson,Male,1960-04-02 00:00:00,66,Adult,Married,No,756167361,,,No formal education,I am engaged in income generating activities and have an individual income,Self employment ,0,1,0,,,,,Male,No formal education,6,4,Yes,Farming,280000,,2,No,No,No,Firewood,0,0,1,0,,,,,,,,,"Coffee, Cocoa",1,1,0,0,0,0,0,0,2500000,1500000,Coffee Cocoa,1,1,0,0,0,0,0,,> 4 years,500,400,Kiboko,0,1,0,0,"Pests and diseases, Price fluctuations, Lack of access to market",1,0,1,1,0,0,0,>4 Years,60,50,Dry fermented,0,0,1,0,0,"Pest and diseases, Price fluctuations, Lack of access to market",1,0,1,1,0,0,0,,,,,,,,,,,,,,,,,,,,,,,,,,,,,,,,,,,,,,,,,,,,,,,,,,,,,,,,,,,,,,,,,,,,,,,,,,,,,,,,,,,,,Yes,,No,,None of the above,0,0,0,0,1,Spraying with inorganic chemicals,1,0,0,<6 months ,Apply Manure  Mulch,0,0,1,1,0,Fellow local farmers,1,0,0,0,0,0,0,Tarpaulin,1,0,0,0,Bag and keep on raised pallet,Dump in a pit Dump at a heap around the farm,0,1,0,1,0,,,Yes,<10,Yes,10,No,,,,,0.1148033 32.9592717 1252.2 2.4,0.1148033,32.9592717,1252.2,2.4,0.1149367 32.9591154 1251.8 1.84; 0.11532 32.9590833 1252.8 2.1; 0.1153465 32.9593641 1254.5 2.98; 0.114595 32.9595883 1252.8 7.4; 0.1149367 32.9591154 1251.8 1.84,,1760614568462.amr,6ef59d1b-bb19-47eb-b6ec-1df4f0104bb5,submitted_via_web,deus_1,uuid:6ef59d1b-bb19-47eb-b6ec-1df4f0104bb5
Ngabirano Deus,2025-10-16 14:52:00,0.1118264 32.9597186 1236.9 4.8,0.1118264,32.9597186,1236.9,4.8,Buikwe,Ssi,Zitwe,EKUB1235,Namakula Deborah,Female,1973-06-12 00:00:00,53,Adult,Widowed,No,700613348,,,No formal education,I am engaged in income generating activities and have an individual income,Self employment ,0,1,0,,,,,Female,No formal education,6,5,Yes,Farming,250000,,2,No,No,No,Firewood,0,0,1,0,,,,,,,,,"Coffee, Cocoa",1,1,0,0,0,0,0,0,800000,600000,Coffee Cocoa,1,1,0,0,0,0,0,,> 4 years,120,100,Kiboko,0,1,0,0,"Pests and diseases, Price fluctuations, Lack of access to market",1,0,1,1,0,0,0,>4 Years,12,7,Dry fermented,0,0,1,0,0,"Pest and diseases, Price fluctuations, Lack of access to market",1,0,1,1,0,0,0,,,,,,,,,,,,,,,,,,,,,,,,,,,,,,,,,,,,,,,,,,,,,,,,,,,,,,,,,,,,,,,,,,,,,,,,,,,,,,,,,,,,,No,,No,,None of the above,0,0,0,0,1,Using organic ,0,1,0,,Apply Manure  Mulch,0,0,1,1,0,Fellow local farmers,1,0,0,0,0,0,0,Tarpaulin,1,0,0,0,Bag and keep on raised pallet,Dump in a pit Dump at a heap around the farm,0,1,0,1,0,,,Yes,<10,Yes,5,No,,,,,0.1117574 32.9597087 1244.6 3.78,0.1117574,32.9597087,1244.6,3.78,0.1117276 32.9596503 1243.8 1.733; 0.1117365 32.9597466 1243.9 2.1; 0.1116798 32.960023 1243.3 4.4; 0.1119327 32.9601057 1243.4 2.12; 0.1117276 32.9596503 1243.8 1.733,,1760616473881.amr,cefc4a91-3326-4269-8a4d-6a2bafce2eb5,submitted_via_web,deus_1,uuid:cefc4a91-3326-4269-8a4d-6a2bafce2eb5
Ngabirano Deus,2025-10-16 15:35:00,0.1084958 32.9631402 1213.0 4.18,0.1084958,32.9631402,1213,4.18,Buikwe,Ssi,Zitwe,EKUB1236,Musisi John,Male,1954-11-10 00:00:00,71,Adult,Married,No,755507638,,,No formal education,I am engaged in income generating activities and have an individual income,Self employment ,0,1,0,,,,,Male,No formal education,7,6,Yes,Farming,200000,,2,No,No,No,Firewood,0,0,1,0,,,,,,,,,"Coffee, Cocoa Vanilla Cassava",1,1,1,0,1,0,0,0,1200000,800000,Coffee Cocoa Vanilla Jackfruit Cassava,1,1,1,1,0,0,1,,> 4 years,300,280,"Fresh, Kiboko",1,1,0,0,"Pests and diseases, Price fluctuations, Lack of access to market",1,0,1,1,0,0,0,>4 Years,30,25,Dry fermented,0,0,1,0,0,"Pest and diseases, Price fluctuations, Lack of access to market",1,0,1,1,0,0,0,,>4 years,25,20,Fresh,1,0,0,Lack of access to market Price fluctuations,0,0,1,1,0,0,0,,>4 Years,4,3,Raw,1,0,0,Lack of access to market Price fluctuations,0,0,1,1,0,0,0,,,,,,,,,,,,,,,,,,,,,,,,,,,,,,,,,,>4 Years,800,800,Dried chips,0,1,0,0,Pests and diseases Low prices,1,0,0,1,0,0,0,0,,,No,,No,,None of the above,0,0,0,0,1,Using organic  Spraying with inorganic chemicals,1,1,0,6-12 months,Purchase and apply inorganic fertilizer Apply Manure ,0,0,1,1,0,Fellow local farmers,1,0,0,0,0,0,0,Tarpaulin,1,0,0,0,Bag and keep on raised pallet,Dump in a pit,0,1,0,0,0,,,Yes,10-50,Yes,25,No,,,,,0.10856 32.9631654 1226.0 4.466,0.10856,32.9631654,1226,4.466,0.108584 32.9630847 1217.8 1.92; 0.1086867 32.9631267 1215.7 2.5; 0.108875 32.9633283 1216.1 2.2; 0.1086648 32.9634012 1216.9 4.0; 0.108584 32.9630847 1217.8 1.92,,1760619411388.amr,ce97455f-323a-446f-ba19-dc8496063201,submitted_via_web,deus_1,uuid:ce97455f-323a-446f-ba19-dc8496063201
Ngabirano Deus,2025-10-16 16:13:00,0.1071099 32.9639447 1246.4 4.76,0.1071099,32.9639447,1246.4,4.76,Buikwe,Ssi,Zitwe,EKUB1237,Luwemba Kitti,Male,1960-03-23 00:00:00,66,Adult,Married,No,709091303,,,No formal education,I am engaged in income generating activities and have an individual income,Self employment ,0,1,0,,,,,Male,No formal education,8,5,Yes,Farming,400000,,3,No,No,No,Firewood,0,0,1,80000,,,,,,,,,"Coffee, Cocoa",1,1,0,0,0,0,0,0,1000000,700000,Coffee Cocoa,1,1,0,0,0,0,0,,> 4 years,500,400,Kiboko,0,1,0,0,Pests and diseases Lack of access to market Price fluctuations,1,0,1,1,0,0,0,>4 Years,200,150,Dry fermented,0,0,1,0,0,Pest and diseases Price fluctuations,1,0,0,1,0,0,0,,,,,,,,,,,,,,,,,,,,,,,,,,,,,,,,,,,,,,,,,,,,,,,,,,,,,,,,,,,,,,,,,,,,,,,,,,,,,,,,,,,,,No,,No,,None of the above,0,0,0,0,1,Using organic  Spraying with inorganic chemicals,1,1,0,6-12 months,Mulch Apply Manure ,1,0,1,1,0,Fellow local farmers,1,0,0,0,0,0,0,Tarpaulin,1,0,0,0,Bag and keep on raised pallet,Dump in a pit Dump at a heap around the farm,0,1,0,1,0,,,Yes,<10,Yes,50,No,,,,,0.1071276 32.9639295 1235.7 4.64,0.1071276,32.9639295,1235.7,4.64,0.107094 32.9638666 1236.0 3.9; 0.1052905 32.9632323 1236.2 5.64; 0.1053112 32.963337 1236.4 2.816; 0.1069233 32.9641417 1237.1 10.4; 0.107094 32.9638666 1236.0 3.9,,1760621680755.amr,05968613-3e99-45cd-b63c-1a2ceebfdce3,submitted_via_web,deus_1,uuid:05968613-3e99-45cd-b63c-1a2ceebfdce3
Rwancwende Abert,2025-10-16 13:50:00,0.1161279 32.9639849 1254.4 4.95,0.1161279,32.9639849,1254.4,4.95,Buikwe,Ssi,Zitwe ,EKUB1238,Muyizi Robert,Male,1985-01-15 00:00:00,41,Adult,Married,No,746543063,,,No formal education,I am engaged in income generating activities and have an individual income,Self employment ,0,1,0,,,,,Male,No formal education,2,0,,Farming,100000,,2,Yes,Yes,No,"Charcoal, Firewood",0,1,1,0,,,,,,,,,"Vanilla Coffee, Cocoa, Beans, Maize",1,1,1,0,0,0,1,1,280000,220000,Coffee Cocoa Vanilla Jackfruit Cassava,1,1,1,1,0,0,1,,> 4 years,280,200,"Fresh, Kiboko",1,1,0,0,Pests and diseases Price fluctuations Lack of access to quality inputs,1,1,0,1,0,0,0,>4 Years,50,20,"Fresh, Dry fermented",0,1,1,0,0,"Pest and diseases, Lack of access to quality puts Price fluctuations",1,1,0,1,0,0,0,,>4 years,200,150,Fresh,1,0,0,Price fluctuations Lack of labor Lack of access to quality puts,0,1,0,1,0,1,0,,>4 Years,5,3,,,,,Pests and diseases Price fluctuations Post harvest losses,1,0,0,1,1,0,0,,,,,,,,,,,,,,,,,,,,,,,,,,,,,,,,,,>4 Years,450,300,Fresh,1,0,0,0,Pests and diseases Price fluctuations Low prices,1,0,0,1,1,0,0,0,,,Yes,,No,,None of the above,0,0,0,0,1,Using organic  Use of integrated methods,0,1,1,,"Mulch, Apply Manure, Crop rotation and intercropping with legumes",0,0,1,0,1,Fellow local farmers,1,0,0,0,0,0,0,Tarpaulin Bare ground,1,1,0,0,Bag and keep on the floor in a store,Burning Dump at a heap around the farm,1,0,0,1,0,,,Yes,<10,Yes,5,No,,,,,0.1161678 32.9641696 1254.7 4.55,0.1161678,32.9641696,1254.7,4.55,0.1161418 32.9640339 1241.1 1.716; 0.1161346 32.9641492 1240.3 2.033; 0.1160431 32.9641756 1240.6 1.916; 0.1158961 32.9641587 1240.3 2.2; 0.1158009 32.964153 1237.2 2.133; 0.115732 32.9641124 1237.1 2.183; 0.1156906 32.9641068 1237.1 2.0; 0.1156946 32.9639539 1233.7 2.066; 0.1156667 32.9638858 1233.6 2.083; 0.1158978 32.9639056 1233.8 1.883; 0.1160457 32.9639252 1235.0 1.9; 0.1160791 32.9640186 1238.6 1.983; 0.1161418 32.9640339 1241.1 1.716,,1760612873310.amr,04a44e99-2267-423d-a3ce-d7be35c59a8c,submitted_via_web,abert_1,uuid:04a44e99-2267-423d-a3ce-d7be35c59a8c
Rwancwende Abert,2025-10-16 14:32:00,0.1120055 32.9591708 1226.8 3.075,0.1120055,32.9591708,1226.8,3.075,Buikwe,Ssi,Zitwe,EKUB1239,Namubiru Florence,Female,1982-10-28 00:00:00,43,Adult,Single,No,741181915,,,PLE,I am engaged in income generating activities and have an individual income,Self employment ,0,1,0,,,,,Female,PLE,8,6,No,Farming,350000,,3,Yes,No,No,"Firewood, Charcoal",0,1,1,0,,,,,,,,,"Coffee, Cocoa Maize Beans",1,1,0,0,0,0,1,1,300000,220000,"Coffee, Cocoa, Cassava Avocado Jackfruit",1,1,0,1,0,1,1,,> 4 years,450,325,"Fresh, Kiboko, Hulled",1,1,1,0,Pests and diseases Lack of access to market Lack of access to quality inputs,1,1,1,0,0,0,0,>4 Years,160,100,Dry fermented,0,0,1,0,0,Pest and diseases Price fluctuations Lack of access to quality puts,1,1,0,1,0,0,0,,,,,,,,,,,,,,,,,,>4 Years,3,3,,,,,Lack of access to market Post harvest losses Lack of labor,0,0,1,0,1,1,0,,,,,,,,,,,,,,,,,,>4 Years,2,1,,,,,Lack of access to market Pests and diseases Post harvest losses,1,0,1,0,1,0,0,,>4 Years,500,200,,,,,,Pests and diseases Lack of access to quality puts Low prices,1,1,0,1,0,0,0,0,,,No,,No,,None of the above,0,0,0,0,1,Use of integrated methods Using organic ,0,1,1,,Apply Manure  Mulch,0,0,1,1,0,"Fellow local farmers, Local nursery beds",1,0,1,0,0,0,0,Bare ground,0,1,0,0,Bag and keep on the floor in a store,Burning,1,0,0,0,0,,,Yes,<10,Yes,50,No,,,,,,,,,,0.1123167 32.95941 1220.7 161.1; 0.1122017 32.9593347 1215.6 5.6; 0.1122509 32.9594081 1218.7 2.16; 0.1122619 32.9594177 1219.7 2.083; 0.1123865 32.95941 1218.3 2.116; 0.1124722 32.9593936 1217.7 2.1; 0.1125109 32.959329 1218.2 2.116; 0.1125208 32.9592669 1218.1 2.316; 0.1125173 32.9591783 1219.4 2.216; 0.1125421 32.9591194 1218.6 2.166; 0.112508 32.9590012 1218.7 2.083; 0.11247 32.95896 1218.9 2.25; 0.1122255 32.9589516 1220.7 1.933; 0.1120502 32.9588968 1220.5 1.866; 0.111913 32.9589575 1221.0 1.733; 0.1118866 32.9590813 1222.6 1.933; 0.1118948 32.959184 1223.4 2.0; 0.1118969 32.9593647 1218.6 2.1; 0.1119494 32.9594017 1220.0 2.0; 0.1120104 32.9592532 1218.3 1.933; 0.1120435 32.9591374 1215.3 1.8; 0.1121916 32.9591764 1218.0 2.033; 0.1121737 32.9592491 1217.1 2.083; 0.1123167 32.95941 1220.7 161.1,,1760616011821.amr,b81aa2a7-044f-45a9-b8bf-9ca0f5ca75e3,submitted_via_web,abert_1,uuid:b81aa2a7-044f-45a9-b8bf-9ca0f5ca75e3
Rwancwende Abert,2025-10-16 15:07:00,0.1117414 32.9593408 1219.1 4.412,0.1117414,32.9593408,1219.1,4.412,Buikwe,Ssi,Musomoko,EKUB1240,Nakaffu Sarah,Female,1984-06-07 00:00:00,42,Adult,Married,No,708820147,,,PLE,I am engaged in income generating activities and have an individual income,Self employment ,0,1,0,,,,,Female,PLE,7,5,No,Farming,180000,,2,Yes,No,No,Firewood,0,0,1,0,,,,,,,,,"Coffee, Cocoa, Beans, Maize",1,1,0,0,0,0,1,1,300000,250000,Coffee Cocoa Avocado Cassava,1,1,0,0,0,1,1,,> 4 years,900,800,"Kiboko, Fresh",1,1,0,0,Pests and diseases Lack of access to quality inputs Price fluctuations,1,1,0,1,0,0,0,>4 Years,1000,810,"Fresh, Dry fermented",0,1,1,0,0,"Pest and diseases, Lack of access to quality puts Price fluctuations",1,1,0,1,0,0,0,,,,,,,,,,,,,,,,,,,,,,,,,,,,,,,,,,,,,,,,,,,,,,,,,,>4 Years,5,3,,,,,Lack of access to market Price fluctuations Post harvest losses,0,0,1,1,1,0,0,,>4 Years,400,300,Fresh,1,0,0,0,Low prices Price fluctuations Lack of labor,0,0,0,1,1,0,1,0,,,No,,No,,None of the above,0,0,0,0,1,Use of integrated methods,0,0,1,,Crop rotation and intercropping with legumes Mulch,0,0,1,0,1,"Fellow local farmers, Local nursery beds, Local agro-inputs shops",1,1,1,0,0,0,0,Tarpaulin Bare ground,1,1,0,0,Bag and keep on the floor in a store,Burning,1,0,0,0,0,,,Yes,<10,Yes,3,No,,,,,0.1117549 32.9594407 1220.5 4.7,0.1117549,32.9594407,1220.5,4.7,0.1117926 32.9592673 1218.5 2.016; 0.1117886 32.9590962 1219.0 1.983; 0.1117599 32.9589844 1220.8 2.116; 0.1117438 32.9589237 1222.6 1.9; 0.1117339 32.9588034 1227.5 1.9; 0.1117268 32.9587358 1231.1 1.85; 0.1117115 32.9586696 1230.9 1.766; 0.1117248 32.9586173 1226.5 1.816; 0.1117321 32.9585867 1224.2 1.85; 0.1116648 32.9585712 1221.8 1.866; 0.1116022 32.9585776 1221.3 1.933; 0.1115721 32.9585849 1221.7 1.883; 0.1115604 32.9586239 1225.4 2.116; 0.1116071 32.9587947 1229.3 1.95; 0.1115884 32.9588432 1229.9 1.983; 0.1115826 32.9589074 1229.3 2.05; 0.1115863 32.9589683 1228.5 2.0; 0.1116341 32.9591153 1227.8 2.016; 0.1116373 32.9591424 1227.7 2.033; 0.1116481 32.9592115 1227.2 2.116; 0.1117926 32.9592673 1218.5 2.016,,1760617022556.amr,2b665064-9f2c-4fa2-b3f9-35be278190ef,submitted_via_web,abert_1,uuid:2b665064-9f2c-4fa2-b3f9-35be278190ef
Rwancwende Abert,2025-10-16 15:34:00,0.1072316 32.9631874 1209.5 3.557,0.1072316,32.9631874,1209.5,3.557,Buikwe,Ssi,Zitwe,EKUB1241,Katende David,Male,1982-06-05 00:00:00,44,Adult,Married,Yes,757486858,,,PLE,I am engaged in income generating activities and have an individual income,Self employment ,0,1,0,,,,,Male,PLE,9,7,Yes,Farming,800000,,3,No,No,No,Firewood,0,0,1,0,,,,,,,,,"Coffee, Cocoa, Beans, Maize",1,1,0,0,0,0,1,1,1000000,1500000,"Coffee, Cocoa, Cassava",1,1,0,0,0,0,1,,> 4 years,900,400,Kiboko,0,1,0,0,Pests and diseases Price fluctuations Post harvest losses,1,0,0,1,1,0,0,>4 Years,100,60,"Dry fermented, Fresh",0,1,1,0,0,Pest and diseases Price fluctuations Lack of access to quality puts,1,1,0,1,0,0,0,,,,,,,,,,,,,,,,,,,,,,,,,,,,,,,,,,,,,,,,,,,,,,,,,,,,,,,,,,,,,,,,,,>4 Years,256,2000,,,,,,Lack of access to market Low prices Post harvest losses,0,0,1,1,0,1,0,0,,,No,,No,,None of the above,0,0,0,0,1,Use of integrated methods,0,0,1,,Mulch,0,0,1,0,0,"Fellow local farmers, Local nursery beds",1,0,1,0,0,0,0,Tarpaulin,1,0,0,0,Bag and keep on the floor in a store,Burning,1,0,0,0,0,,,Yes,<10,Yes,20,No,,,,,0.1062225 32.9625819 1224.7 2.6,0.1062225,32.9625819,1224.7,2.6,0.10553 32.962775 1229.6 1.8; 0.1054667 32.9628883 1232.8 1.85; 0.1053538 32.9630103 1231.0 1.766; 0.1053516 32.9631427 1231.4 2.016; 0.1053879 32.9631684 1233.0 1.766; 0.1055149 32.9631206 1232.3 1.7; 0.1056943 32.9631591 1226.4 1.783; 0.1057914 32.9632071 1226.7 1.8; 0.1060013 32.9630663 1225.8 1.7; 0.106254 32.9629453 1224.6 1.6; 0.1062673 32.9628973 1223.9 1.666; 0.1063019 32.9628373 1221.8 1.6; 0.106295 32.962778 1223.3 1.75; 0.1062977 32.9627049 1222.2 1.75; 0.1063021 32.9626321 1224.2 1.766; 0.1062242 32.9625783 1224.4 1.816; 0.10553 32.962775 1229.6 1.8,,1760620356970.amr,ea85b052-c94b-4a1a-8b47-07307c35bac8,submitted_via_web,abert_1,uuid:ea85b052-c94b-4a1a-8b47-07307c35bac8
Rwancwende Abert,2025-10-16 16:19:00,0.1073121 32.9630517 1213.5 2.4,0.1073121,32.9630517,1213.5,2.4,Buikwe,Ssi,Zitwe,EKUB1242,Nakonde Eflance Bilabwa,Female,1985-06-06 00:00:00,41,Adult,Married,No,750280918,,,PLE,I am engaged in income generating activities and have an individual income,Self employment ,0,1,0,,,,,Male,PLE,9,7,Yes,Farming,600000,,3,No,No,No,Firewood,0,0,1,0,,,,,,,,,"Coffee, Beans, Maize",1,0,0,0,0,0,1,1,600000,400000,"Coffee, Cocoa, Cassava",1,1,0,0,0,0,1,,> 4 years,800,652,Kiboko,0,1,0,0,Pests and diseases Lack of access to quality inputs Price fluctuations,1,1,0,1,0,0,0,1 - 4 Years,100,10,Fresh,0,1,0,0,0,"Pest and diseases, Lack of access to quality puts Price fluctuations",1,1,0,1,0,0,0,,,,,,,,,,,,,,,,,,,,,,,,,,,,,,,,,,,,,,,,,,,,,,,,,,,,,,,,,,,,,,,,,,>4 Years,450,189,Fresh,1,0,0,0,Lack of access to market Low prices Post harvest losses,0,0,1,1,0,1,0,0,,,Yes,,No,,None of the above,0,0,0,0,1,Use of integrated methods,0,0,1,,"Apply Manure, Purchase and apply organic fertilizers, Crop rotation and intercropping with legumes",0,0,1,0,1,"Fellow local farmers, Local nursery beds",1,0,1,0,0,0,0,Tarpaulin Bare ground,1,1,0,0,Bag and keep on the floor in a store,Burning,1,0,0,0,0,,,Yes,10-50,Yes,40,No,,,,,0.1072933 32.9630567 1213.7 2.4,0.1072933,32.9630567,1213.7,2.4,0.1073762 32.9631037 1216.1 4.266; 0.1074845 32.9628645 1211.9 1.716; 0.1073653 32.9628205 1214.9 1.616; 0.1073006 32.9628048 1215.2 1.683; 0.1072358 32.9627695 1216.0 1.7; 0.1071729 32.9628584 1215.1 1.666; 0.1071166 32.9629271 1213.1 1.6; 0.1070904 32.9629654 1214.2 1.65; 0.1071319 32.9629974 1214.8 1.616; 0.1071833 32.9630437 1212.7 1.666; 0.1072593 32.9630577 1214.4 1.566; 0.1073762 32.9631037 1216.1 4.266,,1760621231232.amr,636d6a92-b664-4975-a02f-24a7d582ad57,submitted_via_web,abert_1,uuid:636d6a92-b664-4975-a02f-24a7d582ad57
Bukenya Denis Stanley,2025-10-16 15:40:00,0.116515 32.9597467 1265.1 4.5,0.116515,32.9597467,1265.1,4.5,Buikwe,Ssi,Zitwe,EKUB1243,Mukisa Henry,Male,2000-12-19 00:00:00,25,Youth,Married,Yes,705476559,,,UCE,I am engaged in income generating activities and have an individual income,Self employment ,0,1,0,,,,,Male,UCE,4,2,Yes,Business,200000,,3,No,No,No,Firewood,0,0,1,40000,,,,,,,,,"Coffee, Cocoa, Maize, Beans, Cassava",1,1,0,0,1,0,1,1,2000000,1000000,Coffee Cocoa,1,1,0,0,0,0,0,"Sugarcane, Matooke ",> 4 years,170,170,"Fresh, Kiboko, Hulled",1,1,1,0,"Pests and diseases, Lack of access to quality inputs, Price fluctuations, Lack of or access to knowledge and extension services",1,1,0,1,0,0,1,>4 Years,180,180,"Pods, Dry fermented",1,0,1,0,0,"Pest and diseases, Lack of access to quality puts Price fluctuations Lack of or access to knowledge and extension services",1,1,0,1,0,0,1,,,,,,,,,,,,,,,,,,,,,,,,,,,,,,,,,,,,,,,,,,,,,,,,,,,,,,,,,,,,,,,,,,,,,,,,,,,,,,,,,,,,,Yes,,No,,None of the above,0,0,0,0,1,Use of integrated methods,0,0,1,,Apply Manure  Mulch Crop rotation and intercropping with legumes,0,0,1,1,1,"Fellow local farmers, Local agro-inputs shops, Government research institutions",1,1,0,0,1,0,0,Tarpaulin Bare ground,1,1,0,0,Bag and keep on the floor in a store,Burning Dump in a pit,1,1,0,0,0,,,Yes,10-50,Yes,7,Yes,Write in a book,1,0,0,0.1147817 32.9607287 1264.4 4.52,0.1147817,32.9607287,1264.4,4.52,0.1147875 32.9607349 1264.2 2.3; 0.1147029 32.9610353 1230.6 1.9; 0.1137597 32.9611898 1220.4 1.883; 0.1136756 32.9608288 1216.6 1.7; 0.1147875 32.9607349 1264.2 2.3,,1760618935786.amr,775d7c2e-ddc0-4cf5-ae4d-de2d9006e535,submitted_via_web,denis_1,uuid:775d7c2e-ddc0-4cf5-ae4d-de2d9006e535
Bukenya Denis Stanley,2025-10-16 15:49:00,0.1136717 32.9607917 1216.5 2.4,0.1136717,32.9607917,1216.5,2.4,Buikwe,Ssi,Zitwe,EKUB1244,Muwanguzi Joseph,Male,2005-12-01 00:00:00,20,Youth,Single,Yes,759190244,,,PLE,I am engaged in income generating activities and have an individual income,Self employment ,0,1,0,,,,,Male,PLE,1,0,,Farming,100000,,3,No,No,No,Firewood,0,0,1,30000,,,,,,,,,"Coffee, Cocoa, Maize, Beans, Cassava",1,1,0,0,1,0,1,1,1800000,1300000,"Coffee, Cocoa, Cassava",1,1,0,0,0,0,1,"Matooke, sugarcane ",> 4 years,200,200,"Fresh, Kiboko",1,1,0,0,"Pests and diseases, Lack of access to quality inputs, Price fluctuations, Lack of or access to knowledge and extension services",1,1,0,1,0,0,1,>4 Years,250,250,"Pods, Dry fermented",1,0,1,0,0,"Pest and diseases, Lack of access to quality puts Price fluctuations Lack of or access to knowledge and extension services",1,1,0,1,0,0,1,,,,,,,,,,,,,,,,,,,,,,,,,,,,,,,,,,,,,,,,,,,,,,,,,,,,,,,,,,,,,,,,,,>4 Years,700,500,Fresh,1,0,0,0,Pests and diseases Post harvest losses Price fluctuations Low prices Lack of access to knowledge and extension services,1,0,0,1,1,1,0,1,,,No,,No,,None of the above,0,0,0,0,1,Use of integrated methods,0,0,1,,Crop rotation and intercropping with legumes,0,0,1,1,1,"Fellow local farmers, Local agro-inputs shops, Government research institutions",1,1,0,0,1,0,0,Tarpaulin Bare ground,1,1,0,0,Bag and keep on the floor in a store,Burning Dump in a pit,1,1,0,0,0,,,Yes,10-50,Yes,15,Yes,Write in a book,1,0,0,0.1137989 32.961251 1217.4 3.08,0.1137989,32.961251,1217.4,3.08,0.1138036 32.9612199 1217.4 1.74; 0.1137949 32.9614668 1218.3 1.86; 0.1145604 32.961586 1230.1 1.8; 0.1147019 32.961086 1233.2 1.76; 0.1138036 32.9612199 1217.4 1.74,,1760619282476.amr,bde36ea2-5a94-4bed-991d-ef738b72f589,submitted_via_web,denis_1,uuid:bde36ea2-5a94-4bed-991d-ef738b72f589
Bukenya Denis Stanley,2025-10-16 16:17:00,0.1173574 32.9577867 1293.1 4.575,0.1173574,32.9577867,1293.1,4.575,Buikwe,Ssi,Zitwe,EKUB1245,Wakibugu Godfrey,Male,1978-12-01 00:00:00,47,Adult,Married,Yes,751572273,786958839,,UCE,I am engaged in income generating activities and have an individual income,Self employment ,0,1,0,,,,,Male,UCE,6,4,Yes,Farming,90000,,3,No,No,No,Firewood,0,0,1,70000,,,,,,,,,"Coffee, Cocoa Vanilla Maize Beans",1,1,1,0,0,0,1,1,1500000,1000000,Coffee Cocoa Vanilla Cassava,1,1,1,0,0,0,1,"Sugarcane,  matooke, gonja",> 4 years,200,200,"Kiboko, Fresh",1,1,0,0,"Pests and diseases, Lack of access to quality inputs, Price fluctuations, Lack of or access to knowledge and extension services",1,1,0,1,0,0,1,>4 Years,160,160,"Pods, Dry fermented",1,0,1,0,0,"Pest and diseases, Lack of access to quality puts Price fluctuations Lack of or access to knowledge and extension services",1,1,0,1,0,0,1,,>4 years,150,150,Fresh,1,0,0,"Pests and diseases, Lack of access to quality puts Price fluctuations, Lack of access to knowledge and extension services",1,1,0,1,0,0,1,,,,,,,,,,,,,,,,,,,,,,,,,,,,,,,,,,,,,,,,,,,,,,,,,,>4 Years,2000,1000,Fresh,1,0,0,0,Pests and diseases Price fluctuations Low prices Post harvest losses Lack of access to knowledge and extension services,1,0,0,1,1,1,0,1,,,Yes,,No,,None of the above,0,0,0,0,1,Use of integrated methods,0,0,1,,Crop rotation and intercropping with legumes,0,0,1,1,1,"Fellow local farmers, Local agro-inputs shops, Government research institutions",1,1,0,0,1,0,0,Tarpaulin Bare ground,1,1,0,0,Bag and keep on the floor in a store,Burning Dump in a pit,1,1,0,0,0,,,Yes,10-50,Yes,20,Yes,Write in a book,1,0,0,0.1151825 32.9533529 1279.1 4.475,0.1151825,32.9533529,1279.1,4.475,0.1151586 32.953346 1281.3 2.425; 0.1152902 32.9535203 1280.8 1.75; 0.1147669 32.9537779 1286.7 1.616; 0.1145318 32.9536696 1285.6 1.783; 0.1144271 32.9533622 1283.0 1.7; 0.1146655 32.9532301 1286.2 2.0; 0.1147719 32.9533394 1286.9 1.9; 0.1151586 32.953346 1281.3 2.425,,1760621381129.amr,9aa5eaea-8dbd-428d-9375-3fee49c4815d,submitted_via_web,denis_1,uuid:9aa5eaea-8dbd-428d-9375-3fee49c4815d
Bukenya Denis Stanley,2025-10-16 16:29:00,0.1148417 32.9533633 1288.8 2.7,0.1148417,32.9533633,1288.8,2.7,Buikwe,Ssi,Zitwe,EKUB1246,Nantongo Prossy,Female,1987-12-20 00:00:00,38,Adult,Married,Yes,709668989,,,PLE,I am engaged in income generating activities and have an individual income,Self employment ,0,1,0,,,,,Male,UCE,6,4,Yes,Farming,180000,,3,No,No,No,Firewood,0,0,1,80000,,,,,,,,,"Coffee, Cocoa, Maize, Beans, Cassava",1,1,0,0,1,0,1,1,900000,700000,"Coffee, Cocoa, Cassava",1,1,0,0,0,0,1,"Sugarcane, Matooke ",> 4 years,220,200,"Fresh, Kiboko",1,1,0,0,"Pests and diseases, Lack of access to quality inputs, Price fluctuations, Lack of or access to knowledge and extension services",1,1,0,1,0,0,1,>4 Years,80,50,"Pods, Dry fermented",1,0,1,0,0,"Pest and diseases, Lack of access to quality puts Price fluctuations Lack of or access to knowledge and extension services",1,1,0,1,0,0,1,,,,,,,,,,,,,,,,,,,,,,,,,,,,,,,,,,,,,,,,,,,,,,,,,,,,,,,,,,,,,,,,,,>4 Years,800,500,Fresh,1,0,0,0,Pests and diseases Price fluctuations Low prices Post harvest losses Lack of access to knowledge and extension services,1,0,0,1,1,1,0,1,,,Yes,,No,,None of the above,0,0,0,0,1,Use of integrated methods,0,0,1,,Crop rotation and intercropping with legumes,0,0,1,1,1,"Fellow local farmers, Local agro-inputs shops, Government research institutions",1,1,0,0,1,0,0,Tarpaulin Bare ground,1,1,0,0,Bag and keep on the floor in a store,Burning Dump in a pit,1,1,0,0,0,,,Yes,10-50,No,,Yes,Write in a book,1,0,0,0.1143209 32.9529709 1288.4 4.1,0.1143209,32.9529709,1288.4,4.1,0.1143095 32.9529753 1288.4 2.8; 0.1142013 32.953028 1288.6 1.82; 0.1141315 32.9528759 1287.2 1.78; 0.1142376 32.952781 1288.0 1.866; 0.1143095 32.9529753 1288.4 2.8,,1760621750031.amr,b390b369-b37c-4adf-b749-d3b26f8ad998,submitted_via_web,denis_1,uuid:b390b369-b37c-4adf-b749-d3b26f8ad998
Bukenya Denis Stanley,2025-10-16 14:15:00,0.1151742 32.9618783 1240.0 4.96,0.1151742,32.9618783,1240,4.96,Buikwe,Ssi,Musomoko,EKUB1247,Ssembuya Ronald,Male,2000-10-04 00:00:00,25,Youth,Single,Yes,701163113,,,UACE,I am engaged in income generating activities and have an individual income,Wage,1,0,0,,,,,Male,UACE,1,0,,Farming,130000,,3,No,No,No,Firewood,0,0,1,30000,,,,,,,,,"Coffee, Cocoa Vanilla",1,1,1,0,0,0,0,0,2000000,1000000,Coffee Cocoa Vanilla,1,1,1,0,0,0,0,Matooke,> 4 years,200,200,"Fresh, Kiboko",1,1,0,0,"Pests and diseases, Lack of access to quality inputs, Price fluctuations, Lack of or access to knowledge and extension services",1,1,0,1,0,0,1,>4 Years,260,200,Dry fermented Pods,1,0,1,0,0,"Pest and diseases, Lack of access to quality puts Price fluctuations Lack of or access to knowledge and extension services",1,1,0,1,0,0,1,,>4 years,180,180,Fresh,1,0,0,"Price fluctuations, Lack of access to knowledge and extension services",0,0,0,1,0,0,1,,,,,,,,,,,,,,,,,,,,,,,,,,,,,,,,,,,,,,,,,,,,,,,,,,,,,,,,,,,,,,,,,,,,,Yes,,No,,None of the above,0,0,0,0,1,Using organic  Use of integrated methods Spraying with inorganic chemicals,1,1,1,<6 months ,Apply Manure  Crop rotation and intercropping with legumes,0,1,1,1,1,"Fellow local farmers, Local agro-inputs shops, Government research institutions",1,1,0,0,1,0,0,Tarpaulin Bare ground,1,1,0,0,Bag and keep on the floor in a store,Burning Dump in a pit,1,1,0,0,0,,,Yes,10-50,Yes,15,Yes,Write in a book,1,0,0,0.1152069 32.9618895 1241.9 4.766,0.1152069,32.9618895,1241.9,4.766,0.1152098 32.9618945 1241.9 4.05; 0.1147019 32.9620357 1235.8 2.15; 0.1146496 32.9623215 1233.9 2.18; 0.1151578 32.9623701 1239.2 2.116; 0.1152098 32.9618945 1241.9 4.05,,1760613669604.amr,55822e7d-d0c5-4021-8df9-f52b09683528,submitted_via_web,denis_1,uuid:55822e7d-d0c5-4021-8df9-f52b09683528
Bukenya Denis Stanley,2025-10-16 15:22:00,0.1165488 32.9597654 1276.8 4.66,0.1165488,32.9597654,1276.8,4.66,Buikwe,Ssi,Zitwe,EKUB1248,Nassiwa Henry,Male,1958-10-16 00:00:00,67,Adult,Married,No,706517932,,,PLE,I am engaged in income generating activities and have an individual income,Self employment ,0,1,0,,,,,Male,PLE,9,7,Yes,Farming,180000,,3,No,No,No,Firewood,0,0,1,80000,,,,,,,,,"Coffee, Cocoa Vanilla Maize Beans Cassava",1,1,1,0,1,0,1,1,3000000,2000000,Coffee Cocoa Vanilla,1,1,1,0,0,0,0,"Matooke, sugarcane,  gonja",> 4 years,500,500,"Fresh, Kiboko, Hulled",1,1,1,0,"Pests and diseases, Lack of access to quality inputs, Price fluctuations, Lack of or access to knowledge and extension services",1,1,0,1,0,0,1,>4 Years,500,500,"Pods, Dry fermented",1,0,1,0,0,"Pest and diseases, Lack of access to quality puts Price fluctuations Lack of or access to knowledge and extension services",1,1,0,1,0,0,1,,>4 years,45,45,Fresh,1,0,0,"Price fluctuations, Lack of access to knowledge and extension services",0,0,0,1,0,0,1,,,,,,,,,,,,,,,,,,,,,,,,,,,,,,,,,,,,,,,,,,,,,,,,,,,,,,,,,,,,,,,,,,,,,Yes,,No,,None of the above,0,0,0,0,1,Use of integrated methods,0,0,1,,Apply Manure  Crop rotation and intercropping with legumes,0,0,1,1,1,"Fellow local farmers, Local agro-inputs shops, Government research institutions",1,1,0,0,1,0,0,Tarpaulin Bare ground,1,1,0,0,Bag and keep on the floor in a store,Burning Dump in a pit,1,1,0,0,0,,,Yes,10-50,Yes,30,Yes,Write in a book,1,0,0,0.1165563 32.9597885 1275.9 4.76,0.1165563,32.9597885,1275.9,4.76,0.1166592 32.95971 1267.5 2.25; 0.1168229 32.9595031 1266.7 2.58; 0.1160605 32.9594518 1259.7 1.88; 0.1159969 32.959803 1255.0 1.92; 0.1166592 32.95971 1267.5 2.25,,1760618024099.amr,428bc04f-9ee5-4cf8-af3e-10fdd594b381,submitted_via_web,denis_1,uuid:428bc04f-9ee5-4cf8-af3e-10fdd594b381
Bukenya Denis Stanley,2025-10-16 15:33:00,0.1159983 32.9598 1255.3 2.5,0.1159983,32.9598,1255.3,2.5,Buikwe,Ssi,Zitwe,EKUB1249,Mirembe Eseza,Female,1983-01-01 00:00:00,43,Adult,Married,No,756991867,,,UCE,I am engaged in income generating activities and have an individual income,Self employment ,0,1,0,,,,,Male,UCE,9,7,Yes,Farming,80000,,3,No,No,No,Firewood,0,0,1,90000,,,,,,,,,"Coffee, Cocoa, Cassava, Beans, Maize",1,1,0,0,1,0,1,1,1500000,1000000,Coffee Cocoa,1,1,0,0,0,0,0,"Matooke, sugarcane ",> 4 years,180,180,"Fresh, Kiboko",1,1,0,0,"Pests and diseases, Lack of access to quality inputs, Price fluctuations, Lack of or access to knowledge and extension services",1,1,0,1,0,0,1,>4 Years,120,120,"Pods, Dry fermented",1,0,1,0,0,"Pest and diseases, Lack of access to quality puts Price fluctuations Lack of or access to knowledge and extension services",1,1,0,1,0,0,1,,,,,,,,,,,,,,,,,,,,,,,,,,,,,,,,,,,,,,,,,,,,,,,,,,,,,,,,,,,,,,,,,,,,,,,,,,,,,,,,,,,,,Yes,,No,,None of the above,0,0,0,0,1,Use of integrated methods,0,0,1,,Apply Manure  Crop rotation and intercropping with legumes,0,0,1,1,1,"Fellow local farmers, Local agro-inputs shops, Government research institutions",1,1,0,0,1,0,0,Tarpaulin Bare ground,1,1,0,0,Bag and keep on the floor in a store,Burning Dump in a pit,1,1,0,0,0,,,Yes,10-50,Yes,8,Yes,Write in a book,1,0,0,0.1160352 32.9598474 1254.7 4.65,0.1160352,32.9598474,1254.7,4.65,0.1160332 32.9598288 1254.7 2.22; 0.1160601 32.9602537 1251.3 1.75; 0.1163643 32.960337 1256.4 1.72; 0.1166787 32.9598948 1261.5 1.72; 0.1165121 32.9598938 1262.6 2.14; 0.1165289 32.9597995 1264.8 1.95; 0.1160332 32.9598288 1254.7 2.22,,1760618401424.amr,c701039f-25e3-4a84-9ee4-aeac3b5ffb54,submitted_via_web,denis_1,uuid:c701039f-25e3-4a84-9ee4-aeac3b5ffb54
Bukenya Denis Stanley,2025-10-16 13:38:00,0.1162146 32.9618086 1267.9 4.76,0.1162146,32.9618086,1267.9,4.76,Buikwe,Ssi,Musomoko,EKUB1250,Nsubuga Ronald,Male,1979-10-16 00:00:00,46,Adult,Married,Yes,740203647,,,PLE,I am engaged in income generating activities and have an individual income,Self employment ,0,1,0,,,,,Male,PLE,13,11,Yes,Farming,180000,,3,No,No,No,Firewood,0,0,1,80000,,,,,,,,,"Coffee, Cocoa Vanilla Cassava Beans Maize",1,1,1,0,1,0,1,1,2300000,1500000,Coffee Cocoa Vanilla Cassava,1,1,1,0,0,0,1,"Matooke, sugarcane ",> 4 years,500,500,"Kiboko, Hulled",0,1,1,0,"Pests and diseases, Lack of access to quality inputs, Price fluctuations, Lack of or access to knowledge and extension services",1,1,0,1,0,0,1,>4 Years,100,100,"Pods, Dry fermented",1,0,1,0,0,"Pest and diseases, Lack of access to quality puts Price fluctuations Lack of or access to knowledge and extension services",1,1,0,1,0,0,1,,>4 years,250,250,Fresh,1,0,0,"Pests and diseases, Price fluctuations Post harvest losses Lack of access to knowledge and extension services",1,0,0,1,1,0,1,,,,,,,,,,,,,,,,,,,,,,,,,,,,,,,,,,,,,,,,,,,,,,,,,,>4 Years,1000,800,Fresh,1,0,0,0,Pests and diseases Price fluctuations Post harvest losses Lack of access to knowledge and extension services Low prices,1,0,0,1,1,1,0,1,,,Yes,,No,,None of the above,0,0,0,0,1,Use of integrated methods,0,0,1,,Apply Manure  Crop rotation and intercropping with legumes,0,0,1,1,1,Fellow local farmers,1,0,0,0,0,0,0,Tarpaulin Bare ground,1,1,0,0,Bag and keep on the floor in a store,Burning Dump in a pit,1,1,0,0,0,,,Yes,10-50,Yes,25,Yes,Write in a book,1,0,0,0.1161781 32.961714 1279.8 4.92,0.1161781,32.961714,1279.8,4.92,0.1162431 32.961674 1269.7 3.0; 0.1162098 32.9613761 1248.7 2.35; 0.1156837 32.9613528 1251.6 2.38; 0.1157064 32.9616378 1243.4 2.45; 0.1162431 32.961674 1269.7 3.0,,1760612694939.amr,f28934bd-ae4e-4a29-9c8d-58b9fcfd005c,submitted_via_web,denis_1,uuid:f28934bd-ae4e-4a29-9c8d-58b9fcfd005c
Bukenya Denis Stanley,2025-10-16 14:05:00,0.115695 32.9616483 1243.6 4.2,0.115695,32.9616483,1243.6,4.2,Buikwe,Ssi,Musomoko,EKUB1251,Namimbi Grace,Female,2002-09-12 00:00:00,23,Youth,Single,No,756181303,,,UCE,I am engaged in income generating activities and have an individual income,Self employment ,0,1,0,,,,,Female,UCE,1,0,,Farming,150000,,3,No,No,No,Firewood,0,0,1,40000,,,,,,,,,"Coffee, Cocoa Vanilla",1,1,1,0,0,0,0,0,2000000,1500000,Coffee Cocoa Vanilla,1,1,1,0,0,0,0,Matooke,> 4 years,250,250,"Fresh, Kiboko",1,1,0,0,"Pests and diseases, Lack of access to quality inputs, Price fluctuations, Lack of or access to knowledge and extension services",1,1,0,1,0,0,1,>4 Years,350,300,"Pods, Dry fermented",1,0,1,0,0,"Pest and diseases, Lack of access to quality puts Price fluctuations Lack of or access to knowledge and extension services",1,1,0,1,0,0,1,,>4 years,300,300,Fresh,1,0,0,Price fluctuations Post harvest losses Lack of access to knowledge and extension services,0,0,0,1,1,0,1,,,,,,,,,,,,,,,,,,,,,,,,,,,,,,,,,,,,,,,,,,,,,,,,,,,,,,,,,,,,,,,,,,,,,Yes,,No,,None of the above,0,0,0,0,1,Use of integrated methods,0,0,1,,Apply Manure  Crop rotation and intercropping with legumes,1,0,0,1,1,"Fellow local farmers, Local agro-inputs shops",1,1,0,0,0,0,0,Tarpaulin Bare ground,1,1,0,0,Bag and keep on the floor in a store,Burning Dump in a pit,1,1,0,0,0,,,Yes,10-50,Yes,10,Yes,Write in a book,1,0,0,0.1151785 32.9613929 1243.6 4.08,0.1151785,32.9613929,1243.6,4.08,0.1151755 32.9613796 1243.5 3.0; 0.114786 32.9614579 1236.2 2.12; 0.1146917 32.9619136 1231.0 2.02; 0.1151278 32.961921 1239.6 2.2; 0.1151755 32.9613796 1243.5 3.0,,1760613217515.amr,ea170505-b1e8-41fe-8ea0-70bdbb2bda0e,submitted_via_web,denis_1,uuid:ea170505-b1e8-41fe-8ea0-70bdbb2bda0e
Bukenya Denis Stanley,2025-10-16 14:21:00,0.1151867 32.96237 1239.9 2.9,0.1151867,32.96237,1239.9,2.9,Buikwe,Ssi,Musomoko,EKUB1252,Nakkonde Mary,Female,1981-07-08 00:00:00,45,Adult,Married,No,750018236,,,PLE,I am engaged in income generating activities and have an individual income,Self employment ,0,1,0,,,,,Male,PLE,13,10,Yes,Farming,300000,,3,No,No,No,Firewood,0,0,1,80000,,,,,,,,,"Coffee, Cocoa Vanilla Cassava Beans Maize",1,1,1,0,1,0,1,1,1500000,1000000,Coffee Cocoa Vanilla,1,1,1,0,0,0,0,"Matooke , sugarcane ",> 4 years,200,200,"Fresh, Kiboko",1,1,0,0,"Pests and diseases, Lack of access to quality inputs, Price fluctuations, Lack of or access to knowledge and extension services",1,1,0,1,0,0,1,>4 Years,100,100,"Pods, Dry fermented",1,0,1,0,0,"Pest and diseases, Lack of access to quality puts Price fluctuations Lack of or access to knowledge and extension services",1,1,0,1,0,0,1,,>4 years,180,180,Fresh,1,0,0,"Pests and diseases Post harvest losses Price fluctuations, Lack of access to knowledge and extension services",1,0,0,1,1,0,1,,,,,,,,,,,,,,,,,,,,,,,,,,,,,,,,,,,,,,,,,,,,,,,,,,,,,,,,,,,,,,,,,,,,,Yes,,No,,None of the above,0,0,0,0,1,Use of integrated methods,0,0,1,,Apply Manure  Crop rotation and intercropping with legumes,0,0,1,1,1,"Fellow local farmers, Local agro-inputs shops, Government research institutions",1,1,0,0,1,0,0,Tarpaulin Bare ground,1,1,0,0,Bag and keep on the floor in a store,Burning Dump in a pit,1,1,0,0,0,,,Yes,10-50,Yes,10,Yes,Write in a book,1,0,0,0.1158162 32.9622647 1244.8 4.966,0.1158162,32.9622647,1244.8,4.966,0.1158175 32.9622566 1243.4 6.2; 0.1157395 32.9619216 1252.7 2.38; 0.1160368 32.9618593 1251.8 2.25; 0.1161195 32.9619939 1253.5 2.2; 0.1163051 32.9619859 1257.7 2.3; 0.1162546 32.9622402 1263.6 2.22; 0.1158175 32.9622566 1243.4 6.2,,1760613748616.amr,ce30c555-f482-4a8c-8374-edc45ceaa11b,submitted_via_web,denis_1,uuid:ce30c555-f482-4a8c-8374-edc45ceaa11b
Musisi paul Namugera,2025-10-17 13:36:00,0.1236665 32.9589296 1222.2 4.875,0.1236665,32.9589296,1222.2,4.875,Buikwe,Ssi,Mayigwe,EKUB1253,Wasswa David,Male,1985-08-21 00:00:00,40,Adult,Married,No,755154544,,,PLE,I am engaged in income generating activities and have an individual income,Self employment ,0,1,0,,,,,Male,PLE,5,3,Yes,Farming,100000,,2,Yes,No,No,Firewood,0,0,1,0,,,,,,,,,"Coffee, Vanilla Beans Maize Avocado Jackfruit Cassava",1,0,1,1,1,1,1,1,400000,400000,"Coffee, Vanilla, Jackfruit, Avocado, Cassava",1,0,1,1,0,1,1,"Banana, Maize and Beans ",> 4 years,250,250,"Fresh, Kiboko",1,1,0,0,Pests and diseases Lack of access to quality inputs Price fluctuations,1,1,0,1,0,0,0,,,,,,,,,,,,,,,,,,,>4 years,50,50,Fresh,1,0,0,Price fluctuations Lack of access to market Post harvest losses,0,0,1,1,1,0,0,,>4 Years,2,2,Ripe,0,1,0,Post harvest losses Price fluctuations Lack of access to market,0,0,1,1,1,0,0,,,,,,,,,,,,,,,,,,>4 Years,1,1,Raw,1,0,0,Post harvest losses Price fluctuations Lack of access to market,0,0,1,1,1,0,0,,>4 Years,150,20,Fresh Dried chips,1,1,0,0,Low prices Lack of access to market Price fluctuations,0,0,1,1,1,0,0,0,,,Yes,,No,,None of the above,0,0,0,0,1,Use of integrated methods,0,0,1,,Mulch Apply Manure ,0,0,1,0,1,"Fellow local farmers, Local agro-inputs shops, Local nursery beds Personal nursery",1,1,1,0,0,0,1,Tarpaulin,1,0,0,0,Bag and keep on the floor in a store,Dump in a pit Burning,1,1,0,0,0,,,No,,Yes,5,No,,,,,0.1240308 32.9584611 1216.1 2.037,0.1240308,32.9584611,1216.1,2.037,0.1240239 32.9584887 1216.3 178.812; 0.124172 32.9587134 1214.7 5.387; 0.12412 32.9588021 1212.6 1.616; 0.1239177 32.9586718 1218.5 1.45; 0.1240239 32.9584887 1216.3 178.812,,1760697623508.amr,c0193cc4-bc20-4e52-ba3b-8e4e6e7ff931,submitted_via_web,katwesiime_1,uuid:c0193cc4-bc20-4e52-ba3b-8e4e6e7ff931
Musisi paul Namugera,2025-10-17 13:40:00,0.1237912 32.9589385 1218.6 4.883,0.1237912,32.9589385,1218.6,4.883,Buikwe,Ssi,Mayigwe,EKUB1254,Namusisi Mada,Female,1997-07-02 00:00:00,29,Youth,Divorced,No,744414219,,,PLE,I am engaged in income generating activities and have an individual income,Self employment ,0,1,0,,,,,Female,PLE,2,1,Yes,Farming,100000,,2,Yes,No,No,Firewood,0,0,1,0,,,,,,,,,"Coffee, Vanilla Maize Beans Avocado Cassava Jackfruit",1,0,1,1,1,1,1,1,350000,350000,"Coffee, Vanilla, Jackfruit, Avocado, Cassava",1,0,1,1,0,1,1,"Banana, Maize and Beans",> 4 years,300,250,"Fresh, Kiboko",1,1,0,0,"Pests and diseases, Lack of access to quality inputs, Price fluctuations, Lack of or access to knowledge and extension services",1,1,0,1,0,0,1,,,,,,,,,,,,,,,,,,,>4 years,40,40,Fresh,1,0,0,Price fluctuations Lack of access to market Post harvest losses,0,0,1,1,1,0,0,,>4 Years,2,1,Ripe,0,1,0,"Price fluctuations, Lack of access to market, Post harvest losses",0,0,1,1,1,0,0,,,,,,,,,,,,,,,,,,>4 Years,1,1,Raw,1,0,0,Lack of access to market Price fluctuations Post harvest losses,0,0,1,1,1,0,0,,>4 Years,120,30,Fresh Dried chips,1,1,0,0,Low prices Lack of access to market Price fluctuations,0,0,1,1,1,0,0,0,,,Yes,,No,,None of the above,0,0,0,0,1,Use of integrated methods,0,0,1,,Apply Manure  Mulch,0,0,1,0,1,"Fellow local farmers, Local agro-inputs shops, Local nursery beds Personal nursery",1,1,1,0,0,0,1,Tarpaulin,1,0,0,0,Bag and keep on the floor in a store,Burning Dump in a pit,1,1,0,0,0,,,No,,Yes,7,No,,,,,0.1238949 32.9586629 1218.6 2.0,0.1238949,32.9586629,1218.6,2,0.1238866 32.958655 1218.6 1.84; 0.1240955 32.9589337 1216.5 1.466; 0.12401 32.9589491 1216.8 1.533; 0.1239183 32.9589133 1216.0 2.1; 0.1238866 32.958655 1218.6 1.84,,1760697830914.amr,5fc8aee3-05d2-4bfe-9d4d-95004ef479cb,submitted_via_web,katwesiime_1,uuid:5fc8aee3-05d2-4bfe-9d4d-95004ef479cb
Musisi paul Namugera,2025-10-17 14:28:00,0.125794 32.9602837 1213.2 3.785,0.125794,32.9602837,1213.2,3.785,Buikwe,Ssi,Mayigwe,EKUB1255,Wasswa Paul,Male,1983-10-04 00:00:00,42,Adult,Married,No,751447097,756835676,,PLE,I am engaged in income generating activities and have an individual income,Wage,1,0,0,,,,,Male,PLE,7,5,Yes,Farming,100000,,2,Yes,No,No,Firewood,0,0,1,0,,,,,,,,,"Coffee, Cocoa, Jackfruit, Cassava, Avocado, Beans, Maize",1,1,0,1,1,1,1,1,380000,380000,"Coffee, Vanilla, Jackfruit, Avocado, Cassava",1,0,1,1,0,1,1,"Banana, Maize and Beans",> 4 years,400,400,"Fresh, Kiboko",1,1,0,0,Pests and diseases Lack of access to quality inputs Lack of access to market Price fluctuations Lack of or access to knowledge and extension services,1,1,1,1,0,0,1,,,,,,,,,,,,,,,,,,,>4 years,40,40,Fresh,1,0,0,Post harvest losses Price fluctuations Lack of access to market,0,0,1,1,1,0,0,,>4 Years,6,3,Ripe,0,1,0,Lack of access to market Price fluctuations Post harvest losses,0,0,1,1,1,0,0,,,,,,,,,,,,,,,,,,>4 Years,2,1,Raw,1,0,0,"Price fluctuations, Post harvest losses, Lack of access to market",0,0,1,1,1,0,0,,>4 Years,200,100,Fresh Dried chips,1,1,0,0,Pests and diseases Lack of access to market Low prices Price fluctuations,1,0,1,1,1,0,0,0,,,Yes,,No,,None of the above,0,0,0,0,1,Use of integrated methods,0,0,1,,Apply Manure  Mulch,0,0,1,0,1,"Fellow local farmers, Personal nursery Local agro-inputs shops",1,1,0,0,0,0,1,Tarpaulin,1,0,0,0,Bag and keep on the floor in a store,Burning,1,0,0,0,0,,,No,,Yes,18,No,,,,,0.1257513 32.9604693 1165.7 13.325,0.1257513,32.9604693,1165.7,13.325,0.1250214 32.960963 1189.6 1.716; 0.1246888 32.9609669 1216.0 1.533; 0.1246002 32.9608486 1224.3 1.433; 0.1248786 32.9606139 1231.4 1.5; 0.1250214 32.960963 1189.6 1.716,,1760701879697.amr,356ca527-18cf-4f7a-a3f6-6704264d6f7c,submitted_via_web,katwesiime_1,uuid:356ca527-18cf-4f7a-a3f6-6704264d6f7c
Musisi paul Namugera,2025-10-17 15:39:00,0.1274809 32.9633845 1194.6 4.6,0.1274809,32.9633845,1194.6,4.6,Buikwe,Ssi,Mayigwe,EKUB1256,Jjemba David,Male,1974-07-13 00:00:00,52,Adult,Married,No,755504159,742867104,,PLE,I am engaged in income generating activities and have an individual income,Self employment ,0,1,0,,,,,Male,PLE,5,3,Yes,Farming,180000,,2,No,No,No,Firewood,0,0,1,0,,,,,,,,,"Coffee, Cocoa, Jackfruit, Cassava, Avocado, Beans, Maize",1,1,0,1,1,1,1,1,800000,800000,Coffee Cocoa Jackfruit Avocado Cassava,1,1,0,1,0,1,1,"Banana, Maize and Beans ",> 4 years,1200,800,"Fresh, Kiboko",1,1,0,0,Pests and diseases Price fluctuations Lack of or access to knowledge and extension services Lack of access to quality inputs,1,1,0,1,0,0,1,>4 Years,200,50,"Fresh, Dry fermented",0,1,1,0,0,Pest and diseases Lack of access to market Price fluctuations Lack of access to quality puts,1,1,1,1,0,0,0,,,,,,,,,,,,,,,,,,>4 Years,5,4,Ripe,0,1,0,"Price fluctuations, Lack of access to market, Post harvest losses",0,0,1,1,1,0,0,,,,,,,,,,,,,,,,,,>4 Years,2,2,Raw,1,0,0,"Price fluctuations, Post harvest losses, Lack of access to market",0,0,1,1,1,0,0,,>4 Years,130,50,Fresh Dried chips,1,1,0,0,Lack of access to market Low prices Price fluctuations Pests and diseases,1,0,1,1,1,0,0,0,,,Yes,,No,,None of the above,0,0,0,0,1,Use of integrated methods,0,0,1,,Mulch Apply Manure ,0,0,1,0,1,Personal nursery Local agro-inputs shops,0,1,0,0,0,0,1,Tarpaulin,1,0,0,0,Bag and keep on raised pallet,Burning,1,0,0,0,0,,,No,,Yes,12,No,,,,,0.1275623 32.9632957 1196.8 4.82,0.1275623,32.9632957,1196.8,4.82,0.1275478 32.9632894 1198.2 1.616; 0.127695 32.9633321 1204.5 1.583; 0.1276947 32.9634553 1206.1 1.516; 0.1276103 32.9634414 1207.7 1.716; 0.1275478 32.9632894 1198.2 1.616,,1760705862729.amr,32b50355-706d-4748-b812-159221e44b5d,submitted_via_web,katwesiime_1,uuid:32b50355-706d-4748-b812-159221e44b5d
Musisi paul Namugera,2025-10-17 16:00:00,0.1268352 32.9633887 1207.8 3.833,0.1268352,32.9633887,1207.8,3.833,Buikwe,Ssi,Mayigwe ,EKUB1257,Nazziwa Juliet,Male,1977-07-13 00:00:00,49,Adult,Married,No,754320815,,,PLE,I am engaged in income generating activities and have an individual income,Self employment ,0,1,0,,,,,Female,PLE,3,2,Yes,Farming,150000,,2,Yes,No,No,Firewood,0,0,1,0,,,,,,,,,"Coffee, Cocoa, Jackfruit, Cassava, Avocado, Beans, Maize",1,1,0,1,1,1,1,1,450000,450000,Coffee Cocoa Jackfruit Avocado Cassava,1,1,0,1,0,1,1,"Banana, Maize and Beans, Eggplant,cabbage ",> 4 years,300,300,"Fresh, Kiboko",1,1,0,0,Pests and diseases Lack of access to quality inputs Lack of access to market Price fluctuations,1,1,1,1,0,0,0,>4 Years,50,20,"Fresh, Dry fermented",0,1,1,0,0,Price fluctuations Lack of access to market Lack of access to quality puts Pest and diseases,1,1,1,1,0,0,0,,,,,,,,,,,,,,,,,,>4 Years,2,2,Ripe,0,1,0,Post harvest losses Price fluctuations Lack of access to market,0,0,1,1,1,0,0,,,,,,,,,,,,,,,,,,>4 Years,1,1,Raw,1,0,0,Lack of access to market Price fluctuations Post harvest losses,0,0,1,1,1,0,0,,>4 Years,50,30,Fresh Dried chips,1,1,0,0,Pests and diseases Lack of access to market Low prices Price fluctuations,1,0,1,1,1,0,0,0,,,Yes,,No,,None of the above,0,0,0,0,1,Use of integrated methods,0,0,1,,Apply Manure  Mulch,0,0,1,0,1,"Personal nursery Local agro-inputs shops, Fellow local farmers",1,1,0,0,0,0,1,Tarpaulin,1,0,0,0,Bag and keep on the floor in a store,Burning,1,0,0,0,0,,,No,,Yes,7,No,,,,,0.1266801 32.9633598 1209.4 4.671,0.1266801,32.9633598,1209.4,4.671,0.1264617 32.9634963 1210.1 7.233; 0.1265164 32.9631974 1214.5 1.65; 0.12685 32.963279 1214.5 1.7; 0.1268538 32.9634244 1214.9 1.833; 0.1264617 32.9634963 1210.1 7.233,,1760706939999.amr,321dea1c-6c71-4904-af48-55178b7d1236,submitted_via_web,katwesiime_1,uuid:321dea1c-6c71-4904-af48-55178b7d1236
Musisi paul Namugera,2025-10-17 16:22:00,0.1269169 32.9633343 1217.0 4.333,0.1269169,32.9633343,1217,4.333,Buikwe,Ssi,Mayigwe ,EKUB1258,Namubiru Phaibe,Female,2007-10-17 00:00:00,18,Youth,Single,No,,,754320815,PLE,I am engaged in income generating activities and have an individual income,Self employment ,0,1,0,,,,,Female,PLE,2,1,Yes,Farming,100000,,2,Yes,No,No,Firewood,0,0,1,0,,,,,,,,,Coffee Cassava Beans Maize Cocoa,1,1,0,0,1,0,1,1,350000,350000,"Coffee, Cocoa, Cassava",1,1,0,0,0,0,1,"Banana ,Maize and Beans ",> 4 years,150,150,"Fresh, Kiboko",1,1,0,0,Pests and diseases Lack of access to market Price fluctuations,1,0,1,1,0,0,0,>4 Years,30,20,"Fresh, Dry fermented",0,1,1,0,0,Pest and diseases Lack of access to market Price fluctuations,1,0,1,1,0,0,0,,,,,,,,,,,,,,,,,,,,,,,,,,,,,,,,,,,,,,,,,,,,,,,,,,,,,,,,,,,,,,,,,,>4 Years,80,20,Fresh Dried chips,1,1,0,0,Pests and diseases Low prices Lack of access to market Price fluctuations,1,0,1,1,1,0,0,0,,,Yes,,No,,None of the above,0,0,0,0,1,Use of integrated methods,0,0,1,,Apply Manure  Mulch,0,0,1,0,1,Personal nursery,0,0,0,0,0,0,1,Tarpaulin,1,0,0,0,Bag and keep on the floor in a store,Burning,1,0,0,0,0,,,No,,Yes,7,No,,,,,0.1269047 32.963344 1215.3 4.94,0.1269047,32.963344,1215.3,4.94,0.1268898 32.9633298 1211.7 3.575; 0.1269262 32.9632889 1207.3 1.8; 0.1271306 32.9633415 1208.3 1.616; 0.1271116 32.9634532 1208.0 1.583; 0.1268898 32.9633298 1211.7 3.575,,1760707955150.amr,6384938b-bdf9-4c92-af0c-34e9ff2ad277,submitted_via_web,katwesiime_1,uuid:6384938b-bdf9-4c92-af0c-34e9ff2ad277
Musisi paul Namugera,2025-10-17 13:30:00,0.1237344 32.958924 1212.3 4.3,0.1237344,32.958924,1212.3,4.3,Buikwe,Ssi,Mayigwe,EKUB1259,Nanyanzi Eflance,Female,1960-06-15 00:00:00,66,Adult,Widowed,No,744452582,746391661,,PLE,I am engaged in income generating activities and have an individual income,Self employment ,0,1,0,,,,,Female,PLE,10,9,Yes,Farming,150000,,2,Yes,No,No,Firewood,0,0,1,0,,,,,,,,,Coffee Jackfruit Maize Beans Cassava Avocado Vanilla,1,0,1,1,1,1,1,1,400000,400000,"Coffee, Vanilla, Jackfruit, Avocado, Cassava",1,0,1,1,0,1,1,"Banana, Maize and Beans",> 4 years,300,250,"Fresh, Kiboko",1,1,0,0,Pests and diseases Lack of access to market Price fluctuations Lack of access to quality inputs,1,1,1,1,0,0,0,,,,,,,,,,,,,,,,,,,>4 years,20,20,Fresh,1,0,0,Price fluctuations Lack of access to market Post harvest losses,0,0,1,1,1,0,0,,>4 Years,2,2,Ripe,0,1,0,"Price fluctuations, Lack of access to market, Post harvest losses",0,0,1,1,1,0,0,,,,,,,,,,,,,,,,,,>4 Years,2,2,Raw,1,0,0,Lack of access to market Price fluctuations Post harvest losses,0,0,1,1,1,0,0,,>4 Years,120,50,Fresh Dried chips,1,1,0,0,Pests and diseases Lack of access to market Low prices,1,0,1,1,0,0,0,0,,,Yes,,No,,None of the above,0,0,0,0,1,Use of integrated methods,0,0,1,,Apply Manure  Mulch Purchase and apply organic fertilizers,0,0,1,0,1,"Fellow local farmers, Personal nursery",1,0,0,0,0,0,1,Tarpaulin,1,0,0,0,Bag and keep on the floor in a store,Burning,1,0,0,0,0,,,No,,Yes,6,No,,,,,0.1237624 32.9587883 1219.0 5.0,0.1237624,32.9587883,1219,5,0.123718 32.9587278 1217.6 2.525; 0.1236005 32.9586589 1219.7 1.533; 0.1238234 32.9583506 1217.3 1.416; 0.1239674 32.9584321 1214.0 1.4; 0.123718 32.9587278 1217.6 2.525,,1760697399279.amr,84defbf3-04b0-455b-868b-e0762eabf48d,submitted_via_web,katwesiime_1,uuid:84defbf3-04b0-455b-868b-e0762eabf48d
Musisi paul Namugera,2025-10-14 15:16:00,0.12789 32.9606017 1195.6 4.45,0.12789,32.9606017,1195.6,4.45,Buikwe,Ngogwe,Ddungi,EKUB1260,Kiiza Regina,Female,1975-08-13 00:00:00,50,Adult,Married,No,,,752410246,PLE,I am engaged in income generating activities and have an individual income,Self employment ,0,1,0,,,,,Male,PLE,7,5,Yes,Farming,100000,,2,Yes,No,No,Firewood,0,0,1,0,,,,,,,,,"Coffee, Jackfruit, Cassava, Avocado, Beans, Maize",1,0,0,1,1,1,1,1,500000,500000,"Coffee, Jackfruit, Avocado, Cassava",1,0,0,1,0,1,1,"Bean's,Maize and Banana ",> 4 years,300,300,"Fresh, Kiboko",1,1,0,0,Lack of labor Lack of access to market Price fluctuations Lack of access to quality inputs Pests and diseases,1,1,1,1,0,1,0,,,,,,,,,,,,,,,,,,,,,,,,,,,,,,,,,,,>4 Years,1,1,Ripe,0,1,0,Lack of access to market Price fluctuations Post harvest losses,0,0,1,1,1,0,0,,,,,,,,,,,,,,,,,,>4 Years,1,1,Raw,1,0,0,"Price fluctuations, Post harvest losses, Lack of access to market",0,0,1,1,1,0,0,,>4 Years,120,40,Fresh,1,0,0,0,Lack of access to market Low prices Price fluctuations Pests and diseases,1,0,1,1,1,0,0,0,,,Yes,,No,,None of the above,0,0,0,0,1,Use of integrated methods,0,0,1,,Apply Manure  Crop rotation and intercropping with legumes,0,0,1,0,1,"Fellow local farmers, Personal nursery",1,0,0,0,0,0,1,Tarpaulin,1,0,0,0,Bag and keep on raised pallet,Burning,1,0,0,0,0,,,No,,Yes,5,No,,,,,0.2717555 33.0160707 1205.3000000000002 3.8,0.2717555,33.0160707,1205.3,3.8,0.2717087 33.0154109 1200.4 1.633; 0.2719017 33.0154606 1199.8000000000002 1.583; 0.2719083 33.0158617 1203.0 2.2; 0.2716531 33.0161685 1204.8000000000002 1.716; 0.2717087 33.0154109 1200.4 1.633,,1760444628306.amr,e94ba468-3d66-4044-93c9-85d0f72e422d,submitted_via_web,katwesiime_1,uuid:e94ba468-3d66-4044-93c9-85d0f72e422d
Ngabirano Deus,2025-10-16 16:58:00,0.1104506 32.9592975 1237.1 4.9,0.1104506,32.9592975,1237.1,4.9,Buikwe,Ssi,Zitwe,EKUB1261,Nakazibwe Lydia,Female,1989-04-02 00:00:00,37,Adult,Single,Yes,702246657,,,UCE,I am engaged in income generating activities and have an individual income,Self employment ,0,1,0,,,,,Female,UCE,7,6,Yes,Farming,150000,,2,No,No,No,Firewood,0,0,1,0,,,,,,,,,"Coffee, Cocoa Vanilla",1,1,1,0,0,0,0,0,700000,500000,Coffee Vanilla Cocoa,1,1,1,0,0,0,0,,> 4 years,200,120,Kiboko,0,1,0,0,"Pests and diseases, Price fluctuations, Lack of access to market",1,0,1,1,0,0,0,>4 Years,200,70,Dry fermented,0,0,1,0,0,"Pest and diseases, Price fluctuations, Lack of access to market",1,0,1,1,0,0,0,,>4 years,10,10,Fresh,1,0,0,"Pests and diseases, Lack of access to market, Price fluctuations",1,0,1,1,0,0,0,,,,,,,,,,,,,,,,,,,,,,,,,,,,,,,,,,,,,,,,,,,,,,,,,,,,,,,,,,,,,,,,,,,,,No,,No,,None of the above,0,0,0,0,1,Using organic ,0,1,0,,Mulch Apply Manure ,0,0,1,1,0,Fellow local farmers,1,0,0,0,0,0,0,Tarpaulin,1,0,0,0,Bag and keep on raised pallet,Dump in a pit,0,1,0,0,0,,,No,,Yes,15,No,,,,,0.11043 32.9594283 1240.3 4.633,0.11043,32.9594283,1240.3,4.633,0.1105514 32.9594243 1240.2 3.925; 0.11043 32.9594283 1240.3 4.633; 0.1107483 32.9592607 1240.4 3.58; 0.1111111 32.9591194 1240.2 2.883; 0.1105514 32.9594243 1240.2 3.925,,1760623962276.amr,93bc8716-8515-46b6-ac06-a75cc99923e8,submitted_via_web,deus_1,uuid:93bc8716-8515-46b6-ac06-a75cc99923e8
Ngabirano Deus,2025-10-17 13:13:00,0.12099 32.9581 1240.1 4.2,0.12099,32.9581,1240.1,4.2,Buikwe,Ssi,Maigwe,EKUB1262,Namusisi Harriet,Female,1966-08-24 00:00:00,59,Adult,Widowed,No,752050277,,,No formal education,I am engaged in income generating activities and have an individual income,Self employment ,0,1,0,,,,,Female,No formal education,15,14,Yes,Farming,200000,,3,No,No,No,Firewood,0,0,1,0,,,,,,,,,"Coffee, Cocoa, Cassava, Avocado, Beans, Maize",1,1,0,0,1,1,1,1,500000,400000,Coffee Cocoa Jackfruit Avocado Cassava,1,1,0,1,0,1,1,,> 4 years,150,100,"Fresh, Kiboko",1,1,0,0,Pests and diseases Lack of access to market Price fluctuations,1,0,1,1,0,0,0,>4 Years,30,30,Dry fermented,0,0,1,0,0,Pest and diseases Price fluctuations,1,0,0,1,0,0,0,,,,,,,,,,,,,,,,,,>4 Years,10,10,Ripe,0,1,0,Pests and diseases Price fluctuations Lack of access to market,1,0,1,1,0,0,0,,,,,,,,,,,,,,,,,,>4 Years,10,10,Raw,1,0,0,"Pests and diseases, Lack of access to market",1,0,1,0,0,0,0,,>4 Years,1000,1000,Dried chips Fresh,1,1,0,0,Pests and diseases Lack of access to market Low prices Price fluctuations,1,0,1,1,1,0,0,0,,,No,,No,,None of the above,0,0,0,0,1,Spraying with inorganic chemicals,1,0,0,<6 months ,Apply Manure  Crop rotation and intercropping with legumes,1,0,1,1,0,Fellow local farmers,1,0,0,0,0,0,0,Tarpaulin,1,0,0,0,Bag and keep on raised pallet,Dump in a pit Dump at a heap around the farm,0,1,0,1,0,,,Yes,10-50,Yes,50,No,,,,,0.1209763 32.9581511 1243.7 4.85,0.1209763,32.9581511,1243.7,4.85,0.120955 32.9580658 1246.5 2.1; 0.1209655 32.9581479 1245.3 2.3; 0.1215667 32.9582383 1249.4 1.9; 0.1210562 32.9578279 1248.6 1.8; 0.120955 32.9580658 1246.5 2.1,,1760697307934.amr,27bc2aab-015b-43c8-8a97-445519d341ee,submitted_via_web,deus_1,uuid:27bc2aab-015b-43c8-8a97-445519d341ee
Ngabirano Deus,2025-10-17 13:36:00,0.1209656 32.9581473 1251.1 4.24,0.1209656,32.9581473,1251.1,4.24,Buikwe,Ssi,Maigwe,EKUB1263,Ssembuya Pius,Male,2008-12-17 00:00:00,17,Youth,Single,No,,,775611420,PLE,I am engaged in income generating activities and have an individual income,Self employment ,0,1,0,,,,,Female,No formal education,0,0,,Farming,0,,3,No,No,No,Firewood,0,0,1,0,,,,,,,,,Coffee,1,0,0,0,0,0,0,0,250000,250000,Coffee,1,0,0,0,0,0,0,,> 4 years,150,100,Kiboko,0,1,0,0,Pests and diseases Lack of access to market Price fluctuations,1,0,1,1,0,0,0,,,,,,,,,,,,,,,,,,,,,,,,,,,,,,,,,,,,,,,,,,,,,,,,,,,,,,,,,,,,,,,,,,,,,,,,,,,,,,,,,,,,,,,,,,,,,,,,,,,,,,No,,No,,None of the above,0,0,0,0,1,Spraying with inorganic chemicals,1,0,0,<6 months ,Apply Manure ,0,1,1,0,0,Fellow local farmers,1,0,0,0,0,0,0,Tarpaulin,1,0,0,0,Bag and keep on raised pallet,Dump in a pit,0,1,0,0,0,,,No,,Yes,15,No,,,,,0.122458 32.9593331 1256.4 3.8,0.122458,32.9593331,1256.4,3.8,0.1224739 32.9590677 1245.9 1.7; 0.1224627 32.959237 1255.8 1.8; 0.12268 32.959285 1243.7 4.9; 0.1227561 32.9592514 1245.4 1.6; 0.1224739 32.9590677 1245.9 1.7,,1760697884124.amr,8d453cfc-369a-4593-96b9-4943ad413bed,submitted_via_web,deus_1,uuid:8d453cfc-369a-4593-96b9-4943ad413bed
Ngabirano Deus,2025-10-17 13:44:00,0.1209775 32.9581691 1249.6 4.7,0.1209775,32.9581691,1249.6,4.7,Buikwe,Ssi,Maigwe,EKUB1264,Kayemba Jordan,Male,2009-11-07 00:00:00,16,Youth,Single,No,,,752054419,PLE,I am engaged in income generating activities and have an individual income,Self employment ,0,1,0,,,,,Female,No formal education,0,0,,Farming,0,,3,No,No,No,Firewood,0,0,1,0,,,,,,,,,Coffee,1,0,0,0,0,0,0,0,300000,200000,Coffee,1,0,0,0,0,0,0,,> 4 years,150,100,Kiboko,0,1,0,0,Pests and diseases Lack of access to market Price fluctuations,1,0,1,1,0,0,0,,,,,,,,,,,,,,,,,,,,,,,,,,,,,,,,,,,,,,,,,,,,,,,,,,,,,,,,,,,,,,,,,,,,,,,,,,,,,,,,,,,,,,,,,,,,,,,,,,,,,,No,,No,,None of the above,0,0,0,0,1,Using organic ,0,1,0,,Apply Manure  Crop rotation and intercropping with legumes,0,0,1,1,0,Fellow local farmers,1,0,0,0,0,0,0,Tarpaulin,1,0,0,0,Bag and keep on raised pallet,Burning Dump in a pit,1,1,0,0,0,,,Yes,<10,Yes,5,No,,,,,0.1223436 32.9598204 1254.2 4.566,0.1223436,32.9598204,1254.2,4.566,0.1222957 32.9596966 1251.6 1.75; 0.122395 32.95961 1251.4 4.5; 0.1233917 32.9600367 1248.2 10.3; 0.1230233 32.9601417 1253.0 4.6; 0.1222957 32.9596966 1251.6 1.75,,1760698249735.amr,22935087-4670-430a-970d-1c1b3a8d72ec,submitted_via_web,deus_1,uuid:22935087-4670-430a-970d-1c1b3a8d72ec
Ngabirano Deus,2025-10-17 14:29:00,0.1216733 32.9591967 1243.6 4.0,0.1216733,32.9591967,1243.6,4,Buikwe,Ssi,Maigwe,EKUB1265,Mukasa Ibrahim,Male,1965-08-10 00:00:00,60,Adult,Single,No,744024858,,,No formal education,I am engaged in income generating activities and have an individual income,Self employment ,0,1,0,,,,,Male,No formal education,1,0,,Farming,200000,,2,No,No,No,Firewood,0,0,1,0,,,,,,,,,Coffee,1,0,0,0,0,0,0,0,1500000,1000000,Coffee Cocoa Jackfruit Avocado,1,1,0,1,0,1,0,,> 4 years,2000,2000,Kiboko,0,1,0,0,Pests and diseases Lack of access to market Price fluctuations,1,0,1,1,0,0,0,>4 Years,50,0,Dry fermented,0,0,1,0,0,Pest and diseases,1,0,0,0,0,0,0,,,,,,,,,,,,,,,,,,>4 Years,5,5,Raw,1,0,0,Pests and diseases Price fluctuations Lack of access to market,1,0,1,1,0,0,0,,,,,,,,,,,,,,,,,,>4 Years,3,3,Raw,1,0,0,"Pests and diseases, Lack of access to market, Price fluctuations",1,0,1,1,0,0,0,,,,,,,,,,,,,,,,,,,,,Yes,,No,,None of the above,0,0,0,0,1,Spraying with inorganic chemicals,1,0,0,<6 months ,Apply Manure  Mulch Crop rotation and intercropping with legumes,0,0,1,1,0,Fellow local farmers,1,0,0,0,0,0,0,Tarpaulin,1,0,0,0,Bag and keep on raised pallet,Dump in a pit,0,1,0,0,0,,,Yes,10-50,Yes,5,No,,,,,0.1216833 32.959175 1263.3 4.616,0.1216833,32.959175,1263.3,4.616,0.1217657 32.9591524 1262.8 2.4; 0.1218622 32.9592431 1258.1 3.4; 0.121815 32.9593633 1257.8 3.7; 0.1212433 32.9600233 1264.1 4.8; 0.121175 32.9598867 1258.7 3.6; 0.1217657 32.9591524 1262.8 2.4,,1760701689969.amr,86540193-4c44-4a42-864a-16fa7a3cadc3,submitted_via_web,deus_1,uuid:86540193-4c44-4a42-864a-16fa7a3cadc3
Ngabirano Deus,2025-10-17 14:52:00,0.1206189 32.9599622 1259.3 4.4,0.1206189,32.9599622,1259.3,4.4,Buikwe,Ssi,Maigwe,EKUB1266,Kyobe Fenixance,Male,2008-01-10 00:00:00,18,Youth,Single,No,,,705602818,PLE,I am engaged in income generating activities and have an individual income,Self employment ,0,1,0,,,,,Male,No formal education,0,0,,Farming,50000,,2,No,No,No,Firewood,0,0,1,0,,,,,,,,,Coffee,1,0,0,0,0,0,0,0,150000,100000,Coffee,1,0,0,0,0,0,0,,> 4 years,100,70,Kiboko,0,1,0,0,Pests and diseases Lack of access to market Price fluctuations,1,0,1,1,0,0,0,,,,,,,,,,,,,,,,,,,,,,,,,,,,,,,,,,,,,,,,,,,,,,,,,,,,,,,,,,,,,,,,,,,,,,,,,,,,,,,,,,,,,,,,,,,,,,,,,,,,,,No,,No,,None of the above,0,0,0,0,1,Spraying with inorganic chemicals,1,0,0,<6 months ,Apply Manure  Mulch Crop rotation and intercropping with legumes,0,0,1,1,0,Fellow local farmers,1,0,0,0,0,0,0,Tarpaulin,1,0,0,0,Bag and keep on raised pallet,Dump in a pit Dump at a heap around the farm,0,1,0,1,0,,,No,,No,,No,,,,,0.1210825 32.9596925 1265.1 4.3,0.1210825,32.9596925,1265.1,4.3,0.1209776 32.9595815 1262.6 1.7; 0.1210623 32.9596117 1261.6 1.9; 0.1208187 32.9596535 1266.9 1.6; 0.1209776 32.9595815 1262.6 1.7,,1760702594072.amr,62e6c067-513a-40a7-a981-d725db63b004,submitted_via_web,deus_1,uuid:62e6c067-513a-40a7-a981-d725db63b004
Ngabirano Deus,2025-10-17 15:26:00,0.1244152 32.9597365 1229.3 2.489,0.1244152,32.9597365,1229.3,2.489,Buikwe,Ssi,Maigwe,EKUB1267,Namungi Kyeswa,Male,1975-09-15 00:00:00,50,Adult,Married,No,755872283,,,PLE,I am engaged in income generating activities and have an individual income,Self employment ,0,1,0,,,,,Male,PLE,10,8,Yes,Farming,70000,,2,No,No,No,Firewood,0,0,1,20000,,,,,,,,,Coffee,1,0,0,0,0,0,0,0,600000,400000,Coffee Cocoa Jackfruit Oysternut Avocado Cassava,1,1,0,1,1,1,1,,> 4 years,200,150,"Fresh, Kiboko",1,1,0,0,"Pests and diseases, Price fluctuations, Lack of access to market",1,0,1,1,0,0,0,<1 Year,300,3,Dry fermented,0,0,1,0,0,Pest and diseases Price fluctuations,1,0,0,1,0,0,0,,,,,,,,,,,,,,,,,,>4 Years,10,10,Raw,1,0,0,Lack of access to market,0,0,1,0,0,0,0,,>4 Years,10,2,Dry nuts,0,1,0,Lack of access to market,0,0,1,0,0,0,0,,>4 Years,5,5,Raw,1,0,0,Lack of access to market,0,0,1,0,0,0,0,,>4 Years,1000,1000,Fresh,1,0,0,0,Lack of access to market Low prices,0,0,1,1,0,0,0,0,,,No,,No,,None of the above,0,0,0,0,1,Using organic ,0,1,0,,Apply Manure  Mulch Crop rotation and intercropping with legumes,1,0,1,1,0,Fellow local farmers,1,0,0,0,0,0,0,Tarpaulin,1,0,0,0,Bag and keep on raised pallet,Dump in a pit Dump at a heap around the farm,0,1,0,1,0,,,Yes,<10,Yes,18,No,,,,,0.1243717 32.9596733 1210.4 4.2,0.1243717,32.9596733,1210.4,4.2,0.1245302 32.9596341 1238.9 4.825; 0.1245817 32.959775 1240.1 2.2; 0.124465 32.9599633 1240.2 61.676; 0.1238557 32.9597505 1245.1 5.621; 0.1245302 32.9596341 1238.9 4.825,,1760705228995.amr,fb9c2771-54f0-4758-a5b9-ef5fbc68c35d,submitted_via_web,deus_1,uuid:fb9c2771-54f0-4758-a5b9-ef5fbc68c35d
Ngabirano Deus,2025-10-17 16:07:00,0.1275841 32.9629321 1230.1 4.824,0.1275841,32.9629321,1230.1,4.824,Buikwe,Ssi,Maigwe,EKUB1268,Kabagambe Moses,Male,1975-08-13 00:00:00,50,Adult,Married,No,777942576,,,PLE,I am engaged in income generating activities and have an individual income,Self employment ,0,1,0,,,,,Male,PLE,9,7,Yes,Farming,300000,,2,No,No,No,Firewood,0,0,1,0,,,,,,,,,"Coffee, Vanilla",1,0,1,0,0,0,0,0,1000000,500000,Coffee Cocoa Vanilla,1,1,1,0,0,0,0,,> 4 years,150,100,Fresh,1,0,0,0,"Pests and diseases, Price fluctuations, Lack of access to market",1,0,1,1,0,0,0,<1 Year,30,0,Dry fermented,0,0,1,0,0,Price fluctuations,0,0,0,1,0,0,0,,>4 years,5,5,Fresh,1,0,0,Price fluctuations,0,0,0,1,0,0,0,,,,,,,,,,,,,,,,,,,,,,,,,,,,,,,,,,,,,,,,,,,,,,,,,,,,,,,,,,,,,,,,,,,,,No,,No,,None of the above,0,0,0,0,1,Using organic ,0,1,0,,Apply Manure  Mulch Crop rotation and intercropping with legumes,0,0,1,1,0,Fellow local farmers,1,0,0,0,0,0,0,Tarpaulin,1,0,0,0,Keep on the floor,Dump at a heap around the farm,0,0,0,1,0,,,Yes,<10,Yes,10,No,,,,,0.1276082 32.9628652 1218.1 3.794,0.1276082,32.9628652,1218.1,3.794,0.12761 32.9628683 1218.0 2.7; 0.1278467 32.9628483 1217.7 51.538; 0.1281 32.963005 1218.7 28.545; 0.1279617 32.9631683 1220.5 54.083; 0.12761 32.9628683 1218.0 2.7,,1760707380807.amr,5b326ab4-aba4-462e-9172-688b8860dee2,submitted_via_web,deus_1,uuid:5b326ab4-aba4-462e-9172-688b8860dee2
Ngabirano Deus,2025-10-17 16:44:00,0.1285656 32.9600428 1219.3 3.572,0.1285656,32.9600428,1219.3,3.572,Buikwe,Ssi,Maigwe,EKUB1269,Kisa David,Male,1984-04-20 00:00:00,42,Adult,Married,No,749441790,,,No formal education,I am engaged in income generating activities and have an individual income,Self employment ,0,1,0,,,,,Male,No formal education,7,5,No,Farming,250000,,2,No,No,No,Firewood,0,0,1,50000,,,,,,,,,Coffee Cassava,1,0,0,0,1,0,0,0,800000,400000,Cocoa Coffee Oysternut,1,1,0,0,1,0,0,,> 4 years,200,150,Fresh,1,0,0,0,"Pests and diseases, Price fluctuations, Lack of access to market",1,0,1,1,0,0,0,>4 Years,100,100,Dry fermented,0,0,1,0,0,Pest and diseases Lack of access to market Price fluctuations,1,0,1,1,0,0,0,,,,,,,,,,,,,,,,,,,,,,,,,,,,,,,,,,>4 Years,3,3,Dry nuts,0,1,0,Lack of access to market,0,0,1,0,0,0,0,,,,,,,,,,,,,,,,,,,,,,,,,,,,,,,,,,,,,No,,No,,Organic,0,1,0,0,0,Using organic ,0,1,0,,Apply Manure  Mulch Crop rotation and intercropping with legumes Purchase and apply inorganic fertilizer,0,0,1,1,0,Fellow local farmers,1,0,0,0,0,0,0,Tarpaulin,1,0,0,0,Keep on the floor,Dump in a pit,0,1,0,0,0,,,Yes,10-50,Yes,20,No,,,,,0.128373 32.959843 1123.4 4.3,0.128373,32.959843,1123.4,4.3,0.128536 32.9599654 1142.0 1.6; 0.1294006 32.9597139 1154.2 2.0; 0.1293167 32.9598167 1155.0 91.439; 0.1287783 32.9599917 1163.2 8.2; 0.128536 32.9599654 1142.0 1.6,,1760709936845.amr,c5244427-cc90-4307-9fdd-60ecc986e23b,submitted_via_web,deus_1,uuid:c5244427-cc90-4307-9fdd-60ecc986e23b
Sserunjogi Ladis,2025-10-17 13:19:00,0.1194981 32.9577922 1263.0 4.3,0.1194981,32.9577922,1263,4.3,Buikwe,Ssi,Maigwe,EKUB1270,Namanya Eva,Female,1987-06-13 00:00:00,39,Adult,Married,No,788444758,751548822,,PLE,I am engaged in income generating activities and have an individual income,Self employment ,0,1,0,,,,,Male,UCE,10,8,No,Farming,200000,,3,No,No,No,Firewood,0,0,1,0,,,,,,,,,"Coffee, Cocoa Vanilla",1,1,1,0,0,0,0,0,2000000,,Coffee Cocoa Vanilla Cassava,1,1,1,0,0,0,1,"Bogoya, matooke",> 4 years,3000,2500,Kiboko,0,1,0,0,Pests and diseases Lack of access to quality inputs Post harvest losses Price fluctuations,1,1,0,1,1,0,0,>4 Years,100,100,Dry fermented,0,0,1,0,0,Pest and diseases,1,0,0,0,0,0,0,,>4 years,200,200,Fresh,1,0,0,Price fluctuations,0,0,0,1,0,0,0,,,,,,,,,,,,,,,,,,,,,,,,,,,,,,,,,,,,,,,,,,,,,,,,,,>4 Years,2000,1000,Fresh,1,0,0,0,Pests and diseases Low prices Post harvest losses,1,0,0,1,0,1,0,0,,,No,,No,,None of the above,0,0,0,0,1,Spraying with inorganic chemicals Use of integrated methods,1,0,1,<6 months ,Apply Manure  Mulch Crop rotation and intercropping with legumes,0,0,1,1,0,Fellow local farmers,1,0,0,0,0,0,0,Tarpaulin,1,0,0,0,Bag and keep on raised pallet,Burning,1,0,0,0,0,,,No,,No,,No,,,,,0.1195552 32.9577999 1261.0 5.0,0.1195552,32.9577999,1261,5,0.1195168 32.9578076 1263.0 2.9;0.1196258 32.9577323 1258.0 2.1;0.1195647 32.9576008 1257.0 2.0;0.1190687 32.9577248 1257.0 2.5;0.1190354 32.9578193 1258.0 2.25;0.1193198 32.9579411 1256.0 2.0;0.1195396 32.957779 1259.0 1.916;0.1195168 32.9578076 1263.0 2.9,,1760698126724.amr,04290b80-bfbd-468b-83bc-be15157d3b1f,submitted_via_web,ladis00,uuid:04290b80-bfbd-468b-83bc-be15157d3b1f
Sserunjogi Ladis,2025-10-17 14:21:00,0.1219695 32.9584161 1224.0 4.6,0.1219695,32.9584161,1224,4.6,Buikwe,Ssi,Maigwe,EKUB1271,Nantale Agnes,Female,1997-10-17 00:00:00,28,Youth,Married,No,754666075,744052236,,PLE,I am engaged in income generating activities and have an individual income,Self employment ,0,1,0,,,,,Male,PLE,4,2,No,Farming,150000,,3,No,No,No,Firewood,0,0,1,20000,,,,,,,,,"Coffee, Cocoa",1,1,0,0,0,0,0,0,500000,,Coffee Cocoa Avocado,1,1,0,0,0,1,0,"Matooke,bogoya",> 4 years,80,60,Fresh,1,0,0,0,Pests and diseases Price fluctuations Lack of access to quality inputs,1,1,0,1,0,0,0,>4 Years,10,10,Dry fermented,0,0,1,0,0,Pest and diseases,1,0,0,0,0,0,0,,,,,,,,,,,,,,,,,,,,,,,,,,,,,,,,,,,,,,,,,,,,,,,,,,>4 Years,3,2,,,,,,,,,,,,,,,,,,,,,,,,,,,,,,,,,No,,No,,None of the above,0,0,0,0,1,Use of integrated methods,0,0,1,,Mulch Crop rotation and intercropping with legumes Apply Manure ,0,0,1,1,0,"Fellow local farmers, Personal nursery",1,0,0,0,0,0,1,,,,,,Bag and keep on the floor in a store,Burning,1,0,0,0,0,,,Yes,<10,Yes,2,No,,,,,0.1219484 32.9583369 1232.0 4.9,0.1219484,32.9583369,1232,4.9,0.1218313 32.9583897 1219.0 1.7;0.1220804 32.958632 1220.0 2.0;0.1222924 32.9584418 1220.0 1.833;0.1220734 32.9582327 1223.0 2.1;0.1219896 32.9582647 1220.0 2.0;0.1220423 32.9583887 1221.0 2.0;0.1220013 32.958419 1219.0 2.4;0.1219086 32.9583598 1220.0 1.916;0.1218359 32.9584078 1219.0 2.0;0.1218313 32.9583897 1219.0 1.7,,1760701586733.amr,ecb6b675-0020-4538-a77a-ac7f8af14d9b,submitted_via_web,ladis00,uuid:ecb6b675-0020-4538-a77a-ac7f8af14d9b
Sserunjogi Ladis,2025-10-17 14:52:00,0.1222821 32.9580365 1217.0 4.3,0.1222821,32.9580365,1217,4.3,Buikwe,Ssi,Maigwe,EKUB1272,Ssemwanga vicent,Male,2005-08-20 00:00:00,20,Youth,Single,No,743034405,754657375,,PLE,I am engaged in income generating activities and have an individual income,Self employment ,0,1,0,,,,,Male,UCE,10,8,No,Farming,300000,,3,No,No,No,Firewood,0,0,1,0,,,,,,,,,"Maize Cocoa, Coffee",1,1,0,0,0,0,0,1,600000,0,Coffee Cocoa Avocado Jackfruit,1,1,0,1,0,1,0,Maize,> 4 years,300,250,"Kiboko, Fresh",1,1,0,0,Lack of access to market Price fluctuations Pests and diseases Lack of or access to knowledge and extension services,1,0,1,1,0,0,1,>4 Years,100,50,"Dry fermented, Fresh",0,1,1,0,0,Pest and diseases,1,0,0,0,0,0,0,,,,,,,,,,,,,,,,,,>4 Years,4,2,,,,,,,,,,,,,,,,,,,,,,,,,,,,,,>4 Years,2,2,,,,,,,,,,,,,,,,,,,,,,,,,,,,,,,,,No,,No,,None of the above,0,0,0,0,1,Use of integrated methods Spraying with inorganic chemicals,1,0,1,<6 months ,Apply Manure  Mulch Crop rotation and intercropping with legumes,0,0,1,1,1,Personal nursery Fellow local farmers,1,0,0,0,0,0,1,Tarpaulin,1,0,0,0,Bag and keep on the floor in a store,Burning,1,0,0,0,0,,,Yes,<10,Yes,10,No,,,,,0.1222816 32.9580106 1217.0 4.3,0.1222816,32.9580106,1217,4.3,0.1222334 32.9579994 1214.0 1.583;0.1222956 32.9578744 1212.0 1.5;0.1225864 32.9581818 1213.0 1.5;0.12248 32.9582835 1215.0 2.0;0.1222106 32.9579839 1219.0 2.0;0.1222334 32.9579994 1214.0 1.583,,1760703353102.amr,31b80730-49bc-4d86-ba10-074003b81f51,submitted_via_web,ladis00,uuid:31b80730-49bc-4d86-ba10-074003b81f51
Sserunjogi Ladis,2025-10-17 15:24:00,0.1220465 32.955222 1204.0 4.666,0.1220465,32.955222,1204,4.666,Buikwe,Ssi,Maigwe,EKUB1273,Musoke Richard,Male,1977-12-15 00:00:00,48,Adult,Married,No,701220341,,,PLE,I am engaged in income generating activities and have an individual income,Self employment ,0,1,0,,,,,Male,PLE,6,4,No,Farming,120000,,3,No,No,No,Firewood,0,0,1,0,,,,,,,,,"Coffee, Cocoa",1,1,0,0,0,0,0,0,1400000,3000000,Coffee Cocoa Jackfruit Cassava,1,1,0,1,0,0,1,"Sweetpotato, sugar cane,maize,matooke",> 4 years,1000,700,Hulled,0,0,1,0,Pests and diseases Lack of access to quality inputs Price fluctuations,1,1,0,1,0,0,0,>4 Years,200,150,Dry fermented,0,0,1,0,0,"Pest and diseases, Lack of access to quality puts, Lack of or access to knowledge and extension services",1,1,0,0,0,0,1,,,,,,,,,,,,,,,,,,>4 Years,3,3,,,,,,,,,,,,,,,,,,,,,,,,,,,,,,,,,,,,,,,,,,,,,,>4 Years,500,300,,,,,,Pests and diseases,1,0,0,0,0,0,0,0,,,No,,No,,None of the above,0,0,0,0,1,Use of integrated methods,0,0,1,,Purchase and apply organic fertilizers Mulch Crop rotation and intercropping with legumes,0,0,1,0,1,"Fellow local farmers, Local nursery beds",1,0,1,0,0,0,0,Tarpaulin,1,0,0,0,Bag and keep on the floor in a store,Burning,1,0,0,0,0,,,No,,Yes,20,No,,,,,0.1220659 32.9552252 1215.0 4.916,0.1220659,32.9552252,1215,4.916,0.1216976 32.955307 1212.0 6.125;0.1217518 32.9555609 1212.0 1.666;0.1224652 32.9553684 1203.0 1.583;0.1223893 32.955128 1203.0 1.666;0.121683 32.9553017 1211.0 1.6;0.1216976 32.955307 1212.0 6.125,,1760705430598.amr,f7cda36a-0ec2-40e4-bfbb-fc236ff62dd2,submitted_via_web,ladis00,uuid:f7cda36a-0ec2-40e4-bfbb-fc236ff62dd2
Sserunjogi Ladis,2025-10-17 16:58:00,0.121758 32.9476439 1211.0 4.4,0.121758,32.9476439,1211,4.4,Buikwe,Ssi,Maigwe,EKUB1274,Kayizi charles,Male,1969-10-30 00:00:00,56,Adult,Married,No,700660578,,,PLE,I am engaged in income generating activities and have an individual income,Self employment ,0,1,0,,,,,Male,PLE,2,0,,Farming,150000,,3,No,No,No,Firewood,0,0,1,0,,,,,,,,,"Coffee, Cocoa Cassava",1,1,0,0,1,0,0,0,2000000,0,"Coffee, Cassava Cocoa",1,1,0,0,0,0,1,,1- 4 years,450,400,Hulled,0,0,1,0,Pests and diseases Price fluctuations Lack of access to quality inputs,1,1,0,1,0,0,0,1 - 4 Years,50,0,Dry fermented,0,0,1,0,0,Lack of access to market Pest and diseases Lack of or access to knowledge and extension services,1,0,1,0,0,0,1,,,,,,,,,,,,,,,,,,,,,,,,,,,,,,,,,,,,,,,,,,,,,,,,,,,,,,,,,,,,,,,,,,>4 Years,50,50,,,,,,,,,,,,,,,,,No,,No,,None of the above,0,0,0,0,1,Spraying with inorganic chemicals Use of integrated methods,1,0,1,6-12 months,Apply Manure  Mulch Crop rotation and intercropping with legumes,0,0,0,0,1,Fellow local farmers,1,0,0,0,0,0,0,Tarpaulin,1,0,0,0,Bag and keep on the floor in a store,Dump at a heap around the farm,0,0,0,1,0,,,Yes,10-50,Yes,30,No,,,,,,,,,,0.1218111 32.9479915 1222.0 1.5;0.1215454 32.9472683 1220.0 1.5;0.1210002 32.9477091 1216.0 1.5;0.1212337 32.9481208 1222.0 1.5;0.1218288 32.9480017 1209.0 1.5;0.1218111 32.9479915 1222.0 1.5,,1760711055400.amr,99ad6ded-37d9-4dc1-8655-a4188ede8bbf,submitted_via_web,ladis00,uuid:99ad6ded-37d9-4dc1-8655-a4188ede8bbf
Bukenya Denis Stanley,2025-10-17 13:26:00,0.1232048 32.957397 1191.2 4.96,0.1232048,32.957397,1191.2,4.96,Buikwe,Ssi,Mayugwe,EKUB1275,Edward Sseviili,Male,1975-05-12 00:00:00,51,Adult,Married,No,787033032,752835696,,PLE,I am engaged in income generating activities and have an individual income,Self employment ,0,1,0,,,,,Male,PLE,4,2,Yes,Farming,150000,,3,No,No,No,Firewood,0,0,1,60000,,,,,,,,,"Coffee, Cocoa Vanilla Maize Beans",1,1,1,0,0,0,1,1,3000000,2000000,Coffee Cocoa Vanilla,1,1,1,0,0,0,0,"Matooke, Gonja,  sugarcane ",> 4 years,500,500,"Fresh, Kiboko",1,1,0,0,"Pests and diseases, Lack of access to quality inputs, Price fluctuations, Lack of or access to knowledge and extension services",1,1,0,1,0,0,1,>4 Years,120,120,"Pods, Dry fermented",1,0,1,0,0,"Pest and diseases, Lack of access to quality puts Price fluctuations Lack of or access to knowledge and extension services",1,1,0,1,0,0,1,,>4 years,25,25,Fresh,1,0,0,"Price fluctuations, Lack of access to knowledge and extension services Post harvest losses",0,0,0,1,1,0,1,,,,,,,,,,,,,,,,,,,,,,,,,,,,,,,,,,,,,,,,,,,,,,,,,,,,,,,,,,,,,,,,,,,,,Yes,,No,,None of the above,0,0,0,0,1,Use of integrated methods,0,0,1,,Apply Manure  Crop rotation and intercropping with legumes,0,0,1,1,1,"Fellow local farmers, Local agro-inputs shops, Government research institutions",1,1,0,0,1,0,0,Tarpaulin Bare ground,1,1,0,0,Bag and keep on the floor in a store,Burning Dump in a pit,1,1,0,0,0,,,Yes,10-50,No,,Yes,Write in a book,1,0,0,0.1231601 32.9573711 1184.0 5.24,0.1231601,32.9573711,1184,5.24,0.1234525 32.9576192 1204.0 2.04; 0.12313 32.9573357 1204.1 1.866; 0.1234278 32.9569442 1205.6 1.916; 0.1237761 32.9569836 1201.8 1.86; 0.1238279 32.9570102 1200.8 1.86; 0.1234525 32.9576192 1204.0 2.04,,1760697542716.amr,337d1c53-24e8-4c5b-b8eb-d0e757ddc601,submitted_via_web,denis_1,uuid:337d1c53-24e8-4c5b-b8eb-d0e757ddc601
Bukenya Denis Stanley,2025-10-17 13:39:00,0.1239255 32.9570405 1200.8 4.72,0.1239255,32.9570405,1200.8,4.72,Buikwe,Ssi,Mayugwe,EKUB1276,Nabweteme Oliver,Female,1974-12-10 00:00:00,51,Adult,Married,No,756325048,,,,I am engaged in income generating activities and have an individual income,Self employment ,0,1,0,,,,,Male,PLE,4,2,Yes,Farming,90000,,3,No,No,No,Firewood,0,0,1,60000,,,,,,,,,"Coffee, Cocoa Vanilla Maize Beans Cassava",1,1,1,0,1,0,1,1,2000000,1500000,Coffee Vanilla Cocoa,1,1,1,0,0,0,0,"Matooke, Sugarcane ",> 4 years,550,550,"Fresh, Kiboko",1,1,0,0,"Pests and diseases, Lack of access to quality inputs, Price fluctuations, Lack of or access to knowledge and extension services",1,1,0,1,0,0,1,>4 Years,75,75,"Pods, Dry fermented",1,0,1,0,0,"Pest and diseases, Lack of access to quality puts Post harvest losses Price fluctuations Lack of or access to knowledge and extension services",1,1,0,1,1,0,1,,>4 years,70,70,Fresh,1,0,0,"Pests and diseases, Lack of access to quality puts Post harvest losses Price fluctuations, Lack of access to knowledge and extension services",1,1,0,1,1,0,1,,,,,,,,,,,,,,,,,,,,,,,,,,,,,,,,,,,,,,,,,,,,,,,,,,,,,,,,,,,,,,,,,,,,,Yes,,No,,None of the above,0,0,0,0,1,Use of integrated methods,0,0,1,,Apply Manure  Crop rotation and intercropping with legumes,0,0,1,1,1,"Fellow local farmers, Local agro-inputs shops, Government research institutions",1,1,0,0,1,0,0,Tarpaulin Bare ground,1,1,0,0,Bag and keep on the floor in a store,Burning Dump in a pit,1,1,0,0,0,,,No,,No,,Yes,Write in a book,1,0,0,0.1239572 32.9570475 1200.5 4.22,0.1239572,32.9570475,1200.5,4.22,0.1239957 32.9569947 1201.9 2.683; 0.1243554 32.9574846 1201.1 2.0; 0.1241963 32.9578086 1204.9 2.1; 0.1239628 32.9577608 1213.9 2.133; 0.1237899 32.9578364 1211.2 2.116; 0.1235284 32.9576891 1222.8 1.92; 0.1239957 32.9569947 1201.9 2.683,,1760697987430.amr,3d3a5a74-a3f5-454d-8c86-e816f0aac9d2,submitted_via_web,denis_1,uuid:3d3a5a74-a3f5-454d-8c86-e816f0aac9d2
Bukenya Denis Stanley,2025-10-17 13:47:00,0.1235117 32.9576997 1223.6 4.35,0.1235117,32.9576997,1223.6,4.35,Buikwe,Ssi,Mayugwe,EKUB1277,Mukasa Levi,Male,1990-12-01 00:00:00,35,Youth,Married,Yes,757317161,,,UCE,I am engaged in income generating activities and have an individual income,Self employment ,0,1,0,,,,,Male,UCE,4,2,Yes,Farming,250000,,3,No,No,No,Firewood,0,0,1,50000,,,,,,,,,"Coffee, Cocoa, Beans, Maize Cassava Avocado Jackfruit",1,1,0,1,1,1,1,1,3000000,2000000,Coffee Cocoa,1,1,0,0,0,0,0,"Matooke, sugarcane ",> 4 years,900,850,"Fresh, Kiboko",1,1,0,0,"Pests and diseases, Lack of access to quality inputs, Price fluctuations, Lack of or access to knowledge and extension services",1,1,0,1,0,0,1,>4 Years,250,250,"Pods, Dry fermented",1,0,1,0,0,Pest and diseases Post harvest losses Price fluctuations Lack of or access to knowledge and extension services,1,0,0,1,1,0,1,,,,,,,,,,,,,,,,,,,,,,,,,,,,,,,,,,,,,,,,,,,,,,,,,,,,,,,,,,,,,,,,,,,,,,,,,,,,,,,,,,,,,Yes,,No,,None of the above,0,0,0,0,1,Use of integrated methods,0,0,1,,Apply Manure  Crop rotation and intercropping with legumes,0,0,1,1,1,"Fellow local farmers, Local agro-inputs shops, Government research institutions",1,1,0,0,1,0,0,Tarpaulin Bare ground,1,1,0,0,Bag and keep on the floor in a store,Burning Dump in a pit,1,1,0,0,0,,,Yes,<10,No,,Yes,Write in a book,1,0,0,0.1235065 32.9576953 1222.3 3.84,0.1235065,32.9576953,1222.3,3.84,0.1231947 32.9572153 1211.2 1.66; 0.1238246 32.9563447 1199.2 1.65; 0.1234159 32.9561874 1199.5 1.716; 0.1229719 32.95696 1216.7 1.58; 0.1231947 32.9572153 1211.2 1.66,,1760698892641.amr,06b850a6-cc74-45ab-96d1-631b6a913efe,submitted_via_web,denis_1,uuid:06b850a6-cc74-45ab-96d1-631b6a913efe
Bukenya Denis Stanley,2025-10-17 14:01:00,0.1223292 32.9568218 1213.1 3.52,0.1223292,32.9568218,1213.1,3.52,Buikwe,Ssi,Mayugwe,EKUB1278,Ssekibaala Richard,Male,1988-10-17 00:00:00,37,Adult,Married,Yes,750745860,,,UCE,I am engaged in income generating activities and have an individual income,Self employment ,0,1,0,,,,,Male,UCE,6,4,Yes,Farming,170000,,3,No,No,No,Firewood,0,0,1,75000,,,,,,,,,"Coffee, Cocoa Vanilla Maize Beans Cassava",1,1,1,0,1,0,1,1,4000000,2000000,Coffee Cocoa Vanilla,1,1,1,0,0,0,0,"Matooke, sugarcane,  gonja",> 4 years,600,600,"Fresh, Kiboko",1,1,0,0,"Pests and diseases, Lack of access to quality inputs, Price fluctuations, Lack of or access to knowledge and extension services",1,1,0,1,0,0,1,>4 Years,250,250,"Pods, Dry fermented",1,0,1,0,0,"Pest and diseases, Lack of access to quality puts Price fluctuations Lack of or access to knowledge and extension services",1,1,0,1,0,0,1,,>4 years,150,150,Fresh,1,0,0,"Pests and diseases, Lack of access to quality puts Lack of access to knowledge and extension services, Price fluctuations Post harvest losses",1,1,0,1,1,0,1,,,,,,,,,,,,,,,,,,,,,,,,,,,,,,,,,,,,,,,,,,,,,,,,,,,,,,,,,,,,,,,,,,,,,Yes,,No,,None of the above,0,0,0,0,1,Use of integrated methods,0,0,1,,Crop rotation and intercropping with legumes Apply Manure ,0,0,1,1,1,"Fellow local farmers, Local agro-inputs shops, Government research institutions",1,1,0,0,1,0,0,Tarpaulin Bare ground,1,1,0,0,Bag and keep on the floor in a store,Burning Dump in a pit,1,1,0,0,0,,,Yes,10-50,No,,Yes,Write in a book,1,0,0,0.122315 32.9568189 1212.5 3.62,0.122315,32.9568189,1212.5,3.62,0.1222827 32.956788 1214.0 1.85; 0.1223733 32.9568796 1214.3 1.88; 0.122655 32.9566855 1212.7 1.92; 0.1225541 32.9565527 1208.0 1.9; 0.1222827 32.956788 1214.0 1.85,,1760699232008.amr,42f004c1-34b6-4b9f-804c-be0cf4c00f3e,submitted_via_web,denis_1,uuid:42f004c1-34b6-4b9f-804c-be0cf4c00f3e
Bukenya Denis Stanley,2025-10-17 14:07:00,0.1225382 32.9565353 1209.2 2.65,0.1225382,32.9565353,1209.2,2.65,Buikwe,Ssi,Mayugwe,EKUB1279,Nalwanga Allen,Female,1998-12-07 00:00:00,27,Youth,Married,No,750745860,,,PLE,I am engaged in income generating activities and have an individual income,Self employment ,0,1,0,,,,,Male,PLE,4,2,Yes,Farming,150000,,3,No,No,No,Firewood,0,0,1,60000,,,,,,,,,"Coffee, Cocoa, Vanilla, Cassava, Avocado Beans Maize Jackfruit",1,1,1,1,1,1,1,1,2000000,1500000,Coffee Cocoa,1,1,0,0,0,0,0,"Maize, Matooke,  sugarcane ",> 4 years,200,200,"Fresh, Kiboko",1,1,0,0,"Pests and diseases, Lack of access to quality inputs, Price fluctuations, Lack of or access to knowledge and extension services",1,1,0,1,0,0,1,>4 Years,100,100,"Pods, Dry fermented",1,0,1,0,0,"Pest and diseases, Lack of access to quality puts Post harvest losses Price fluctuations Lack of or access to knowledge and extension services",1,1,0,1,1,0,1,,,,,,,,,,,,,,,,,,,,,,,,,,,,,,,,,,,,,,,,,,,,,,,,,,,,,,,,,,,,,,,,,,,,,,,,,,,,,,,,,,,,,Yes,,No,,None of the above,0,0,0,0,1,Use of integrated methods,0,0,1,,Apply Manure  Crop rotation and intercropping with legumes,0,0,1,1,1,"Fellow local farmers, Local agro-inputs shops, Personal nursery Government research institutions",1,1,0,0,1,0,1,Tarpaulin Bare ground,1,1,0,0,Bag and keep on the floor in a store,Burning Dump in a pit,1,1,0,0,0,,,Yes,<10,No,,Yes,Write in a book,1,0,0,0.1225148 32.9565454 1209.3 4.66,0.1225148,32.9565454,1209.3,4.66,0.1225039 32.9565551 1209.3 2.44; 0.1224332 32.9564044 1207.8 1.866; 0.1221845 32.9566147 1210.8 1.766; 0.1222673 32.9567355 1213.7 1.7; 0.1225039 32.9565551 1209.3 2.44,,1760699603949.amr,93bb7e10-4833-4d71-806e-db4d2b974eeb,submitted_via_web,denis_1,uuid:93bb7e10-4833-4d71-806e-db4d2b974eeb
Bukenya Denis Stanley,2025-10-17 14:39:00,0.1229388 32.9570649 1206.7 4.12,0.1229388,32.9570649,1206.7,4.12,Buikwe,Ssi,Mayugwe,EKUB1280,Luyima Joseph,Male,1985-12-15 00:00:00,40,Adult,Divorced,No,757317161,,,UCE,I am engaged in income generating activities and have an individual income,Self employment ,0,1,0,,,,,Male,UCE,2,1,Yes,Farming,150000,,3,No,No,No,Firewood,0,0,1,30000,,,,,,,,,"Coffee, Cocoa, Jackfruit, Cassava, Avocado, Beans, Maize",1,1,0,1,1,1,1,1,2000000,1500000,Coffee Cocoa,1,1,0,0,0,0,0,"Matooke, sugarcane ",> 4 years,300,300,"Fresh, Kiboko",1,1,0,0,"Pests and diseases, Lack of access to quality inputs, Price fluctuations, Lack of or access to knowledge and extension services",1,1,0,1,0,0,1,>4 Years,100,100,"Pods, Dry fermented",1,0,1,0,0,"Pest and diseases, Lack of access to quality puts Price fluctuations Lack of or access to knowledge and extension services",1,1,0,1,0,0,1,,,,,,,,,,,,,,,,,,,,,,,,,,,,,,,,,,,,,,,,,,,,,,,,,,,,,,,,,,,,,,,,,,,,,,,,,,,,,,,,,,,,,Yes,,No,,None of the above,0,0,0,0,1,Use of integrated methods,0,0,1,,Crop rotation and intercropping with legumes Apply Manure ,0,0,1,1,1,"Fellow local farmers, Local agro-inputs shops",1,1,0,0,0,0,0,Tarpaulin Bare ground,1,1,0,0,Bag and keep on the floor in a store,Burning Dump in a pit,1,1,0,0,0,,,Yes,<10,No,,Yes,Write in a book,1,0,0,0.122894 32.9572686 1206.1 2.86,0.122894,32.9572686,1206.1,2.86,0.1229051 32.9572913 1207.3 1.72; 0.122656 32.9575105 1217.9 1.7; 0.122908 32.9578093 1223.9 1.65; 0.1231984 32.9575174 1214.7 1.68; 0.1229051 32.9572913 1207.3 1.72,,1760701630750.amr,182038f4-abc0-464f-be48-e1d23f98ee8b,submitted_via_web,denis_1,uuid:182038f4-abc0-464f-be48-e1d23f98ee8b
Bukenya Denis Stanley,2025-10-17 15:48:00,0.1279223 32.9606612 1186.1 4.86,0.1279223,32.9606612,1186.1,4.86,Buikwe,Ssi,Mayugwe,EKUB1281,Nabirye Florence,Female,1985-04-15 00:00:00,41,Adult,Married,No,741129715,,,PLE,I am engaged in income generating activities and have an individual income,Self employment ,0,1,0,,,,,Female,PLE,7,5,Yes,Farming,70000,,3,No,No,No,Firewood,0,0,1,80000,,,,,,,,,"Coffee, Cocoa, Maize, Beans, Cassava",1,1,0,0,1,0,1,1,1000000,800000,Coffee Cocoa,1,1,0,0,0,0,0,"Sugarcane,  Matooke,  gonja",> 4 years,200,200,Fresh,1,0,0,0,"Pests and diseases, Lack of access to quality inputs, Price fluctuations, Lack of or access to knowledge and extension services",1,1,0,1,0,0,1,>4 Years,120,120,"Pods, Dry fermented",1,0,1,0,0,Pest and diseases Post harvest losses Price fluctuations Lack of or access to knowledge and extension services,1,0,0,1,1,0,1,,,,,,,,,,,,,,,,,,,,,,,,,,,,,,,,,,,,,,,,,,,,,,,,,,,,,,,,,,,,,,,,,,,,,,,,,,,,,,,,,,,,,No,,No,,None of the above,0,0,0,0,1,Use of integrated methods,0,0,1,,Apply Manure  Crop rotation and intercropping with legumes,0,0,1,1,1,"Fellow local farmers, Local agro-inputs shops",1,1,0,0,0,0,0,Tarpaulin Bare ground,1,1,0,0,Bag and keep on the floor in a store,Burning Dump in a pit,1,1,0,0,0,,,No,,No,,Yes,Write in a book,1,0,0,0.1279423 32.9606681 1186.4 4.96,0.1279423,32.9606681,1186.4,4.96,0.1279243 32.9607229 1215.2 1.8; 0.1279114 32.9608857 1211.7 1.866; 0.127881 32.9609999 1208.3 1.833; 0.1276388 32.9610562 1209.3 1.9; 0.1276152 32.9608704 1207.7 1.8; 0.1279243 32.9607229 1215.2 1.8,,1760706460216.amr,14177808-5ac2-47a7-8432-e53a43a4594c,submitted_via_web,denis_1,uuid:14177808-5ac2-47a7-8432-e53a43a4594c
Bukenya Denis Stanley,2025-10-17 16:07:00,0.1275634 32.9608514 1209.9 3.28,0.1275634,32.9608514,1209.9,3.28,Buikwe,Ssi,Mayugwe,EKUB1282,Ssesanga Ronald,Male,1983-10-20 00:00:00,42,Adult,Married,No,754914531,,,PLE,I am engaged in income generating activities and have an individual income,Self employment ,0,1,0,,,,,Male,PLE,7,5,Yes,Farming,130000,,3,No,No,No,Firewood,0,0,1,85000,,,,,,,,,"Coffee, Cocoa Vanilla Maize Beans Cassava Avocado Jackfruit",1,1,1,1,1,1,1,1,1600000,1500000,Coffee Cocoa Vanilla,1,1,1,0,0,0,0,"Sugarcane,  Matooke ",> 4 years,230,200,"Fresh, Kiboko",1,1,0,0,"Pests and diseases, Lack of access to quality inputs, Price fluctuations, Lack of or access to knowledge and extension services",1,1,0,1,0,0,1,>4 Years,270,200,"Pods, Dry fermented",1,0,1,0,0,"Pest and diseases, Lack of access to quality puts Price fluctuations Post harvest losses Lack of or access to knowledge and extension services",1,1,0,1,1,0,1,,>4 years,45,45,Fresh,1,0,0,"Pests and diseases, Lack of access to quality puts Post harvest losses Price fluctuations, Lack of access to knowledge and extension services",1,1,0,1,1,0,1,,,,,,,,,,,,,,,,,,,,,,,,,,,,,,,,,,,,,,,,,,,,,,,,,,,,,,,,,,,,,,,,,,,,,No,,No,,None of the above,0,0,0,0,1,Use of integrated methods,0,0,1,,Apply Manure  Crop rotation and intercropping with legumes,0,0,1,1,1,"Fellow local farmers, Local agro-inputs shops, Personal nursery",1,1,0,0,0,0,1,Tarpaulin Bare ground,1,1,0,0,Bag and keep on the floor in a store,Burning Dump in a pit,1,1,0,0,0,,,No,,No,,Yes,Write in a book,1,0,0,0.1276058 32.9608384 1210.2 4.46,0.1276058,32.9608384,1210.2,4.46,0.12756 32.9608478 1210.1 2.3; 0.1275005 32.9607737 1207.1 1.62; 0.1279266 32.9605235 1203.6 1.616; 0.1280037 32.9606141 1199.2 1.6; 0.1278272 32.9606606 1201.2 1.883; 0.1278139 32.9607072 1202.5 1.9; 0.12756 32.9608478 1210.1 2.3,,1760706818943.amr,4efa0bed-b802-4693-ab2f-5dc33ab8790d,submitted_via_web,denis_1,uuid:4efa0bed-b802-4693-ab2f-5dc33ab8790d
